Workbook

Sheet Boss
A1: id | B1: phan_loai | C1: ten_en | D1: ten_vi | E1: ten_ngan_vi | F1: lop | G1: nhanh | H1: ke_thua_tu | I1: base_cp | J1: mau_hp | K1: mau_trong_tran_hp | L1: giap_truoc | M1: giap_hong | N1: giap_sau | O1: giap_noc | P1: cong_trinh | Q1: toc_do_m_s | R1: xoay_than_deg_s | S1: xoay_thap_deg_s | T1: tam_nhin_m | U1: ban_kinh_m | V1: dai_m | W1: rong_m | X1: bay | Y1: do_cao_m | Z1: dung_yen | AA1: ban_khi_chay | AB1: toc_do_chiem | AC1: tha_du_s | AD1: he_so_sat_thuong_ra | AE1: vu_khi_chinh | AF1: vu_khi_phu | AG1: noi_tai | AH1: tu_ve | AI1: so_lan_tu_ve | AJ1: hoi_tu_ve_s | AK1: mo_hinh | AL1: so_voi_ban_goc | AM1: base_cp_truoc | AN1: base_cp_sau | AO1: mau_hp_truoc | AP1: mau_hp_sau | AQ1: giap_truoc_truoc | AR1: giap_truoc_sau | AS1: giap_hong_truoc | AT1: giap_hong_sau | AU1: giap_sau_truoc | AV1: giap_sau_sau | AW1: giap_noc_truoc | AX1: giap_noc_sau | AY1: toc_do_m_s_truoc | AZ1: toc_do_m_s_sau | BA1: tam_nhin_m_truoc | BB1: tam_nhin_m_sau | BC1: vu_khi_chinh_truoc | BD1: vu_khi_chinh_sau | BE1: vu_khi_phu_truoc | BF1: vu_khi_phu_sau | BG1: he_so_sat_thuong_ra_truoc | BH1: he_so_sat_thuong_ra_sau | BI1: khung | BJ1: kieu_duong_di | BK1: tuong | BL1: bien_the_cua | BM1: so_be | BN1: so_nong | BO1: sieu_vu_khi | BP1: sieu_vu_khi_chu_ky_s | BQ1: sieu_vu_khi_cach_nham | BR1: ho_tong | BS1: chuong | BT1: nhiem_vu | BU1: thoi_gian_ha_muc_tieu_s | BV1: air | BW1: altitude_m | BX1: arena | BY1: armour | BZ1: armour_front | CA1: armour_rear | CB1: armour_side | CC1: armour_top | CD1: big_attack | CE1: big_attack_scale_cooldown_s | CF1: big_attack_scale_damage | CG1: big_attack_scale_warn_s | CH1: boss | CI1: burrow_damage | CJ1: burrow_dive_s | CK1: burrow_exposed_s | CL1: burrow_exposed_taken | CM1: burrow_first | CN1: burrow_radius_m | CO1: burrow_speed_m_s | CP1: burrow_stop_phase | CQ1: burrow_stun_s | CR1: burrow_surface | CS1: burrow_surface_by_phase | CT1: burrow_under | CU1: burrow_under_by_phase | CV1: burrow_warn_s | CW1: capture_rate | CX1: cp | CY1: craft | CZ1: craft_carries | DA1: craft_every_s | DB1: craft_first | DC1: craft_max | DD1: craft_per | DE1: craft_phase | DF1: craft_unit | DG1: cruise_damage | DH1: cruise_every_s | DI1: cruise_final | DJ1: cruise_first | DK1: cruise_impact_tier | DL1: cruise_phase | DM1: cruise_radius_m | DN1: cruise_warn_s | DO1: cruise_warning | DP1: cruise_weapon | DQ1: crush_armour_cut | DR1: crush_dps | DS1: crush_min_speed | DT1: crush_reach_m | DU1: crush_structure | DV1: death_explosion_damage | DW1: death_explosion_delay_s | DX1: death_explosion_radius_m | DY1: death_explosion_tier | DZ1: drop_parts | EA1: duel_escorts | EB1: factory_cap | EC1: factory_doors | ED1: factory_every_s | EE1: factory_first | EF1: factory_grow | EG1: factory_max | EH1: factory_min | EI1: factory_units | EJ1: fire_trail_dps | EK1: fire_trail_every_s | EL1: fire_trail_radius_m | EM1: fire_trail_seconds_s | EN1: fires_while_moving | EO1: flying | EP1: frame | EQ1: general | ER1: guard | ES1: guard_count | ET1: guard_damage | EU1: guard_every_s | EV1: guard_pad_m | EW1: guard_radius_m | EX1: holds_to_fire | EY1: hp | EZ1: landing_every_s | FA1: landing_first | FB1: landing_landings | FC1: landing_max | FD1: landing_min | FE1: landing_ramp | FF1: landing_stop | FG1: landing_units | FH1: length_m | FI1: livery | FJ1: main_aim | FK1: main_model | FL1: main_slot | FM1: mines_damage | FN1: mines_interval_s | FO1: mines_life | FP1: mines_max | FQ1: mines_radius_m | FR1: mines_tier | FS1: mines_trigger | FT1: mines_turn_strip | FU1: model | FV1: model_size_height_m | FW1: model_size_length_m | FX1: model_size_width_m | FY1: mount_weapons_0 | FZ1: mount_weapons_1 | GA1: mount_weapons_10 | GB1: mount_weapons_2 | GC1: mount_weapons_3 | GD1: mount_weapons_4 | GE1: mount_weapons_5 | GF1: mount_weapons_6 | GG1: mount_weapons_7 | GH1: mount_weapons_8 | GI1: mount_weapons_9 | GJ1: naval_escape_phase | GK1: naval_escape_speed_m_s | GL1: naval_lanes | GM1: naval_role | GN1: outgoing_damage_mult | GO1: paint | GP1: paint_finish | GQ1: part_lock | GR1: part_lock_count | GS1: part_lock_kind | GT1: pods | GU1: pods_count | GV1: pods_damage | GW1: pods_every_by_phase | GX1: pods_every_s | GY1: pods_fall | GZ1: pods_first | HA1: pods_max | HB1: pods_min | HC1: pods_offset_m | HD1: pods_per_pod | HE1: pods_radius_m | HF1: pods_spread | HG1: pods_stun_s | HH1: pods_tiers | HI1: pods_unit | HJ1: pods_units | HK1: pods_warning | HL1: radio_spawn | HM1: radius_m | HN1: rank | HO1: route | HP1: salvo | HQ1: salvo_blind_scatter | HR1: salvo_damage | HS1: salvo_edge_m | HT1: salvo_every_s | HU1: salvo_first | HV1: salvo_radius_m | HW1: salvo_range_m | HX1: salvo_shells | HY1: salvo_spread | HZ1: salvo_sweep | IA1: salvo_warn_s | IB1: salvo_weapon | IC1: scale | ID1: scoot_max | IE1: scoot_min | IF1: scoot_shots | IG1: size | IH1: skills | II1: speed_m_s | IJ1: spot_aura | IK1: stealth | IL1: tiers_armour_belly | IM1: tiers_armour_grounded | IN1: tiers_armour_hull | IO1: tiers_crash | IP1: tiers_crash_at | IQ1: tiers_crash_damage | IR1: tiers_crash_debris | IS1: tiers_crash_debris_at | IT1: tiers_crash_fall | IU1: tiers_crash_form | IV1: tiers_crash_guns | IW1: tiers_crash_radius_m | IX1: tiers_crash_warning | IY1: tiers_descend_m_s | IZ1: tiers_halt_phase | JA1: tiers_heights_high | JB1: tiers_heights_low | JC1: tiers_heights_orbit | JD1: tiers_hijack | JE1: tiers_hijack_difficulties | JF1: tiers_hijack_every_s | JG1: tiers_hijack_first | JH1: tiers_hijack_seconds_s | JI1: tiers_hijack_warn_s | JJ1: tiers_marks | JK1: tiers_opening | JL1: tiers_radio_appear | JM1: tiers_radio_crash | JN1: tiers_radio_descend_m_s | JO1: tiers_radio_down | JP1: tiers_radio_hijack | JQ1: tiers_radio_hijack_warn | JR1: tiers_radio_phase2 | JS1: tiers_radio_phase3 | JT1: tiers_shift | JU1: turn_rate_deg_s | JV1: turret_turn_rate_deg_s | JW1: variant_drop | JX1: variant_keep | JY1: variant_mark | JZ1: variant_name | KA1: variant_of | KB1: variant_size | KC1: variant_tint_b | KD1: variant_tint_g | KE1: variant_tint_r | KF1: vision_m | KG1: wake | KH1: wake_mounts | KI1: wake_phase | KJ1: weapon | KK1: weapon_damage | KL1: width_m | KM1: nguon | KN1: raw_json
A2: argus | B2: mini | C2: Argus · Scout Airship | D2: Argus · Khí cầu trinh sát | E2: Argus | I2: 0 | J2: 94850 | K2: 80622.5 | L2: 2 | M2: 2 | N2: 2 | O2: 2 | P2: FALSE | Q2: 4.5 | R2: 8 | S2: 90 | T2: 80 | U2: 18 | X2: TRUE | Y2: 30 | Z2: FALSE | AA2: TRUE | AB2: 0 | AC2: 3.5 | AD2: 1.7892 | AE2: p26_roc_main_roc_bombs | AF2: p26_roc_main_roc_bombs | AH2: none | AK2: argus | AL2: doi | BG2: 1 | BH2: 1.7892 | BI2: aircraft | BJ2: aircraft | BK2: quaden | BL2: command_airship | BM2: 2 | BN2: 2 | BR2: FALSE | BS2: 10 | BT2: c10s2 | BU2: tuan:66;day_du:60 | EQ2: quaden | EY2: 94850 | GO2: #5d6a75 | GP2: 0.35;0.45 | HL2: radio.quaden.argus | IJ2: 0.5 | JX2: radar;engine_fl;engine_fr | JY2: argus | KA2: command_airship | KB2: 0.4375 | KC2: 0.8 | KD2: 0.9 | KE2: 0.92 | KK2: 1.44 | KM2: Assets/MachineBrigade/Resources/Data/balance.json: vehicles[169] | KN2: {"id":"argus","paint":"#5d6a75","paintFinish":[0.35,0.45],"wake":null,"variantOf":"command_airship","general":"quaden","radioSpawn":"radio.quaden.argus","hp":94850,"weaponDamage":1.44,"partLock":null,"spotAura":0.5,"skills":[],"variant":{"size":0.4375,"keep":["radar","engine_fl","engine_fr"],"tint":[0.92,0.9,0.8],"mark":"argus","tune":{"radar":{"hp":0.14,"stops":["spotaura"],"radio":"radio.part.radar","breakDamage":0.3},"engine_fl":{"hp":0.1,"breakDamage":0.3},"engine_fr":{"hp":0.1,"breakDamage":0.3}}}}
A3: armored_train | B3: mini | C3: Juggernaut · Armoured Train | D3: Juggernaut · Đoàn tàu bọc thép | E3: Juggernaut | I3: 0 | J3: 37750 | K3: 32087.5 | L3: 4 | M3: 3 | N3: 3 | O3: 2 | P3: FALSE | Q3: 0.32 | R3: 30 | S3: 45 | T3: 50 | U3: 3.6 | V3: 56.557 | W3: 3.91 | X3: FALSE | Y3: 0 | Z3: FALSE | AA3: TRUE | AB3: 0 | AC3: 3.5 | AD3: 0.8319 | AE3: train_gun | AF3: pt14_train_grad;boss_hmg;boss_flak;train_gun;boss_flak | AG3: train_patch | AH3: none | AK3: armored_train | AL3: doi | BE3: boss_rockets;boss_hmg;boss_flak;train_gun;boss_flak | BF3: pt14_train_grad;boss_hmg;boss_flak;train_gun;boss_flak | BG3: 1 | BH3: 0.8319 | BI3: train | BJ3: rail | BK3: kessler | BM3: 6 | BN3: 6 | BR3: TRUE | BS3: 4;7 | BT3: c4m05;c7m05 | BU3: tuan:66;day_du:60 | BX3: ironport | BZ3: 4 | CA3: 3 | CB3: 3 | CC3: 2 | CH3: TRUE | CW3: 0 | CX3: 0 | DV3: 380 | DW3: 2.6 | DX3: 16 | DY3: Ultimate | DZ3: mortar_car | EN3: TRUE | EP3: train | EQ3: kessler | EY3: 37750 | FH3: 49.18 | GN3: 0.8319 | GO3: #3f5a3c | GP3: 0.3;0.55 | HL3: radio.kessler.juggernaut | HM3: 3.6 | HN3: mini | HO3: rail | IC3: 1.15 | IG3: 0.85 | IH3: train_patch | II3: 0.32 | JU3: 30 | JV3: 45 | KF3: 50 | KJ3: train_gun | KK3: 1.859 | KL3: 3.4 | KM3: Assets/MachineBrigade/Resources/Data/balance.json: vehicles[140] | KN3: {"id":"armored_train","paint":"#3f5a3c","paintFinish":[0.3,0.55],"outgoingDamageMult":0.8319,"weaponDamage":1.859,"frame":"train","arena":"ironport","route":"rail","rank":"mini","general":"kessler","size":0.85,"dropParts":["mortar_car"],"radioSpawn":"radio.kessler.juggernaut","scale":1.15,"armour":[4,3,3,2],"hp":37750,"speed":0.32,"turnRate":30,"turretTurnRate":45,"radius":3.6,"length":49.18,"width":3.4,"cp":0,"vision":50,"firesWhileMoving":true,"weapon":"train_gun","captureRate":0,"boss":true,"skills":["train_patch"],"secondary":[{"weapon":"pt14_train_grad","slot":"rocket","aim":"Free"},{"weapon":"boss_hmg","slot":"mg","aim":"Free"},{"weapon":"boss_flak","slot":"mg","aim":"Free"},{"weapon":"train_gun","slot":"main","aim":"Free"},{"weapon":"train_mortar","slot":"mortar","aim":"Free"},{"weapon":"boss_flak","slot":"mg","aim":"Free"}],"parts":[{"id":"locomotive","kind":"locomotive","hp":0.12,"armour":4,"wreck":"wreck_stump","at":[0,14.67,2.5],"radius":3.5,"speed":0.5,"radio":"radio.part.locomotive"},{"id":"gun_car_front","kind":"maingun","hp":0.12,"armour":3,"node":"Main_cannon|Muzzle_brake","wreck":"wreck_barrel","at":[0,3.97,3.7],"radius":3.0,"mounts":[0],"radio":"radio.part.maingun"},{"id":"gun_car_rear","kind":"maingun","hp":0.12,"armour":3,"wreck":"wreck_stump","at":[0,9.17,3],"radius":2.5,"mounts":[4]},{"id":"rocket_car","kind":"rockets","hp":0.1,"armour":2,"node":"Mount_rocket","wreck":"wreck_launcher","at":[0,-1.13,3],"radius":2.2,"mounts":[1]},{"id":"flak_car","kind":"flak","hp":0.1,"armour":2,"wreck":"wreck_stump","at":[0,0.82,3.2],"radius":2.0,"mounts":[3]},{"id":"mortar_car","kind":"mortar","hp":0.1,"armour":2,"node":"Part_mortar","wreck":"wreck_launcher","at":[0,-5.33,2.6],"radius":2.4,"mounts":[5]}],"deathExplosion":{"damage":380,"radius":16,"delay":2.6,"tier":"Ultimate"}}
A4: bastion_mk0 | B4: mini | C4: Bastion Mk.0 · Prototype Fortress | D4: Bastion Mk.0 · Pháo đài nguyên mẫu | E4: Bastion Mk.0 | I4: 0 | J4: 19250 | K4: 16362.5 | L4: 4 | M4: 4 | N4: 4 | O4: 3 | P4: FALSE | Q4: 1.1 | R4: 18 | S4: 22 | T4: 64 | U4: 7.5 | V4: 19.884 | W4: 10.92 | X4: FALSE | Y4: 0 | Z4: FALSE | AA4: TRUE | AB4: 0 | AC4: 3.5 | AD4: 1.4708 | AE4: p26_bastion_sec_b240 | AF4: p26_bastion_direct_b100;p26_bastion_direct_b100 | AG4: train_patch;boss_bulwark;fortress_barrage | AH4: none | AK4: bastion_mk0 | AL4: doi | BG4: 1 | BH4: 1.4708 | BI4: tracked | BJ4: tracked | BK4: brandt | BL4: fortress_bastion | BM4: 3 | BN4: 5 | BR4: FALSE | BS4: 1 | BT4: c1m05 | BU4: tuan:66;day_du:60 | BZ4: 4 | CA4: 4 | CB4: 4 | CC4: 3 | EQ4: brandt | EY4: 19250 | FU4: bastion_mk0 | GN4: 1.4708 | GO4: #7d7766 | GP4: 0.2;0.65 | HL4: radio.brandt.bastion_mk0 | II4: 1.1 | JX4: mortar;turret_fl;turret_fr | JY4: mk0 | JZ4: mk0 | KA4: fortress_bastion | KB4: 0.6 | KC4: 0.72 | KD4: 0.86 | KE4: 0.8 | KK4: 1.51 | KM4: Assets/MachineBrigade/Resources/Data/balance.json: vehicles[163] | KN4: {"id":"bastion_mk0","paint":"#7d7766","paintFinish":[0.2,0.65],"outgoingDamageMult":1.4708,"guard":null,"armour":[4,4,4,3],"variantOf":"fortress_bastion","model":"bastion_mk0","hp":19250,"weaponDamage":1.51,"general":"brandt","radioSpawn":"radio.brandt.bastion_mk0","speed":1.1,"variant":{"size":0.6,"keep":["mortar","turret_fl","turret_fr"],"tint":[0.8,0.86,0.72],"mark":"mk0","name":"mk0","tune":{"mortar":{"hp":0.15,"at":[0,-0.83,9.66]},"turret_fl":{"hp":0.1},"turret_fr":{"hp":0.1}}}}
A5: behemoth | B5: main | C5: Behemoth · Steel Monster | D5: Behemoth · Quái vật thép | E5: Behemoth | I5: 0 | J5: 35787 | K5: 30418.95 | L5: 5 | M5: 3 | N5: 2 | O5: 2 | P5: FALSE | Q5: 2.4 | R5: 25 | S5: 30 | T5: 50 | U5: 6.4 | V5: 15.108 | W5: 7.8 | X5: FALSE | Y5: 0 | Z5: FALSE | AA5: TRUE | AB5: 0 | AC5: 3.5 | AD5: 1 | AE5: p26_behemoth_main_be152 | AF5: p26_behemoth_tiny_be120;p26_behemoth_close_boss_flak;p26_behemoth_close_boss_flak;p26_behemoth_tiny_boss_missiles;p26_behemoth_tiny_boss_missiles;p26_behemoth_tiny_kornet_twin;p26_behemoth_direct_be120;p26_behemoth_direct_be120;p26_behemoth_sec_be_rockets | AG5: boss_rage;boss_bulwark | AH5: aps | AI5: 2 | AJ5: 4 | AK5: behemoth | AL5: doi | AO5: 33550 | AP5: 35787 | BI5: tracked | BJ5: tracked | BK5: varga | BM5: 10 | BN5: 13 | BO5: behemoth_barrage | BP5: 45 | BQ5: group | BR5: TRUE | BS5: 2 | BU5: tuan:168;day_du:150 | BZ5: 5 | CA5: 2 | CB5: 3 | CC5: 2 | CD5: behemoth_barrage | CH5: TRUE | CW5: 0 | CX5: 0 | DV5: 400 | DW5: 2.6 | DX5: 18 | DY5: Ultimate | EN5: TRUE | EP5: tracked | EQ5: varga | ES5: 4 | ET5: 160 | EU5: 5 | EV5: 6 | EW5: 15 | EY5: 35787 | FH5: 12.59 | FY5: p26_behemoth_main_be152 | FZ5: p26_behemoth_tiny_be120 | GB5: p26_behemoth_close_boss_flak | GC5: p26_behemoth_close_boss_flak | GD5: p26_behemoth_tiny_boss_missiles | GE5: p26_behemoth_tiny_boss_missiles | GF5: p26_behemoth_tiny_kornet_twin | GG5: p26_behemoth_direct_be120 | GH5: p26_behemoth_direct_be120 | GI5: p26_behemoth_sec_be_rockets | GO5: #5a6340 | GP5: 0.3;0.55 | HL5: radio.varga.behemoth | HM5: 6.4 | HN5: main | IC5: 1.2 | IG5: 1.5712 | IH5: boss_rage;boss_bulwark | II5: 2.4 | JU5: 25 | JV5: 30 | KF5: 50 | KH5: 9 | KI5: 1 | KJ5: gun_behemoth | KK5: 1 | KL5: 6.5 | KM5: Assets/MachineBrigade/Resources/Data/balance.json: vehicles[138] | KN5: {"id":"behemoth","paint":"#5a6340","paintFinish":[0.3,0.55],"guard":{"radius":15,"count":4,"every":5,"damage":160,"pad":6},"wake":{"phase":1,"mounts":[9]},"mountWeapons":{"0":"p26_behemoth_main_be152","1":"p26_behemoth_tiny_be120","2":"p26_behemoth_close_boss_flak","3":"p26_behemoth_close_boss_flak","4":"p26_behemoth_tiny_boss_missiles","5":"p26_behemoth_tiny_boss_missiles","6":"p26_behemoth_tiny_kornet_twin","7":"p26_behemoth_direct_be120","8":"p26_behemoth_direct_be120","9":"p26_behemoth_sec_be_rockets"},"frame":"tracked","rank":"main","general":"varga","size":1.5712,"radioSpawn":"radio.varga.behemoth","scale":1.2,"armour":[5,3,2,2],"hp":35787,"weaponDamage":1,"speed":2.4,"turnRate":25,"turretTurnRate":30,"radius":6.4,"length":12.59,"width":6.5,"cp":0,"vision":50,"firesWhileMoving":true,"weapon":"gun_behemoth","captureRate":0,"boss":true,"bigAttack":"behemoth_barrage","skills":["boss_rage","boss_bulwark"],"aps":{"radius":11,"charges":2,"recharge":4},"secondary":[{"weapon":"gun_120mm","slot":"gun","aim":"Free"},{"weapon":"boss_flak","slot":"mg","aim":"Free"},{"weapon":"boss_flak","slot":"mg","aim":"Free"},{"weapon":"boss_missiles","slot":"missile","aim":"Hull"},{"weapon":"boss_missiles","slot":"missile","aim":"Hull"},{"weapon":"kornet_twin","slot":"missile","aim":"Free"}],"parts":[{"id":"main_gun","kind":"maingun","hp":0.07,"armour":3,"node":"Main_cannon|Main_cannon_2|Muzzle_brake|Muzzle_brake_2","wreck":"wreck_barrel","at":[0,3.5,4.1],"radius":3.2,"mounts":[0],"radio":"radio.part.maingun"},{"id":"gun_120","kind":"gun","hp":0.07,"armour":3,"node":"Mount_gun","wreck":"wreck_turret","at":[0,3.45,2.8],"radius":2.2,"mounts":[1,6]},{"id":"flak_r","kind":"flak","hp":0.07,"armour":2,"node":"Mount_mg","wreck":"wreck_turret","at":[0.9,-1.15,4.8],"radius":1.8,"mounts":[2]},{"id":"flak_l","kind":"flak","hp":0.07,"armour":2,"node":"Mount_mg.001","wreck":"wreck_turret","at":[-0.9,-1.15,4.8],"radius":1.8,"mounts":[3]},{"id":"missiles_r","kind":"missiles","hp":0.07,"armour":2,"wreck":"wreck_launcher","at":[2.6,-2.5,2.3],"radius":2.0,"mounts":[4]},{"id":"missiles_l","kind":"missiles","hp":0.07,"armour":2,"wreck":"wreck_launcher","at":[-2.6,-2.5,2.3],"radius":2.0,"mounts":[5]},{"id":"aps","kind":"aps","hp":0.07,"armour":1,"wreck":"wreck_stump","at":[0,0.6,5.2],"radius":1.6,"stops":["aps"]},{"use":"side_gun_120","id":"side_gun_l","node":"Mount_gun.001","at":[-3.4,1.0,2.6]},{"use":"side_gun_120","id":"side_gun_r","node":"Mount_gun.002","at":[3.4,1.0,2.6]},{"use":"rocket_pod","id":"rocket_pod","node":"Mount_rocket","at":[0,-3.8,4.4]}],"deathExplosion":{"damage":400,"radius":18,"delay":2.6,"tier":"Ultimate"}}
A6: behemoth_inferno | B6: mini | C6: Inferno · Flame Behemoth | D6: Inferno · Behemoth phun lửa | E6: Inferno | I6: 0 | J6: 24600 | K6: 20910 | L6: 4 | M6: 3 | N6: 2 | O6: 2 | P6: FALSE | Q6: 2.9 | R6: 28 | S6: 40 | T6: 46 | U6: 6.4 | V6: 15.108 | W6: 7.8 | X6: FALSE | Y6: 0 | Z6: FALSE | AA6: TRUE | AB6: 0 | AC6: 3.5 | AD6: 1 | AE6: boss_flamer | AF6: boss_thermo;boss_flamer | AG6: boss_rage | AH6: none | AK6: behemoth_inferno | AL6: giong | BI6: tracked | BJ6: tracked | BK6: varga | BM6: 3 | BN6: 3 | BR6: TRUE | BS6: 2;7 | BT6: c2m05;c7m13 | BU6: tuan:66;day_du:60 | BZ6: 4 | CA6: 2 | CB6: 3 | CC6: 2 | CH6: TRUE | CW6: 0 | CX6: 0 | DV6: 420 | DW6: 2.6 | DX6: 19 | DY6: Ultimate | DZ6: flak | EJ6: 18 | EK6: 4 | EL6: 3.5 | EM6: 10 | EN6: TRUE | EP6: tracked | EQ6: varga | EY6: 24600 | FH6: 12.59 | GO6: #7a3b26 | GP6: 0.3;0.55 | HL6: radio.varga.inferno | HM6: 6.4 | HN6: mini | IC6: 1.2 | IG6: 1.1252 | IH6: boss_rage | II6: 2.9 | JU6: 28 | JV6: 40 | KF6: 46 | KJ6: boss_flamer | KK6: 1.962 | KL6: 6.5 | KM6: Assets/MachineBrigade/Resources/Data/balance.json: vehicles[146] | KN6: {"id":"behemoth_inferno","paint":"#7a3b26","paintFinish":[0.3,0.55],"frame":"tracked","rank":"mini","general":"varga","size":1.1252,"dropParts":["flak"],"radioSpawn":"radio.varga.inferno","scale":1.2,"armour":[4,3,2,2],"hp":24600,"weaponDamage":1.962,"speed":2.9,"turnRate":28,"turretTurnRate":40,"radius":6.4,"length":12.59,"width":6.5,"cp":0,"vision":46,"firesWhileMoving":true,"weapon":"boss_flamer","captureRate":0,"boss":true,"skills":["boss_rage"],"fireTrail":{"every":4,"seconds":10,"radius":3.5,"dps":18},"secondary":[{"weapon":"boss_thermo","slot":"rocket","aim":"Free"},{"weapon":"boss_flak","slot":"mg","aim":"Free"},{"weapon":"boss_flamer","slot":"main","aim":"Turret"}],"parts":[{"id":"flamer_r","kind":"flamer","hp":0.12,"armour":2,"node":"Main_cannon|Main_cannon_hose|Main_cannon_jacket|Muzzle_brake|Muzzle_brake_glow|Muzzle_brake_pilot","wreck":"wreck_barrel","at":[0.62,3.4,4.1],"radius":2.2,"mounts":[0],"radio":"radio.part.maingun"},{"id":"flamer_l","kind":"flamer","hp":0.12,"armour":2,"node":"Main_cannon_2|Main_cannon_2_hose|Main_cannon_2_jacket|Muzzle_brake_2|Muzzle_brake_2_glow|Muzzle_brake_2_pilot","wreck":"wreck_barrel","at":[-0.62,3.4,4.1],"radius":2.2,"mounts":[3]},{"id":"thermo","kind":"thermo","hp":0.12,"armour":2,"node":"Mount_rocket","wreck":"wreck_turret","at":[0,3.45,2.8],"radius":2.2,"mounts":[1]},{"id":"flak","kind":"flak","hp":0.1,"armour":2,"node":"Mount_mg","wreck":"wreck_turret","at":[0.9,-1.15,4.8],"radius":1.8,"mounts":[2]},{"id":"fuel","kind":"fuel","hp":0.08,"armour":1,"node":"Fuel_tanks|Tank_straps|Tank_hazard","wreck":"wreck_stump","at":[0,-4.6,2.6],"radius":2.6,"stops":["trail"]}],"deathExplosion":{"damage":420,"radius":19,"delay":2.6,"tier":"Ultimate"}}
A7: behemoth_mk0 | B7: mini | C7: Behemoth Mk.0 · Prototype Behemoth | D7: Behemoth Mk.0 · Behemoth nguyên mẫu | E7: Behemoth Mk.0 | I7: 0 | J7: 33900 | K7: 28815 | L7: 3 | M7: 3 | N7: 2 | O7: 1 | P7: FALSE | Q7: 2.2 | R7: 25 | S7: 30 | T7: 50 | U7: 6.4 | V7: 15.108 | W7: 7.8 | X7: FALSE | Y7: 0 | Z7: FALSE | AA7: TRUE | AB7: 0 | AC7: 3.5 | AD7: 1 | AE7: p26_behemoth_main_be152 | AF7: p26_behemoth_direct_be120;p26_behemoth_direct_be120;p26_behemoth_sec_be_rockets | AG7: boss_bulwark | AH7: none | AK7: behemoth_mk0 | AL7: giong | BI7: tracked | BJ7: tracked | BK7: varga | BL7: behemoth | BM7: 4 | BN7: 7 | BR7: FALSE | BS7: 13 | BT7: i1m03 | BU7: tuan:66;day_du:60 | BZ7: 3 | CA7: 2 | CB7: 3 | CC7: 1 | EQ7: varga | EY7: 33900 | GO7: #6b6a4e | GP7: 0.25;0.6 | HL7: radio.varga.behemoth_mk0 | IH7: boss_bulwark | II7: 2.2 | JX7: main_gun;side_gun_l;side_gun_r;rocket_pod | JY7: mk0 | JZ7: mk0 | KA7: behemoth | KB7: 0.6538 | KC7: 0.66 | KD7: 0.82 | KE7: 0.94 | KK7: 0.884 | KM7: Assets/MachineBrigade/Resources/Data/balance.json: vehicles[170] | KN7: {"id":"behemoth_mk0","paint":"#6b6a4e","paintFinish":[0.25,0.6],"guard":null,"wake":null,"variantOf":"behemoth","hp":33900,"weaponDamage":0.884,"general":"varga","radioSpawn":"radio.varga.behemoth_mk0","armour":[3,3,2,1],"speed":2.2,"aps":null,"skills":["boss_bulwark"],"variant":{"size":0.6538,"keep":["main_gun","side_gun_l","side_gun_r","rocket_pod"],"tint":[0.94,0.82,0.66],"mark":"mk0","name":"mk0","tune":{"main_gun":{"hp":0.14},"side_gun_l":{"hp":0.12},"side_gun_r":{"hp":0.12},"rocket_pod":{"hp":0.12}}}}
A8: behemoth_mk2 | B8: mini | C8: Behemoth Mk.II · Upgraded Behemoth | D8: Behemoth Mk.II · Behemoth nâng cấp | E8: Behemoth Mk.II | I8: 0 | J8: 53500 | K8: 45475 | L8: 4 | M8: 3 | N8: 2 | O8: 2 | P8: FALSE | Q8: 2.4 | R8: 25 | S8: 30 | T8: 50 | U8: 6.4 | V8: 15.108 | W8: 7.8 | X8: FALSE | Y8: 0 | Z8: FALSE | AA8: TRUE | AB8: 0 | AC8: 3.5 | AD8: 1 | AE8: p26_behemoth_main_be152 | AF8: p26_behemoth_close_boss_flak;p26_behemoth_close_boss_flak | AG8: boss_rage;boss_bulwark | AH8: aps | AI8: 2 | AJ8: 4 | AK8: behemoth_mk2 | AL8: giong | BI8: tracked | BJ8: tracked | BK8: varga | BL8: behemoth | BM8: 3 | BN8: 4 | BR8: FALSE | BS8: 6;7;12 | BT8: c6m05 | BU8: tuan:66;day_du:60 | BZ8: 4 | CA8: 2 | CB8: 3 | CC8: 2 | EQ8: varga | EY8: 53500 | GO8: #3f4a3a | GP8: 0.35;0.5 | HL8: radio.varga.behemoth_mk2 | JX8: main_gun;flak_r;flak_l;aps | JY8: mk2 | JZ8: mk2 | KA8: behemoth | KB8: 0.6923 | KC8: 1.1 | KD8: 0.93 | KE8: 0.82 | KK8: 1.928 | KM8: Assets/MachineBrigade/Resources/Data/balance.json: vehicles[167] | KN8: {"id":"behemoth_mk2","paint":"#3f4a3a","paintFinish":[0.35,0.5],"guard":null,"wake":null,"variantOf":"behemoth","hp":53500,"weaponDamage":1.928,"general":"varga","radioSpawn":"radio.varga.behemoth_mk2","armour":[4,3,2,2],"variant":{"size":0.6923,"keep":["main_gun","flak_r","flak_l","aps"],"tint":[0.82,0.93,1.1],"mark":"mk2","name":"mk2","tune":{"main_gun":{"hp":0.13},"flak_r":{"hp":0.09},"flak_l":{"hp":0.09},"aps":{"hp":0.08}}}}
A9: behemoth_tempest | B9: mini | C9: Tempest · Railgun Behemoth | D9: Tempest · Behemoth pháo điện từ | E9: Tempest | I9: 0 | J9: 37750 | K9: 32087.5 | L9: 4 | M9: 3 | N9: 2 | O9: 2 | P9: FALSE | Q9: 2.6 | R9: 25 | S9: 28 | T9: 70 | U9: 6.4 | V9: 19.008 | W9: 7.8 | X9: FALSE | Y9: 0 | Z9: FALSE | AA9: TRUE | AB9: 0 | AC9: 3.5 | AD9: 1 | AE9: boss_railgun | AF9: coilgun;coilgun | AG9: mothership_shield;boss_bulwark;boss_emp | AH9: aps | AI9: 2 | AJ9: 1.6 | AK9: behemoth_tempest | AL9: giong | BI9: tracked | BJ9: tracked | BK9: kessler | BM9: 3 | BN9: 3 | BR9: TRUE | BS9: 4 | BU9: tuan:66;day_du:60 | BZ9: 4 | CA9: 2 | CB9: 3 | CC9: 2 | CH9: TRUE | CW9: 0 | CX9: 0 | DV9: 400 | DW9: 2.6 | DX9: 18 | DY9: Ultimate | EN9: TRUE | EP9: tracked | EQ9: kessler | EY9: 37750 | FH9: 15.84 | GO9: #3d5566 | GP9: 0.35;0.5 | HL9: radio.kessler.tempest | HM9: 6.4 | HN9: mini | IC9: 1.2 | IG9: 0.8944 | IH9: mothership_shield;boss_bulwark;boss_emp | II9: 2.6 | JU9: 25 | JV9: 28 | KF9: 70 | KJ9: boss_railgun | KK9: 1.74 | KL9: 6.5 | KM9: Assets/MachineBrigade/Resources/Data/balance.json: vehicles[147] | KN9: {"id":"behemoth_tempest","paint":"#3d5566","paintFinish":[0.35,0.5],"frame":"tracked","rank":"mini","general":"kessler","size":0.8944,"radioSpawn":"radio.kessler.tempest","scale":1.2,"armour":[4,3,2,2],"hp":37750,"weaponDamage":1.74,"speed":2.6,"turnRate":25,"turretTurnRate":28,"radius":6.4,"length":15.84,"width":6.5,"cp":0,"vision":70,"firesWhileMoving":true,"weapon":"boss_railgun","captureRate":0,"boss":true,"skills":["mothership_shield","boss_bulwark","boss_emp"],"aps":{"radius":26,"charges":2,"recharge":1.6,"rockets":true,"laser":true},"secondary":[{"weapon":"coilgun","slot":"gun","aim":"Free"},{"weapon":"coilgun","slot":"gun","aim":"Free"}],"parts":[{"id":"railgun","kind":"railgun","hp":0.15,"armour":3,"node":"Main_cannon*","wreck":"wreck_barrel","at":[0,5.5,4.1],"radius":3.2,"mounts":[0],"radio":"radio.part.maingun"},{"id":"coil_l","kind":"coilgun","hp":0.1,"armour":3,"node":"Mount_gun","wreck":"wreck_turret","at":[-0.9,3.3,2.9],"radius":1.8,"mounts":[1]},{"id":"coil_r","kind":"coilgun","hp":0.1,"armour":3,"node":"Mount_gun.001","wreck":"wreck_turret","at":[0.9,3.3,2.9],"radius":1.8,"mounts":[2]},{"id":"shield","kind":"shield","hp":0.12,"armour":2,"node":"Radar","wreck":"wreck_stump","at":[0,-3.3,5.9],"radius":2.0,"skills":["mothership_shield","boss_bulwark"],"radio":"radio.part.shield"},{"id":"interceptor","kind":"laser","hp":0.08,"armour":1,"node":"Aps_faces|Aps_tubes|Aps_tubes_bore","wreck":"wreck_stump","at":[0,-0.4,4.4],"radius":2.4,"stops":["aps"],"fx":"energy"}],"deathExplosion":{"damage":400,"radius":18,"delay":2.6,"tier":"Ultimate"}}
A10: coeus | B10: mini | C10: Coeus · Gunship Cruiser | D10: Coeus · Tuần dương hạm pháo kích | E10: Coeus | I10: 0 | J10: 94850 | K10: 80622.5 | L10: 4 | M10: 4 | N10: 4 | O10: 4 | P10: FALSE | Q10: 3.6 | R10: 10 | S10: 120 | T10: 80 | U10: 10 | V10: 34 | W10: 22 | X10: TRUE | Y10: 22 | Z10: FALSE | AA10: TRUE | AB10: 0 | AC10: 3.5 | AD10: 1 | AE10: pt14_co_203 | AF10: pt14_co_v76;pt14_co_v76;pt14_co_spike;pt14_co_spike | AG10: boss_rage | AH10: none | AK10: coeus | AL10: moi | BI10: spacecraft | BJ10: spacecraft | BK10: aurel | BL10: hyperion | BM10: 5 | BN10: 6 | BR10: FALSE | BU10: tuan:66;day_du:60 | EQ10: aurel | EY10: 94850 | FI10: own | FU10: coeus | FV10: 12.8 | FW10: 40.3 | FX10: 23.1 | FY10: pt14_co_203 | GO10: #6e7478 | GP10: 0.5;0.42 | HL10: radio.aurel.coeus | II10: 3.6 | JJ10: 0.45 | JK10: 0 | JR10: radio.aurel.coeus.phase2 | JX10: main_laser;main_engine;thruster_rl;thruster_rr | JY10: coeus | KA10: hyperion | KB10: 0.6 | KC10: 0.88 | KD10: 0.96 | KE10: 1.04 | KK10: 1 | KM10: Assets/MachineBrigade/Resources/Data/balance.json: vehicles[175] | KN10: {"id":"coeus","livery":"own","paint":"#6e7478","paintFinish":[0.5,0.42],"variantOf":"hyperion","model":"coeus","modelSize":[40.3,23.1,12.8],"general":"aurel","radioSpawn":"radio.aurel.coeus","hp":94850,"weaponDamage":1.0,"speed":3.6,"mountWeapons":{"0":"pt14_co_203"},"secondary":[{"weapon":"pt14_co_v76","slot":"gun","aim":"Free"},{"weapon":"pt14_co_v76","slot":"gun","aim":"Free"},{"weapon":"pt14_co_spike","slot":"rocket","aim":"Free"},{"weapon":"pt14_co_spike","slot":"rocket","aim":"Free"}],"aps":null,"pods":null,"tiers":{"opening":0,"marks":[0.45],"schedule":[{"steps":[{"tier":"high","seconds":24},{"tier":"low","seconds":10}]},{"steps":[{"tier":"high","seconds":18},{"tier":"low","seconds":12}]}],"radio":{"phase2":"radio.aurel.coeus.phase2"}},"variant":{"size":0.6,"keep":["main_laser","main_engine","thruster_rl","thruster_rr"],"tint":[1.04,0.96,0.88],"mark":"coeus","tune":{"main_laser":{"hp":0.12,"kind":"maingun","at":[0,9.0,20.5]},"main_engine":{"hp":0.1,"at":[0,-31.0,11.5]},"thruster_rl":{"hp":0.08,"at":[-16.5,-20.0,11.17]},"thruster_rr":{"hp":0.08,"at":[16.5,-20.0,11.17]}}}}
A11: command_airship | B11: main | C11: Roc · Flying Headquarters | D11: Roc · Khí cầu chỉ huy | E11: Roc | I11: 0 | J11: 205875 | K11: 174993.75 | L11: 2 | M11: 2 | N11: 2 | O11: 2 | P11: FALSE | Q11: 4.5 | R11: 8 | S11: 90 | T11: 80 | U11: 18 | X11: TRUE | Y11: 30 | Z11: FALSE | AA11: TRUE | AB11: 0 | AC11: 3.5 | AD11: 1.7892 | AE11: p26_roc_main_roc_bombs | AF11: p26_roc_main_roc_bombs;p26_roc_direct_roc_atgm;p26_roc_direct_roc_atgm;p26_roc_close_twin_30_bmpt;p26_roc_close_twin_30_bmpt;p26_roc_roc105;p26_roc_roc105 | AG11: airship_launch_l;airship_launch_r | AH11: none | AK11: command_airship | AL11: doi | AO11: 137250 | AP11: 205875 | BG11: 1 | BH11: 1.7892 | BI11: aircraft | BJ11: aircraft | BK11: quaden | BM11: 8 | BN11: 8 | BO11: airship_carpet | BP11: 50 | BQ11: group | BR11: TRUE | BS11: 10 | BT11: c10m08 | BU11: tuan:168;day_du:150 | BW11: 30 | BY11: 2 | CD11: airship_carpet | CH11: TRUE | CW11: 0 | CX11: 0 | DV11: 400 | DW11: 2.6 | DX11: 18 | DY11: Ultimate | EN11: TRUE | EO11: TRUE | EP11: aircraft | EQ11: quaden | EX11: TRUE | EY11: 205875 | FJ11: Free | FL11: gun | FY11: p26_roc_main_roc_bombs | FZ11: p26_roc_main_roc_bombs | GB11: p26_roc_direct_roc_atgm | GC11: p26_roc_direct_roc_atgm | GD11: p26_roc_close_twin_30_bmpt | GE11: p26_roc_close_twin_30_bmpt | GF11: p26_roc_roc105 | GG11: p26_roc_roc105 | GN11: 1.7892 | GO11: #8e9599 | GP11: 0.3;0.5 | GR11: 2 | GS11: engine | HL11: radio.quaden.airship | HM11: 18 | HN11: main | IC11: 1 | IG11: 1.7564 | IH11: airship_launch_l;airship_launch_r | II11: 4.5 | JU11: 8 | JV11: 90 | KF11: 80 | KH11: 6;7 | KI11: 1 | KJ11: airship_flak | KK11: 1 | KM11: Assets/MachineBrigade/Resources/Data/balance.json: vehicles[151] | KN11: {"id":"command_airship","paint":"#8e9599","paintFinish":[0.3,0.5],"outgoingDamageMult":1.7892,"wake":{"phase":1,"mounts":[6,7]},"mountWeapons":{"0":"p26_roc_main_roc_bombs","1":"p26_roc_main_roc_bombs","2":"p26_roc_direct_roc_atgm","3":"p26_roc_direct_roc_atgm","4":"p26_roc_close_twin_30_bmpt","5":"p26_roc_close_twin_30_bmpt","6":"p26_roc_roc105","7":"p26_roc_roc105"},"frame":"aircraft","rank":"main","size":1.7564,"boss":true,"bigAttack":"airship_carpet","general":"quaden","radioSpawn":"radio.quaden.airship","armour":2,"hp":205875,"weaponDamage":1,"speed":4.5,"turnRate":8,"holdsToFire":true,"turretTurnRate":90,"radius":18,"scale":1.0,"cp":0,"vision":80,"flying":true,"altitude":30,"captureRate":0,"firesWhileMoving":true,"weapon":"airship_flak","mainSlot":"gun","mainAim":"Free","secondary":[{"weapon":"airship_flak","slot":"gun","aim":"Free"},{"weapon":"airship_drones","slot":"door_l","aim":"Free"},{"weapon":"airship_drones","slot":"door_r","aim":"Free"},{"weapon":"twin_30_bmpt","slot":"gun","aim":"Free"},{"weapon":"twin_30_bmpt","slot":"gun","aim":"Free"}],"skills":["airship_launch_l","airship_launch_r"],"parts":[{"id":"engine_fl","breakDamage":0,"kind":"engine","hp":0.07,"armour":2,"node":"Part_engine","wreck":"wreck_engine","at":[-14.3,9,1],"radius":3.6,"speed":0.85},{"id":"engine_fr","breakDamage":0,"kind":"engine","hp":0.07,"armour":2,"node":"Part_engine.001","wreck":"wreck_engine","at":[14.3,9,1],"radius":3.6,"speed":0.85},{"id":"engine_rl","breakDamage":0,"kind":"engine","hp":0.07,"armour":2,"node":"Part_engine.002","wreck":"wreck_engine","at":[-14.3,-8,1],"radius":3.6,"speed":0.85},{"id":"engine_rr","breakDamage":0,"kind":"engine","hp":0.07,"armour":2,"node":"Part_engine.003","wreck":"wreck_engine","at":[14.3,-8,1],"radius":3.6,"speed":0.85},{"id":"hangar_l","breakDamage":0,"radio":"radio.part.bay","kind":"hangar","hp":0.07,"armour":2,"node":"Part_hangar","wreck":"wreck_launcher","at":[-1.3,-3,-2.2],"radius":3.2,"mounts":[2],"skills":["airship_launch_l"]},{"id":"hangar_r","breakDamage":0,"radio":"radio.part.bay","kind":"hangar","hp":0.07,"armour":2,"node":"Part_hangar.001","wreck":"wreck_launcher","at":[1.3,-3,-2.2],"radius":3.2,"mounts":[3],"skills":["airship_launch_r"]},{"id":"radar","breakDamage":0,"kind":"radar","hp":0.07,"armour":1,"node":"Part_radar","wreck":"wreck_stump","at":[0,3.2,6.7],"radius":2.6,"spread":3,"fail":0.5,"affects":[0,1]},{"id":"bomb_bay","mounts":[4,5],"breakDamage":0,"kind":"bombbay","hp":0.07,"armour":2,"wreck":"wreck_stump","at":[0,8.5,-3.0],"radius":3.2,"radio":"radio.part.bombbay"},{"use":"pod_105","id":"pod_105_l","breakDamage":0,"node":"Mount_gun.002","at":[-7.5,0,-3.0]},{"use":"pod_105","id":"pod_105_r","breakDamage":0,"node":"Mount_gun.003","at":[7.5,0,-3.0]}],"partLock":{"kind":"engine","count":2},"phases":[{"at":0.6,"transform":2.5,"damage":1.1,"radio":"radio.quaden.airship.phase2"},{"at":0.25,"transform":3,"damage":1.25,"radio":"radio.quaden.airship.half","fireRate":1.25}],"deathExplosion":{"damage":400,"radius":18,"delay":2.6,"tier":"Ultimate"}}
A12: daedalus | B12: main | C12: Daedalus · Orbital Lander | D12: Daedalus · Tàu đổ bộ quỹ đạo | E12: Daedalus | I12: 0 | J12: 240580 | K12: 204493 | L12: 3 | M12: 2 | N12: 1 | O12: 1 | P12: FALSE | Q12: 4.5 | R12: 10 | S12: 120 | T12: 80 | U12: 10 | V12: 36 | W12: 20 | X12: FALSE | Y12: 0 | Z12: FALSE | AA12: TRUE | AB12: 1 | AC12: 3.5 | AD12: 1 | AE12: p26_daedalus_direct_dae_laser | AF12: pt14_dd_v57;pt14_dd_v57;pt14_dd_v25;pt14_dd_v25;p26_daedalus_direct_dae_laser | AG12: boss_rage | AH12: aps | AI12: 2 | AJ12: 1.6 | AK12: daedalus | AL12: doi | AO12: 156900 | AP12: 240580 | BE12: p26_daedalus_sec_dae57;p26_daedalus_sec_dae57;p26_daedalus_direct_dae_laser | BF12: pt14_dd_v57;pt14_dd_v57;pt14_dd_v25;pt14_dd_v25;p26_daedalus_direct_dae_laser | BI12: spacecraft | BJ12: spacecraft | BK12: aurel | BM12: 6 | BN12: 8 | BO12: daedalus_mass_drop | BP12: 50 | BQ12: group | BR12: FALSE | BS12: 11 | BU12: tuan:168;day_du:150 | BY12: 3 | CD12: daedalus_mass_drop | CH12: TRUE | DV12: 420 | DW12: 2.6 | DX12: 18 | DY12: Ultimate | EP12: spacecraft | EQ12: aurel | EX12: TRUE | EY12: 240580 | FH12: 36 | FI12: own | FJ12: Free | FL12: gun | FU12: daedalus | FY12: p26_daedalus_direct_dae_laser | FZ12: pt14_dd_v57 | GB12: pt14_dd_v57 | GE12: p26_daedalus_direct_dae_laser | GO12: #c4c9cc | GP12: 0.35;0.42 | GU12: 3 | GV12: 1125 | GW12: 8;6.5;5 | GX12: 12 | GY12: 6 | GZ12: 6 | HA12: 8 | HB12: 1 | HC12: 30 | HD12: 2 | HE12: 6 | HF12: 12 | HG12: 1 | HH12: orbit;high;low | HI12: drop_pod | HJ12: main_battle_tank;ifv;heavy_tank;armored_car;main_battle_tank;ifv;tank_destroyer | HK12: pod_drop | HL12: radio.aurel.daedalus | HM12: 10 | HN12: main | IG12: 1.6183 | IH12: boss_rage | II12: 4.5 | IL12: 2 | IM12: 3 | IN12: 3 | IZ12: 2 | JJ12: 0.6;0.25 | JK12: 10 | JN12: radio.aurel.daedalus.descend | JR12: radio.aurel.daedalus.phase2 | JS12: radio.aurel.daedalus.phase3 | JU12: 10 | JV12: 120 | KF12: 80 | KJ12: autocannon_30 | KK12: 1 | KL12: 20 | KM12: Assets/MachineBrigade/Resources/Data/balance.json: vehicles[160] | KN12: {"id":"daedalus","livery":"own","paint":"#c4c9cc","paintFinish":[0.35,0.42],"mountWeapons":{"0":"p26_daedalus_direct_dae_laser","1":"pt14_dd_v57","2":"pt14_dd_v57","5":"p26_daedalus_direct_dae_laser"},"frame":"spacecraft","size":1.6183,"rank":"main","general":"aurel","boss":true,"bigAttack":"daedalus_mass_drop","radioSpawn":"radio.aurel.daedalus","model":"daedalus","armour":3,"hp":240580,"weaponDamage":1,"speed":4.5,"turnRate":10,"holdsToFire":true,"mainAim":"Free","turretTurnRate":120,"radius":10,"length":36,"width":20,"vision":80,"weapon":"autocannon_30","secondary":[{"weapon":"gun_57mm","slot":"gun","aim":"Free"},{"weapon":"gun_57mm","slot":"gun","aim":"Free"},{"weapon":"pt14_dd_v25","slot":"gun","aim":"Free"},{"weapon":"pt14_dd_v25","slot":"gun","aim":"Free"}],"mainSlot":"gun","skills":["boss_rage"],"aps":{"radius":31.6,"charges":2,"recharge":1.6,"rockets":true,"laser":true},"tiers":{"opening":10,"haltPhase":2,"marks":[0.6,0.25],"schedule":[{"steps":[{"tier":"high","seconds":20},{"tier":"low","seconds":14}]},{"steps":[{"tier":"high","seconds":14},{"tier":"low","seconds":20}]},{"steps":[{"tier":"low","seconds":60}]}],"armour":{"hull":3,"belly":2,"grounded":3},"radio":{"descend":"radio.aurel.daedalus.descend","phase2":"radio.aurel.daedalus.phase2","phase3":"radio.aurel.daedalus.phase3"}},"pods":{"unit":"drop_pod","first":6,"every":12,"everyByPhase":[8,6.5,5],"count":3,"min":1,"perPod":2,"fall":6,"max":8,"offset":30,"spread":12,"tiers":["orbit","high","low"],"warning":"pod_drop","units":["main_battle_tank","ifv","heavy_tank","armored_car","main_battle_tank","ifv","tank_destroyer"],"damage":1125,"radius":6,"stun":1},"parts":[{"id":"gun_l","kind":"gun","hp":0.08,"armour":2,"node":"Mount_gun","wreck":"wreck_turret","at":[-2.4,6.0,-2.7],"radius":1.6,"mounts":[0]},{"use":"gun_30","id":"gun_r","hp":0.08,"node":"Mount_gun.005","at":[2.4,6.0,-2.7]},{"use":"pd_laser","id":"pd_laser_l","node":"Pd_laser_l","at":[-3.4,4.0,2.8]},{"use":"pd_laser","id":"pd_laser_r","node":"Pd_laser_r","at":[3.4,4.0,2.8]},{"id":"engine","kind":"thruster","hp":0.08,"armour":2,"node":"Thruster_main","wreck":"wreck_stump","at":[0,-16.5,0.8],"radius":3.2,"speed":0.8,"radio":"radio.part.mainengine"},{"use":"pod_bay","id":"pod_bay_1","node":"Pod_bay_1","at":[-4.0,-2.0,-2.2]},{"use":"pod_bay","id":"pod_bay_2","node":"Pod_bay_2","at":[0,-5.0,-2.4]},{"use":"pod_bay","id":"pod_bay_3","node":"Pod_bay_3","at":[4.0,-2.0,-2.2]}],"deathExplosion":{"damage":420,"radius":18,"delay":2.6,"tier":"Ultimate"}}
A13: drone_mothership | B13: main | C13: Matriarch · Drone Mothership | D13: Matriarch · Tàu mẹ drone | E13: Matriarch | I13: 0 | J13: 77823 | K13: 66149.55 | L13: 2 | M13: 2 | N13: 2 | O13: 2 | P13: FALSE | Q13: 3.5 | R13: 20 | S13: 90 | T13: 70 | U13: 9 | X13: TRUE | Y13: 26 | Z13: FALSE | AA13: TRUE | AB13: 0 | AC13: 3.5 | AD13: 1 | AE13: p26_matriarch_tiny_mothership_cannon | AF13: p26_matriarch_ma_drones;p26_matriarch_close_boss_flak;p26_matriarch_close_boss_flak;p26_matriarch_tiny_mothership_cannon;p26_matriarch_direct_ma_atgm;p26_matriarch_sec_autocannon_30;p26_matriarch_sec_autocannon_30;p26_matriarch_direct_ma_atgm | AG13: mothership_launch;boss_flares;mothership_shield | AH13: none | AK13: drone_mothership | AL13: doi | AO13: 63100 | AP13: 77823 | BI13: aircraft | BJ13: aircraft | BK13: sen | BM13: 9 | BN13: 9 | BO13: carrier_heavy_bomb | BP13: 45 | BQ13: group | BR13: TRUE | BS13: 5 | BT13: c5m05 | BU13: tuan:168;day_du:150 | BW13: 26 | BY13: 2 | CD13: carrier_heavy_bomb | CH13: TRUE | CW13: 0 | CX13: 0 | DV13: 300 | DW13: 2.6 | DX13: 14 | DY13: Ultimate | EN13: TRUE | EO13: TRUE | EP13: aircraft | EQ13: sen | EY13: 77823 | FY13: p26_matriarch_tiny_mothership_cannon | FZ13: p26_matriarch_ma_drones | GB13: p26_matriarch_close_boss_flak | GC13: p26_matriarch_close_boss_flak | GD13: p26_matriarch_tiny_mothership_cannon | GE13: p26_matriarch_direct_ma_atgm | GF13: p26_matriarch_sec_autocannon_30 | GG13: p26_matriarch_sec_autocannon_30 | GH13: p26_matriarch_direct_ma_atgm | GO13: #4a5058 | GP13: 0.35;0.45 | HL13: radio.sen.matriarch | HM13: 9 | HN13: main | IC13: 1.15 | IG13: 1.6903 | IH13: mothership_launch;boss_flares;mothership_shield | II13: 3.5 | JU13: 20 | JV13: 90 | KF13: 70 | KH13: 4;6;7 | KI13: 1 | KJ13: mothership_cannon | KK13: 1 | KM13: Assets/MachineBrigade/Resources/Data/balance.json: vehicles[142] | KN13: {"id":"drone_mothership","paint":"#4a5058","paintFinish":[0.35,0.45],"wake":{"phase":1,"mounts":[4,6,7]},"mountWeapons":{"0":"p26_matriarch_tiny_mothership_cannon","1":"p26_matriarch_ma_drones","2":"p26_matriarch_close_boss_flak","3":"p26_matriarch_close_boss_flak","4":"p26_matriarch_tiny_mothership_cannon","5":"p26_matriarch_direct_ma_atgm","6":"p26_matriarch_sec_autocannon_30","7":"p26_matriarch_sec_autocannon_30","8":"p26_matriarch_direct_ma_atgm"},"frame":"aircraft","rank":"main","general":"sen","size":1.6903,"radioSpawn":"radio.sen.matriarch","scale":1.15,"boss":true,"bigAttack":"carrier_heavy_bomb","armour":2,"hp":77823,"weaponDamage":1,"speed":3.5,"turnRate":20,"turretTurnRate":90,"radius":9,"cp":0,"vision":70,"firesWhileMoving":true,"weapon":"mothership_cannon","flying":true,"altitude":26,"captureRate":0,"skills":["mothership_launch","boss_flares","mothership_shield"],"secondary":[{"weapon":"mothership_drones","slot":"missile","aim":"Free"},{"weapon":"boss_flak","slot":"mg","aim":"Free"},{"weapon":"boss_flak","slot":"mg","aim":"Free"},{"weapon":"mothership_cannon","slot":"main","aim":"Free"},{"weapon":"mothership_drones","slot":"missile","aim":"Free"}],"parts":[{"id":"cannon_bow","kind":"maingun","hp":0.06,"armour":2,"node":"Turret","wreck":"wreck_turret","at":[0,10.8,-3.6],"radius":2.0,"mounts":[0],"radio":"radio.part.maingun"},{"id":"cannon_gondola","kind":"gun","hp":0.06,"armour":2,"node":"Mount_main.001","wreck":"wreck_turret","at":[0,2.2,-5.4],"radius":2.0,"mounts":[4]},{"id":"drone_bay","kind":"bay","hp":0.06,"armour":2,"wreck":"wreck_stump","at":[0,-2.3,-4.6],"radius":3.0,"mounts":[1],"radio":"radio.part.bay"},{"id":"uav_bay","mounts":[5],"kind":"uav","hp":0.06,"armour":1,"wreck":"wreck_stump","at":[0,-8.5,-3.5],"radius":2.5,"skills":["mothership_launch"]},{"id":"flak_top","kind":"flak","hp":0.06,"armour":2,"node":"Mount_mg","wreck":"wreck_turret","at":[0,4.8,4.1],"radius":1.8,"mounts":[2]},{"id":"flak_rear","kind":"flak","hp":0.06,"armour":2,"node":"Mount_mg.001","wreck":"wreck_turret","at":[0,-3.4,3.9],"radius":1.8,"mounts":[3]},{"id":"shield","kind":"shield","hp":0.06,"armour":2,"wreck":"wreck_stump","at":[0,-2.35,5.2],"radius":2.5,"skills":["mothership_shield"],"radio":"radio.part.shield"},{"id":"bomb_bay","kind":"bombbay","hp":0.06,"armour":2,"wreck":"wreck_stump","at":[0,5.5,-4.8],"radius":2.8,"radio":"radio.part.bombbay"},{"use":"gun_30","id":"belly_gun_l","node":"Mount_gun","at":[-2.2,6.0,-5.8]},{"use":"gun_30","id":"belly_gun_r","node":"Mount_gun.001","at":[2.2,6.0,-5.8]},{"use":"drone_bay","id":"drone_bay_2","node":"Mount_missile.001","at":[0,-6.0,-4.4]}],"deathExplosion":{"damage":300,"radius":14,"delay":2.6,"tier":"Ultimate"}}
A14: earth_borer | B14: mini | C14: Tartarus · Tunnelling Machine | D14: Tartarus · Máy khoan | E14: Tartarus | I14: 0 | J14: 72000 | K14: 61200 | L14: 4 | M14: 3 | N14: 2 | O14: 2 | P14: FALSE | Q14: 3.2 | R14: 22 | S14: 40 | T14: 55 | U14: 6 | V14: 23.5 | W14: 5.8 | X14: FALSE | Y14: 0 | Z14: FALSE | AA14: TRUE | AB14: 0 | AC14: 3.5 | AD14: 1.0854 | AE14: borer_drill | AF14: borer_cannon;borer_cannon | AG14: boss_rage | AH14: none | AK14: earth_borer | AL14: doi | BG14: 1 | BH14: 1.0854 | BI14: tracked | BJ14: tracked | BK14: hung | BM14: 3 | BN14: 3 | BR14: TRUE | BS14: 8 | BT14: c8m05 | BU14: tuan:66;day_du:60 | BY14: 4 | CH14: TRUE | CI14: 350 | CJ14: 2 | CK14: 6 | CL14: 1.5 | CM14: 14 | CN14: 6 | CO14: 14 | CQ14: 3 | CR14: 22 | CV14: 2 | CW14: 0 | CX14: 0 | DV14: 420 | DW14: 2.6 | DX14: 18 | DY14: Ultimate | EN14: TRUE | EP14: tracked | EQ14: hung | EY14: 72000 | FH14: 23.5 | FJ14: Hull | GN14: 1.0854 | GO14: #b08a3a | GP14: 0.3;0.55 | HL14: radio.hung.borer | HM14: 6 | HN14: mini | IC14: 1 | IG14: 0.85 | IH14: boss_rage | II14: 3.2 | JU14: 22 | JV14: 40 | KF14: 55 | KJ14: borer_drill | KK14: 2.874 | KL14: 5.8 | KM14: Assets/MachineBrigade/Resources/Data/balance.json: vehicles[150] | KN14: {"id":"earth_borer","paint":"#b08a3a","paintFinish":[0.3,0.55],"outgoingDamageMult":1.0854,"frame":"tracked","rank":"mini","size":0.85,"boss":true,"general":"hung","radioSpawn":"radio.hung.borer","armour":4,"hp":72000,"weaponDamage":2.874,"speed":3.2,"turnRate":22,"turretTurnRate":40,"radius":6,"length":23.5,"width":5.8,"scale":1.0,"cp":0,"vision":55,"captureRate":0,"firesWhileMoving":true,"weapon":"borer_drill","mainAim":"Hull","secondary":[{"weapon":"borer_cannon","slot":"gun","aim":"Free"},{"weapon":"borer_cannon","slot":"gun","aim":"Free"}],"burrow":{"surface":22,"dive":2,"speed":14,"warn":2,"radius":6,"stun":3,"damage":350,"exposed":6,"exposedTaken":1.5,"first":14},"skills":["boss_rage"],"phases":[{"at":0.45,"transform":2.5,"speed":1.15,"radio":"radio.hung.borer.half"}],"parts":[{"id":"drill","kind":"drill","hp":0.14,"armour":4,"node":"Part_drill","wreck":"wreck_stump","at":[0,6.8,3.3],"radius":3.0,"mounts":[0],"stops":["burrow"],"radio":"radio.part.drill"},{"id":"gun_l","kind":"gun","hp":0.1,"armour":3,"node":"Part_gun","wreck":"wreck_turret","at":[-1.3,0.2,5.6],"radius":1.8,"mounts":[1]},{"id":"gun_r","kind":"gun","hp":0.1,"armour":3,"node":"Part_gun.001","wreck":"wreck_turret","at":[1.3,-3.2,5.6],"radius":1.8,"mounts":[2]},{"id":"engine","kind":"engine","hp":0.1,"armour":3,"node":"Part_engine","wreck":"wreck_engine","at":[0,-7.3,4.9],"radius":2.5,"speed":0.7}],"deathExplosion":{"damage":420,"radius":18,"delay":2.6,"tier":"Ultimate"}}
A15: fenrir | B15: mini | C15: Fenrir · Vanguard | D15: Fenrir · Xe tiên phong | E15: Fenrir | I15: 0 | J15: 29950 | K15: 25457.5 | L15: 4 | M15: 4 | N15: 3 | O15: 2 | P15: FALSE | Q15: 4.4 | R15: 34 | S15: 25 | T15: 60 | U15: 7.5 | V15: 19.308 | W15: 10.92 | X15: FALSE | Y15: 0 | Z15: FALSE | AA15: TRUE | AB15: 0 | AC15: 3.5 | AD15: 0.9508 | AE15: p26_jotunn_sec_jo_rockets | AF15: p26_jotunn_sec_jo_rockets;p26_jotunn_close_boss_flak | AG15: fortress_barrage;boss_emp | AH15: none | AK15: fenrir | AL15: doi | BG15: 1 | BH15: 0.9508 | BI15: tracked | BJ15: tracked | BK15: orlov | BL15: mobile_fortress | BM15: 3 | BN15: 3 | BR15: FALSE | BS15: 3 | BT15: c3s2 | BU15: tuan:66;day_du:60 | BZ15: 4 | CA15: 3 | CB15: 4 | CC15: 2 | EQ15: orlov | EY15: 29950 | FU15: fenrir | GO15: #5c6670 | GP15: 0.35;0.5 | HL15: radio.orlov.fenrir | ID15: 35 | IE15: 25 | IF15: 6 | II15: 4.4 | JU15: 34 | JX15: rockets_l;rockets_r;flak_l | JY15: frost | KA15: mobile_fortress | KB15: 0.5051 | KC15: 1.06 | KD15: 0.94 | KE15: 0.86 | KK15: 2.222 | KM15: Assets/MachineBrigade/Resources/Data/balance.json: vehicles[164] | KN15: {"id":"fenrir","paint":"#5c6670","paintFinish":[0.35,0.5],"guard":null,"wake":null,"armour":[4,4,3,2],"variantOf":"mobile_fortress","model":"fenrir","hp":29950,"weaponDamage":2.222,"general":"orlov","radioSpawn":"radio.orlov.fenrir","speed":4.4,"turnRate":34,"scoot":{"shots":6,"min":25,"max":35},"variant":{"size":0.5051,"keep":["rockets_l","rockets_r","flak_l"],"tint":[0.86,0.94,1.06],"mark":"frost","tune":{"rockets_l":{"hp":0.13,"at":[-2.02,-6.3,5.63]},"rockets_r":{"hp":0.13,"at":[2.02,-6.3,5.63]},"flak_l":{"hp":0.1,"at":[0,4.23,5.47]}}}}
A16: fortress_bastion | B16: main | C16: Bastion · Fortress | D16: Bastion · Pháo đài | E16: Bastion | I16: 0 | J16: 25900 | K16: 22015 | L16: 5 | M16: 3 | N16: 2 | O16: 3 | P16: FALSE | Q16: 1.5 | R16: 18 | S16: 22 | T16: 64 | U16: 7.5 | V16: 19.884 | W16: 10.92 | X16: FALSE | Y16: 0 | Z16: FALSE | AA16: TRUE | AB16: 0 | AC16: 3.5 | AD16: 1 | AE16: p26_bastion_sec_b240 | AF16: p26_bastion_direct_b100;p26_bastion_direct_b100;p26_bastion_tiny_autocannon_40;p26_bastion_tiny_autocannon_40;p26_bastion_tiny_kornet_twin;p26_bastion_close_boss_hmg;p26_bastion_close_boss_hmg;p26_bastion_main_b155;p26_bastion_tiny_zu23;p26_bastion_tiny_zu23 | AG16: train_patch;boss_bulwark;fortress_barrage | AH16: none | AK16: fortress_bastion | AL16: giong | BI16: tracked | BJ16: tracked | BK16: brandt | BM16: 11 | BN16: 15 | BO16: bastion_420_shell | BP16: 45 | BQ16: group | BR16: TRUE | BS16: 1 | BU16: tuan:168;day_du:150 | BZ16: 5 | CA16: 2 | CB16: 3 | CC16: 3 | CD16: bastion_420_shell | CH16: TRUE | CW16: 0 | CX16: 0 | DV16: 500 | DW16: 2.6 | DX16: 21 | DY16: Ultimate | EN16: TRUE | EP16: tracked | EQ16: brandt | ES16: 4 | ET16: 150 | EU16: 5 | EV16: 6 | EW16: 15 | EY16: 25900 | FH16: 16.57 | FY16: p26_bastion_sec_b240 | FZ16: p26_bastion_direct_b100 | GA16: p26_bastion_tiny_zu23 | GB16: p26_bastion_direct_b100 | GC16: p26_bastion_tiny_autocannon_40 | GD16: p26_bastion_tiny_autocannon_40 | GE16: p26_bastion_tiny_kornet_twin | GF16: p26_bastion_close_boss_hmg | GG16: p26_bastion_close_boss_hmg | GH16: p26_bastion_main_b155 | GI16: p26_bastion_tiny_zu23 | GO16: #6e6a5e | GP16: 0.25;0.6 | HL16: radio.brandt.bastion | HM16: 7.5 | HN16: main | IC16: 1.2 | IG16: 1.51 | IH16: train_patch;boss_bulwark;fortress_barrage | II16: 1.5 | JU16: 18 | JV16: 22 | KF16: 64 | KJ16: boss_mortar | KK16: 1 | KL16: 9.1 | KM16: Assets/MachineBrigade/Resources/Data/balance.json: vehicles[148] | KN16: {"id":"fortress_bastion","paint":"#6e6a5e","paintFinish":[0.25,0.6],"guard":{"radius":15,"count":4,"every":5,"damage":150,"pad":6},"mountWeapons":{"0":"p26_bastion_sec_b240","1":"p26_bastion_direct_b100","2":"p26_bastion_direct_b100","3":"p26_bastion_tiny_autocannon_40","4":"p26_bastion_tiny_autocannon_40","5":"p26_bastion_tiny_kornet_twin","6":"p26_bastion_close_boss_hmg","7":"p26_bastion_close_boss_hmg","8":"p26_bastion_main_b155","9":"p26_bastion_tiny_zu23","10":"p26_bastion_tiny_zu23"},"frame":"tracked","rank":"main","general":"brandt","size":1.51,"radioSpawn":"radio.brandt.bastion","scale":1.2,"armour":[5,3,2,3],"hp":25900,"weaponDamage":1,"speed":1.5,"turnRate":18,"turretTurnRate":22,"radius":7.5,"length":16.57,"width":9.1,"cp":0,"vision":64,"firesWhileMoving":true,"weapon":"boss_mortar","captureRate":0,"boss":true,"bigAttack":"bastion_420_shell","skills":["train_patch","boss_bulwark","fortress_barrage"],"secondary":[{"weapon":"autocannon_40","slot":"gun","aim":"Free","arc":[-45,80]},{"weapon":"autocannon_40","slot":"gun","aim":"Free","arc":[45,80]},{"weapon":"autocannon_40","slot":"gun","aim":"Free","arc":[-135,80]},{"weapon":"autocannon_40","slot":"gun","aim":"Free","arc":[135,80]},{"weapon":"kornet_twin","slot":"missile","aim":"Free"},{"weapon":"boss_hmg","slot":"mg","aim":"Free"},{"weapon":"boss_hmg","slot":"mg","aim":"Free"}],"parts":[{"id":"mortar","kind":"mortar","hp":0.1,"armour":3,"node":"Main_cannon*","wreck":"wreck_barrel","at":[0,-0.5,7.5],"radius":2.8,"mounts":[0],"skills":["fortress_barrage"],"radio":"radio.part.maingun"},{"id":"turret_fl","kind":"turret","hp":0.07,"armour":3,"node":"Mount_gun","wreck":"wreck_turret","at":[-4.1,4.35,3.3],"radius":1.8,"mounts":[1]},{"id":"turret_fr","kind":"turret","hp":0.07,"armour":3,"node":"Mount_gun.001","wreck":"wreck_turret","at":[4.1,4.35,3.3],"radius":1.8,"mounts":[2]},{"id":"turret_rl","kind":"turret","hp":0.07,"armour":3,"node":"Mount_gun.002","wreck":"wreck_turret","at":[-4.1,-4.25,3.3],"radius":1.8,"mounts":[3,6]},{"id":"turret_rr","kind":"turret","hp":0.07,"armour":3,"node":"Mount_gun.003","wreck":"wreck_turret","at":[4.1,-4.25,3.3],"radius":1.8,"mounts":[4,7]},{"id":"kornet","kind":"missiles","hp":0.07,"armour":2,"node":"Part_missile","wreck":"wreck_launcher","at":[-1.42,-2.75,6.4],"radius":1.8,"mounts":[5]},{"use":"casemate_155","id":"casemate","node":"Mount_gun.004","at":[0,8.7,3.2]},{"use":"zu23","id":"zu23_l","node":"Mount_mg","at":[-3.42,-1.25,5.4]},{"use":"zu23","id":"zu23_r","node":"Mount_mg.001","at":[3.42,-1.25,5.4]}],"deathExplosion":{"damage":500,"radius":21,"delay":2.6,"tier":"Ultimate"}}
A17: hydra | B17: mini | C17: Hydra · Attack Submarine | D17: Hydra · Tàu ngầm tấn công | E17: Hydra | I17: 0 | J17: 81300 | K17: 69105 | L17: 4 | M17: 3 | N17: 2 | O17: 2 | P17: FALSE | Q17: 4.5 | R17: 8 | S17: 40 | T17: 110 | U17: 11 | V17: 58 | W17: 12 | X17: FALSE | Y17: 0 | Z17: FALSE | AA17: TRUE | AB17: 1 | AC17: 3.5 | AD17: 1 | AE17: p26_typhon_sec_ty57 | AF17: p26_typhon_sec_ty57;p26_typhon_direct_ty100 | AH17: none | AK17: hydra_sub | AL17: giong | BI17: submarine | BJ17: submarine | BK17: hung | BL17: typhon | BM17: 3 | BN17: 5 | BR17: FALSE | BU17: tuan:66;day_du:60 | BZ17: 4 | CA17: 2 | CB17: 3 | CC17: 2 | CM17: 12 | CR17: 16 | CS17: 16;14 | CT17: 10 | CU17: 10;12 | DG17: 240 | DH17: 16 | DM17: 6.5 | DO17: kalibr_cruise_mark | DP17: hydra_club_s | EQ17: hung | EY17: 81300 | FI17: own | FU17: hydra_sub | FV17: 8 | FW17: 34.8 | FX17: 7.2 | GO17: #2b2f33 | GP17: 0.15;0.78 | HL17: radio.hung.hydra | II17: 4.5 | JX17: doors_l;doors_r;deck_gun;rudder | JY17: hydra | KA17: typhon | KB17: 0.5057 | KK17: 1.292 | KM17: Assets/MachineBrigade/Resources/Data/balance.json: vehicles[177] | KN17: {"id":"hydra","livery":"own","paint":"#2b2f33","paintFinish":[0.15,0.78],"armour":[4,3,2,2],"variantOf":"typhon","model":"hydra_sub","general":"hung","radioSpawn":"radio.hung.hydra","hp":81300,"weaponDamage":1.292,"speed":4.5,"modelSize":[34.8,7.2,8],"burrow":{"surface":16,"under":10,"first":12,"surfaceByPhase":[16,14],"underByPhase":[10,12]},"cruise":{"every":16,"damage":240,"weapon":"hydra_club_s","radius":6.5,"warning":"kalibr_cruise_mark"},"fleet":[{"unit":"missile_boat","count":1}],"wake":null,"secondary":[{"weapon":"p26_typhon_sec_ty57","slot":"gun","aim":"Free","arc":[180,150]},{"weapon":"p26_typhon_direct_ty100","slot":"gun","aim":"Free","arc":[0,150]}],"variant":{"size":0.5057,"keep":["doors_l","doors_r","deck_gun","rudder"],"mark":"hydra","tune":{"doors_l":{"hp":0.12,"at":[-0.95,-7.51,4.45]},"doors_r":{"hp":0.12,"at":[0.95,-7.51,4.45]},"deck_gun":{"hp":0.12,"node":"Mount_gun.002","at":[0,16.61,6.23]},"rudder":{"hp":0.1,"at":[0,-30.45,0.59]}}}}
A18: hyperion | B18: main | C18: Hyperion · Heavy Cruiser | D18: Hyperion · Tuần dương hạm hạng nặng | E18: Hyperion | I18: 0 | J18: 282320 | K18: 239972 | L18: 4 | M18: 4 | N18: 4 | O18: 4 | P18: FALSE | Q18: 3.5 | R18: 10 | S18: 120 | T18: 80 | U18: 10 | V18: 34 | W18: 22 | X18: TRUE | Y18: 22 | Z18: FALSE | AA18: TRUE | AB18: 0 | AC18: 3.5 | AD18: 1 | AE18: p26_icarus_sec_orbital_laser | AF18: pt14_hp_155;pt14_hp_155;pt14_hp_vlaser;pt14_hp_vlaser;pt14_hp_v127;pt14_hp_v127;pt14_hp_nsm;pt14_hp_nsm | AG18: boss_rage | AH18: aps | AI18: 3 | AJ18: 1.4 | AK18: hyperion | AL18: doi | AO18: 176450 | AP18: 282320 | BE18: p26_icarus_main_ic_coil;p26_icarus_main_ic_coil;p26_icarus_direct_ic_laser;p26_icarus_direct_ic_laser | BF18: pt14_hp_155;pt14_hp_155;pt14_hp_vlaser;pt14_hp_vlaser;pt14_hp_v127;pt14_hp_v127;pt14_hp_nsm;pt14_hp_nsm | BI18: spacecraft | BJ18: spacecraft | BK18: aurel | BL18: silver_bug | BM18: 9 | BN18: 9 | BO18: hyperion_sun_beam | BP18: 50 | BQ18: group | BR18: FALSE | BU18: tuan:168;day_du:150 | CD18: hyperion_sun_beam | EQ18: aurel | EY18: 282320 | FI18: own | FU18: hyperion | FV18: 21.3 | FW18: 67.2 | FX18: 33.4 | GO18: #98a4b2 | GP18: 0.5;0.4 | GU18: 2 | GX18: 60 | GZ18: 10 | HA18: 4 | HL18: radio.aurel.hyperion | HN18: main | II18: 3.5 | JR18: radio.aurel.hyperion.phase2 | JS18: radio.aurel.hyperion.phase3 | JW18: crash_turret_l;crash_turret_r;uplink | JY18: hyperion | KA18: silver_bug | KB18: 1.2 | KK18: 1.111 | KM18: Assets/MachineBrigade/Resources/Data/balance.json: vehicles[173] | KN18: {"id":"hyperion","livery":"own","paint":"#98a4b2","paintFinish":[0.5,0.4],"variantOf":"silver_bug","model":"hyperion","rank":"main","general":"aurel","radioSpawn":"radio.aurel.hyperion","hp":282320,"weaponDamage":1.111,"speed":3.5,"bigAttack":"hyperion_sun_beam","arena":null,"modelSize":[67.2,33.4,21.3],"secondary":[{"weapon":"pt14_hp_155","slot":"gun","aim":"Free"},{"weapon":"pt14_hp_155","slot":"gun","aim":"Free"},{"weapon":"pt14_hp_vlaser","slot":"gun","aim":"Free"},{"weapon":"pt14_hp_vlaser","slot":"gun","aim":"Free"},{"weapon":"pt14_hp_v127","slot":"gun","aim":"Free"},{"weapon":"pt14_hp_v127","slot":"gun","aim":"Free"},{"weapon":"pt14_hp_nsm","slot":"rocket","aim":"Free"},{"weapon":"pt14_hp_nsm","slot":"rocket","aim":"Free"}],"tiers":{"crash":null,"hijack":null,"schedule":[{"steps":[{"tier":"high","seconds":60}]},{"steps":[{"tier":"high","seconds":60}]},{"steps":[{"tier":"high","seconds":60}]}],"radio":{"phase2":"radio.aurel.hyperion.phase2","phase3":"radio.aurel.hyperion.phase3"}},"pods":{"first":10,"every":60,"count":2,"max":4},"variant":{"size":1.2,"drop":["crash_turret_l","crash_turret_r","uplink"],"mark":"hyperion","tune":{"main_laser":{"hp":0.07,"at":[0,21.17,3.33]},"main_engine":{"hp":0.07,"at":[0,-26.42,8.25]},"thruster_fl":{"hp":0.07,"at":[-10.38,22.0,8.33]},"thruster_fr":{"hp":0.07,"at":[10.38,22.0,8.33]},"thruster_rl":{"hp":0.07,"at":[-12.17,-18.33,8.0]},"thruster_rr":{"hp":0.07,"at":[12.17,-18.33,8.0]},"pd_laser_l":{"hp":0.07,"at":[-6.83,4.5,11.0]},"pd_laser_r":{"hp":0.07,"at":[6.83,4.5,11.0]},"pod_bay":{"hp":0.07,"at":[0,-12.67,2.92]}}}}
A19: icarus_mk0 | B19: mini | C19: Icarus Mk.0 · Prototype Spacecraft | D19: Icarus Mk.0 · Phi thuyền nguyên mẫu | E19: Icarus Mk.0 | I19: 0 | J19: 94850 | K19: 80622.5 | L19: 4 | M19: 4 | N19: 4 | O19: 4 | P19: FALSE | Q19: 3 | R19: 10 | S19: 120 | T19: 80 | U19: 10 | V19: 34 | W19: 22 | X19: TRUE | Y19: 22 | Z19: FALSE | AA19: TRUE | AB19: 0 | AC19: 3.5 | AD19: 1 | AE19: p26_icarus_sec_orbital_laser | AF19: pt14_mk0_v40;pt14_mk0_v40 | AG19: boss_rage | AH19: aps | AI19: 3 | AJ19: 1.4 | AK19: icarus_mk0 | AL19: doi | AY19: 5 | AZ19: 3 | BF19: pt14_mk0_v40;pt14_mk0_v40 | BI19: spacecraft | BJ19: spacecraft | BK19: aurel | BL19: silver_bug | BM19: 3 | BN19: 3 | BR19: FALSE | BS19: 10 | BT19: c10m05 | BU19: tuan:66;day_du:60 | EQ19: aurel | EY19: 94850 | FI19: own | FU19: icarus_mk0 | GO19: #a9aca6 | GP19: 0.7;0.4 | GU19: 1 | GX19: 18 | HA19: 4 | HL19: radio.aurel.icarus_mk0 | JJ19: 0.45 | JK19: 0 | JR19: radio.aurel.icarus_mk0.phase2 | JX19: main_laser;pod_bay;pd_laser_l | JY19: mk0 | JZ19: mk0 | KA19: silver_bug | KB19: 0.4 | KC19: 0.96 | KD19: 0.86 | KE19: 0.86 | KK19: 2.275 | KM19: Assets/MachineBrigade/Resources/Data/balance.json: vehicles[168] | KN19: {"id":"icarus_mk0","livery":"own","paint":"#a9aca6","paintFinish":[0.7,0.4],"interceptionMode":"PointDefense","variantOf":"silver_bug","model":"icarus_mk0","hp":94850,"weaponDamage":2.275,"general":"aurel","radioSpawn":"radio.aurel.icarus_mk0","secondary":[{"weapon":"pt14_mk0_v40","slot":"gun","aim":"Free"},{"weapon":"pt14_mk0_v40","slot":"gun","aim":"Free"}],"aps":{"radius":19.5,"charges":3,"recharge":1.4,"rockets":true,"laser":true},"arena":null,"tiers":{"opening":0,"crash":null,"hijack":null,"marks":[0.45],"schedule":[{"steps":[{"tier":"high","seconds":18},{"tier":"low","seconds":12}]},{"steps":[{"tier":"high","seconds":12},{"tier":"low","seconds":18}]}],"radio":{"phase2":"radio.aurel.icarus_mk0.phase2"}},"pods":{"count":1,"max":4,"every":18},"variant":{"size":0.4,"keep":["main_laser","pod_bay","pd_laser_l"],"tint":[0.86,0.86,0.96],"mark":"mk0","name":"mk0","tune":{"main_laser":{"hp":0.12},"pod_bay":{"hp":0.12},"pd_laser_l":{"hp":0.12}}}}
A20: ixion | B20: main | C20: Ixion · Armoured Mine Truck | D20: Ixion · Xe tải mỏ bọc thép | E20: Ixion | I20: 0 | J20: 98400 | K20: 83640 | L20: 4 | M20: 3 | N20: 2 | O20: 2 | P20: FALSE | Q20: 7 | R20: 6 | S20: 90 | T20: 50 | U20: 11 | V20: 26 | W20: 12 | X20: FALSE | Y20: 0 | Z20: FALSE | AA20: TRUE | AB20: 1 | AC20: 3.5 | AD20: 1.7571 | AE20: p26_ixion_125 | AF20: p26_ixion_mg;p26_ixion_mg;pt14_ixion_30;pt14_ixion_kornet;pt14_ixion_kornet;pt14_ixion_grad | AH20: none | AK20: ixion | AL20: doi | AO20: 72000 | AP20: 98400 | BE20: p26_ixion_mg;p26_ixion_mg | BF20: p26_ixion_mg;p26_ixion_mg;pt14_ixion_30;pt14_ixion_kornet;pt14_ixion_kornet;pt14_ixion_grad | BG20: 1 | BH20: 1.7571 | BI20: wheeled | BJ20: wheeled | BK20: hung | BM20: 7 | BN20: 7 | BO20: ixion_crush_charge | BP20: 45 | BQ20: group | BR20: FALSE | BS20: 8 | BT20: c8m07 | BU20: tuan:168;day_du:150 | BZ20: 4 | CA20: 2 | CB20: 3 | CC20: 2 | CD20: ixion_crush_charge | CE20: 1 | CF20: 1 | CG20: 0 | CH20: TRUE | DQ20: 0.2 | DR20: 700 | DS20: 2 | DT20: 3 | DU20: 1.5 | DV20: 320 | DW20: 2.2 | DX20: 14 | DY20: Ultimate | EP20: wheeled | EQ20: hung | EY20: 98400 | FH20: 26 | FM20: 380 | FN20: 8 | FO20: 20 | FP20: 6 | FQ20: 4 | FR20: Large | FS20: 2.2 | FT20: 15 | FU20: ixion | FV20: 10 | FW20: 26 | FX20: 12 | FY20: p26_ixion_125 | FZ20: p26_ixion_mg | GB20: p26_ixion_mg | GN20: 1.7571 | GO20: #4f5b63 | GP20: 0.4;0.45 | HL20: radio.hung.ixion | HM20: 11 | HN20: main | II20: 7 | JU20: 6 | JV20: 90 | KF20: 50 | KJ20: p26_ixion_125 | KK20: 1 | KL20: 12 | KM20: Assets/MachineBrigade/Resources/Data/balance.json: vehicles[162] | KN20: {"id":"ixion","paint":"#4f5b63","paintFinish":[0.4,0.45],"outgoingDamageMult":1.7571,"mines":{"interval":8,"max":6,"damage":380,"radius":4,"tier":"Large","trigger":2.2,"life":20,"turnStrip":15},"bigAttackScale":{"damage":1,"cooldown":1,"warn":0},"bigAttack":"ixion_crush_charge","mountWeapons":{"0":"p26_ixion_125","1":"p26_ixion_mg","2":"p26_ixion_mg"},"modelSize":[26,12,10],"frame":"wheeled","rank":"main","general":"hung","boss":true,"radioSpawn":"radio.hung.ixion","model":"ixion","armour":[4,3,2,2],"hp":98400,"weaponDamage":1,"speed":7,"turnRate":6,"turretTurnRate":90,"radius":11,"length":26,"width":12,"vision":50,"weapon":"p26_ixion_125","secondary":[{"weapon":"p26_ixion_mg","slot":"mg","aim":"Free"},{"weapon":"p26_ixion_mg","slot":"mg","aim":"Free"},{"weapon":"pt14_ixion_30","slot":"gun","aim":"Free"},{"weapon":"pt14_ixion_kornet","slot":"missile","aim":"Free"},{"weapon":"pt14_ixion_kornet","slot":"missile","aim":"Free"},{"weapon":"pt14_ixion_grad","slot":"rocket","aim":"Free"}],"crush":{"dps":700,"reach":3,"armourCut":0.2,"structure":1.5,"minSpeed":2},"parts":[{"id":"wheel_l","kind":"wheel","node":"Part_wheel","hp":0.07,"armour":3,"wreck":"wreck_engine","at":[-5.4,8.5,1.8],"radius":2.8,"speed":0.6,"turn":0.5,"radio":"radio.part.wheel"},{"id":"wheel_r","kind":"wheel","node":"Part_wheel.001","hp":0.07,"armour":3,"wreck":"wreck_engine","at":[5.4,8.5,1.8],"radius":2.8,"speed":0.6,"turn":0.5,"radio":"radio.part.wheel"},{"id":"rear_l1","kind":"reartyre","node":"Part_tyre","hp":0.035,"armour":1,"wreck":"wreck_stump","at":[-5.4,-3,1.8],"radius":2.6,"speed":0.9,"turn":0.9},{"id":"rear_r1","kind":"reartyre","node":"Part_tyre.001","hp":0.035,"armour":1,"wreck":"wreck_stump","at":[5.4,-3,1.8],"radius":2.6,"speed":0.9,"turn":0.9},{"id":"rear_l2","kind":"reartyre","node":"Part_tyre.002","hp":0.035,"armour":1,"wreck":"wreck_stump","at":[-5.4,-9,1.8],"radius":2.6,"speed":0.9,"turn":0.9},{"id":"rear_r2","kind":"reartyre","node":"Part_tyre.003","hp":0.035,"armour":1,"wreck":"wreck_stump","at":[5.4,-9,1.8],"radius":2.6,"speed":0.9,"turn":0.9},{"id":"gun","kind":"hulltower","hp":0.12,"armour":3,"node":"Turret","wreck":"wreck_turret","at":[0,-1.5,6.5],"radius":3.2,"mounts":[0]},{"id":"cab","kind":"cab","node":"Part_cab","hp":0.08,"armour":2,"wreck":"wreck_stump","at":[-3.6,9.5,5],"radius":3,"mounts":[1,2]}],"deathExplosion":{"damage":320,"radius":14,"delay":2.2,"tier":"Ultimate"}}
A21: kraken | B21: main | C21: Kraken · Aircraft Carrier | D21: Kraken · Tàu sân bay | E21: Kraken | I21: 0 | J21: 168632 | K21: 143337.2 | L21: 5 | M21: 3 | N21: 2 | O21: 2 | P21: FALSE | Q21: 2.6 | R21: 8 | S21: 36 | T21: 120 | U21: 11.2 | V21: 86 | W21: 14.4 | X21: FALSE | Y21: 0 | Z21: FALSE | AA21: TRUE | AB21: 0 | AC21: 3.5 | AD21: 0.9678 | AE21: p26_leviathan_lev406 | AF21: p26_leviathan_lev406;p26_leviathan_lev406;p26_leviathan_sec_lev155;p26_leviathan_sec_lev155;p26_leviathan_direct_lev127;p26_leviathan_direct_lev127;aa_25_triple;aa_25_triple;aa_25_triple;aa_25_triple;aa_25_triple;aa_25_triple;aa_25_triple;aa_25_triple;sam_post | AG21: kraken_jets;leviathan_helos | AH21: aps | AI21: 3 | AJ21: 2.2 | AK21: kraken | AL21: doi | AO21: 117650 | AP21: 168632 | BG21: 1 | BH21: 0.9678 | BI21: ship | BJ21: ship | BK21: kessler | BL21: leviathan | BM21: 16 | BN21: 26 | BO21: kraken_air_raid | BP21: 50 | BQ21: group | BR21: FALSE | BU21: tuan:168;day_du:150 | BZ21: 5 | CA21: 2 | CB21: 3 | CC21: 2 | CD21: kraken_air_raid | EQ21: kessler | EY21: 168632 | FI21: own | FU21: kraken | FV21: 24 | FW21: 110 | FX21: 18.4 | GN21: 0.9678 | GO21: #747c81 | GP21: 0.3;0.55 | HL21: radio.kessler.kraken | HN21: main | IH21: kraken_jets;leviathan_helos | JY21: kraken | KA21: leviathan | KB21: 1.14 | KK21: 2.318 | KM21: Assets/MachineBrigade/Resources/Data/balance.json: vehicles[171] | KN21: {"id":"kraken","livery":"own","paint":"#747c81","paintFinish":[0.3,0.55],"outgoingDamageMult":0.9678,"armour":[5,3,2,2],"variantOf":"leviathan","model":"kraken","rank":"main","general":"kessler","radioSpawn":"radio.kessler.kraken","hp":168632,"weaponDamage":2.318,"bigAttack":"kraken_air_raid","skills":["kraken_jets","leviathan_helos"],"modelSize":[110,18.4,24],"variant":{"size":1.14,"mark":"kraken","tune":{"turret_fore":{"at":[0,33.68,7.93]},"turret_super":{"at":[0,25.09,8.81]},"turret_aft":{"at":[0,-42.46,6.35]},"sec_fore":{"at":[6.75,15.61,7.27]},"sec_aft":{"at":[-6.32,-33.51,9.08]},"vls":{"at":[0,18.6,6.33]},"aa_port":{"at":[-7.28,-8.77,8.48]},"aa_starboard":{"at":[6.84,-26.32,8.48]},"ciws_fore":{"at":[4.74,21.4,6.88]},"ciws_aft":{"at":[-5.09,-45.79,5.34]},"radar":{"at":[6.4,0,16.63]},"flight_deck":{"at":[-2.98,-26.32,9.11],"skills":["kraken_jets","leviathan_helos"]},"well_deck":{"at":[0,-48.03,3.92]},"machinery":{"at":[6.4,-8.42,14.89]}}}}
A22: landing_hovercraft | B22: mini | C22: Charybdis · Assault Hovercraft | D22: Charybdis · Tàu đệm khí đổ bộ | E22: Charybdis | I22: 0 | J22: 53500 | K22: 45475 | L22: 3 | M22: 2 | N22: 1 | O22: 1 | P22: FALSE | Q22: 5.5 | R22: 26 | S22: 200 | T22: 60 | U22: 9 | V22: 29.3 | W22: 15.9 | X22: FALSE | Y22: 0 | Z22: FALSE | AA22: TRUE | AB22: 0 | AC22: 3.5 | AD22: 1 | AE22: hover_ciws | AF22: hover_ciws;ciws_aa;hover_rockets;hover_rockets | AH22: aps | AI22: 2 | AJ22: 3 | AK22: landing_hovercraft | AL22: giong | BI22: hovercraft | BJ22: wheeled | BK22: kessler | BM22: 5 | BN22: 5 | BR22: TRUE | BS22: 6;9 | BT22: c6m08;c9m05 | BU22: tuan:66;day_du:60 | BY22: 3 | CH22: TRUE | CW22: 0 | CX22: 0 | DV22: 420 | DW22: 2.6 | DX22: 18 | DY22: Ultimate | DZ22: ciws_l | EN22: TRUE | EP22: hovercraft | EQ22: kessler | EY22: 53500 | EZ22: 35 | FA22: 15 | FB22: 5 | FC22: 4 | FD22: 3 | FE22: 0;16 | FF22: 6 | FG22: main_battle_tank;ifv;armored_car;fpv_carrier;aa_vehicle;main_battle_tank;ifv | FH22: 29.3 | FJ22: Free | FL22: gun | GO22: #5f6e63 | GP22: 0.25;0.55 | HL22: radio.kessler.hovercraft | HM22: 9 | HN22: mini | IC22: 1 | IG22: 0.85 | II22: 5.5 | JU22: 26 | JV22: 200 | KF22: 60 | KJ22: hover_ciws | KK22: 4.303 | KL22: 15.9 | KM22: Assets/MachineBrigade/Resources/Data/balance.json: vehicles[152] | KN22: {"id":"landing_hovercraft","paint":"#5f6e63","paintFinish":[0.25,0.55],"frame":"hovercraft","rank":"mini","size":0.85,"dropParts":["ciws_l"],"boss":true,"general":"kessler","radioSpawn":"radio.kessler.hovercraft","armour":3,"hp":53500,"weaponDamage":4.303,"speed":5.5,"turnRate":26,"turretTurnRate":200,"radius":9,"length":29.3,"width":15.9,"scale":1.0,"cp":0,"vision":60,"captureRate":0,"firesWhileMoving":true,"weapon":"hover_ciws","mainSlot":"gun","mainAim":"Free","secondary":[{"weapon":"hover_ciws","slot":"gun","aim":"Free"},{"weapon":"ciws_aa","slot":"mg","aim":"Free"},{"weapon":"ciws_aa","slot":"mg","aim":"Free"},{"weapon":"hover_rockets","slot":"rocket","aim":"Free"},{"weapon":"hover_rockets","slot":"rocket","aim":"Free"}],"aps":{"radius":22,"charges":2,"recharge":3,"rockets":true},"landing":{"every":35,"stop":6,"min":3,"max":4,"landings":5,"first":15,"units":["main_battle_tank","ifv","armored_car","fpv_carrier","aa_vehicle","main_battle_tank","ifv"],"ramp":[0,16]},"phases":[{"at":0.45,"transform":2.5,"speed":1.2,"radio":"radio.kessler.hovercraft.half"}],"parts":[{"id":"ramp","kind":"ramp","hp":0.12,"armour":3,"node":"Part_ramp","wreck":"wreck_stump","at":[0,12.5,2.3],"radius":3.0,"stops":["landing"],"radio":"radio.part.ramp"},{"id":"fan_l","kind":"fan","hp":0.07,"armour":1,"node":"Part_fan","wreck":"wreck_engine","at":[-5.3,-10.9,6.5],"radius":3.0,"speed":0.7},{"id":"fan_r","kind":"fan","hp":0.07,"armour":1,"node":"Part_fan.001","wreck":"wreck_engine","at":[5.3,-10.9,6.5],"radius":3.0,"speed":0.7},{"id":"gun_l","kind":"gun","hp":0.07,"armour":3,"node":"Part_gun","wreck":"wreck_turret","at":[-5.3,6.4,4.3],"radius":1.8,"mounts":[0]},{"id":"gun_r","kind":"gun","hp":0.07,"armour":3,"node":"Part_gun.001","wreck":"wreck_turret","at":[5.3,3.0,4.3],"radius":1.8,"mounts":[1]},{"id":"ciws_l","kind":"ciws","hp":0.07,"armour":2,"node":"Part_mg","wreck":"wreck_turret","at":[-5.3,-3.7,4.8],"radius":1.8,"mounts":[2],"stops":["aps"]},{"id":"ciws_r","kind":"ciws","hp":0.07,"armour":2,"node":"Part_mg.001","wreck":"wreck_turret","at":[5.3,-3.7,4.8],"radius":1.8,"mounts":[3],"stops":["aps"]},{"id":"rockets_l","kind":"rockets","hp":0.07,"armour":2,"node":"Part_rocket","wreck":"wreck_launcher","at":[-5.3,11.2,4.6],"radius":1.8,"mounts":[4]},{"id":"rockets_r","kind":"rockets","hp":0.07,"armour":2,"node":"Part_rocket.001","wreck":"wreck_launcher","at":[5.3,11.2,4.6],"radius":1.8,"mounts":[5]}],"deathExplosion":{"damage":420,"radius":18,"delay":2.6,"tier":"Ultimate"}}
A23: leviathan | B23: main | C23: Leviathan · Battleship | D23: Leviathan · Thiết giáp hạm | E23: Leviathan | I23: 0 | J23: 60900 | K23: 51765 | L23: 5 | M23: 3 | N23: 2 | O23: 2 | P23: FALSE | Q23: 2.6 | R23: 8 | S23: 36 | T23: 120 | U23: 11.2 | V23: 86 | W23: 14.4 | X23: FALSE | Y23: 0 | Z23: FALSE | AA23: TRUE | AB23: 0 | AC23: 3.5 | AD23: 0.9678 | AE23: p26_leviathan_lev406 | AF23: p26_leviathan_lev406;p26_leviathan_lev406;p26_leviathan_sec_lev155;p26_leviathan_sec_lev155;p26_leviathan_direct_lev127;p26_leviathan_direct_lev127;aa_25_triple;aa_25_triple;aa_25_triple;aa_25_triple;aa_25_triple;aa_25_triple;aa_25_triple;aa_25_triple;sam_post | AG23: leviathan_helos | AH23: aps | AI23: 3 | AJ23: 2.2 | AK23: leviathan | AL23: doi | AO23: 52200 | AP23: 60900 | BG23: 1 | BH23: 0.9678 | BI23: ship | BJ23: ship | BK23: kessler | BM23: 16 | BN23: 26 | BO23: leviathan_volley | BP23: 50 | BQ23: base | BR23: FALSE | BS23: 4 | BU23: tuan:168;day_du:150 | BZ23: 5 | CA23: 2 | CB23: 3 | CC23: 2 | CD23: leviathan_volley | CH23: TRUE | CW23: 0 | CX23: 0 | CZ23: main_battle_tank;ifv;main_battle_tank;tank_destroyer | DA23: 40 | DB23: 5 | DC23: 3 | DD23: 2 | DE23: 1 | DF23: landing_craft | DG23: 520 | DH23: 50 | DI23: 4 | DJ23: 20 | DL23: 1 | DM23: 10 | DN23: 5 | DO23: leviathan_cruise_mark | DP23: leviathan_cruise | DV23: 550 | DW23: 3.8 | DX23: 24 | DY23: Ultimate | EN23: TRUE | EP23: ship | EQ23: kessler | EY23: 60900 | FH23: 86 | FI23: own | FJ23: Free | FL23: gun | FY23: p26_leviathan_lev406 | FZ23: p26_leviathan_lev406 | GB23: p26_leviathan_lev406 | GC23: p26_leviathan_sec_lev155 | GD23: p26_leviathan_sec_lev155 | GE23: p26_leviathan_direct_lev127 | GF23: p26_leviathan_direct_lev127 | GJ23: 2 | GK23: 0.75 | GL23: far;near;far | GM23: Flagship | GN23: 0.9678 | GO23: #6f777c | GP23: 0.3;0.55 | HL23: radio.kessler.leviathan | HM23: 11.2 | HN23: main | HQ23: 2.2 | HR23: 2400 | HS23: 24 | HT23: 60 | HU23: 8 | HV23: 14 | HW23: 160 | HX23: 3 | HY23: 22 | HZ23: 18 | IA23: 3.7 | IB23: p26_leviathan_lev406 | IC23: 1 | IG23: 1.12 | IH23: leviathan_helos | II23: 2.6 | JU23: 8 | JV23: 36 | KF23: 120 | KH23: 3;4 | KI23: 1 | KJ23: leviathan_460 | KK23: 1 | KL23: 14.4 | KM23: Assets/MachineBrigade/Resources/Data/balance.json: vehicles[153] | KN23: {"id":"leviathan","livery":"own","paint":"#6f777c","paintFinish":[0.3,0.55],"outgoingDamageMult":0.9678,"wake":{"phase":1,"mounts":[3,4]},"mountWeapons":{"0":"p26_leviathan_lev406","1":"p26_leviathan_lev406","2":"p26_leviathan_lev406","3":"p26_leviathan_sec_lev155","4":"p26_leviathan_sec_lev155","5":"p26_leviathan_direct_lev127","6":"p26_leviathan_direct_lev127"},"frame":"ship","rank":"main","size":1.12,"boss":true,"bigAttack":"leviathan_volley","general":"kessler","radioSpawn":"radio.kessler.leviathan","armour":[5,3,2,2],"hp":60900,"weaponDamage":1,"speed":2.6,"turnRate":8,"turretTurnRate":36,"radius":11.2,"length":86,"width":14.4,"scale":1.0,"cp":0,"vision":120,"captureRate":0,"firesWhileMoving":true,"weapon":"leviathan_460","mainSlot":"gun","mainAim":"Free","secondary":[{"weapon":"leviathan_460","slot":"gun","aim":"Free"},{"weapon":"leviathan_460","slot":"gun","aim":"Free","arc":[180,150]},{"weapon":"naval_155_triple","slot":"gun","aim":"Free","arc":[0,135]},{"weapon":"naval_155_triple","slot":"gun","aim":"Free","arc":[180,135]},{"weapon":"hover_ciws","slot":"mg","aim":"Free"},{"weapon":"hover_ciws","slot":"mg","aim":"Free"},{"weapon":"aa_25_triple","slot":"mg","aim":"Free"},{"weapon":"aa_25_triple","slot":"mg","aim":"Free"},{"weapon":"aa_25_triple","slot":"mg","aim":"Free"},{"weapon":"aa_25_triple","slot":"mg","aim":"Free"},{"weapon":"aa_25_triple","slot":"mg","aim":"Free"},{"weapon":"aa_25_triple","slot":"mg","aim":"Free"},{"weapon":"aa_25_triple","slot":"mg","aim":"Free"},{"weapon":"aa_25_triple","slot":"mg","aim":"Free"},{"weapon":"sam_post","slot":"missile","aim":"Free"}],"aps":{"radius":30,"charges":3,"recharge":2.2,"rockets":true},"naval":{"role":"Flagship","lanes":["far","near","far"],"escapePhase":2,"escapeSpeed":0.75},"salvo":{"every":60,"edge":24,"first":8,"warn":3.7,"shells":3,"damage":2400,"radius":14,"spread":22,"range":160,"sweep":18,"blindScatter":2.2,"weapon":"p26_leviathan_lev406"},"cruise":{"every":50,"first":20,"phase":1,"warn":5,"damage":520,"radius":10,"final":4,"weapon":"leviathan_cruise","warning":"leviathan_cruise_mark"},"craft":{"unit":"landing_craft","carries":["main_battle_tank","ifv","main_battle_tank","tank_destroyer"],"per":2,"every":40,"first":5,"phase":1,"max":3},"fleet":[{"unit":"sea_cruiser","count":1,"at":22,"abeam":-17},{"unit":"sea_corvette","count":1,"at":-27,"abeam":-16},{"unit":"missile_boat","count":3}],"air":[{"phase":1,"units":["attack_jet","attack_jet"]}],"skills":["leviathan_helos"],"phases":[{"at":0.6,"transform":2.5,"radio":"radio.kessler.leviathan.phase2"},{"at":0.25,"transform":3,"radio":"radio.kessler.leviathan.phase3","fireRate":1.25}],"parts":[{"id":"turret_fore","kind":"maingun","hp":0.05,"armour":4,"node":"Part_gun","wreck":"wreck_turret","at":[0,21.4,6.4],"radius":3.8,"mounts":[0],"radio":"radio.part.maingun"},{"id":"turret_super","kind":"maingun","hp":0.05,"armour":4,"node":"Part_gun.001","wreck":"wreck_turret","at":[0,13.0,8.2],"radius":3.8,"mounts":[1]},{"id":"turret_aft","kind":"maingun","hp":0.05,"armour":4,"node":"Part_gun.002","wreck":"wreck_turret","at":[0,-25.6,5.8],"radius":3.8,"mounts":[2]},{"id":"sec_fore","kind":"gun","hp":0.05,"armour":2,"node":"Part_sec_f","wreck":"wreck_turret","at":[0,6.0,10.5],"radius":2.4,"mounts":[3]},{"id":"sec_aft","kind":"gun","hp":0.05,"armour":2,"node":"Part_sec_a","wreck":"wreck_turret","at":[0,-19.8,7.7],"radius":2.4,"mounts":[4]},{"id":"vls","kind":"vls","hp":0.05,"armour":2,"node":"Part_vls","wreck":"wreck_launcher","at":[0,-5.6,7.8],"radius":3.8,"stops":["cruise"],"radio":"radio.part.vls"},{"id":"aa_port","kind":"flak","hp":0.05,"armour":1,"node":"Part_aa_l","wreck":"wreck_turret","at":[-6.1,-4.5,4.6],"radius":5.0,"mounts":[7,8,9,10]},{"id":"aa_starboard","kind":"flak","hp":0.05,"armour":1,"node":"Part_aa_r","wreck":"wreck_turret","at":[6.1,-4.5,4.6],"radius":5.0,"mounts":[11,12,13,14]},{"id":"ciws_fore","kind":"ciws","hp":0.05,"armour":2,"node":"Part_mg","wreck":"wreck_turret","at":[3.4,3.4,9.9],"radius":1.8,"mounts":[5],"stops":["aps"]},{"id":"ciws_aft","kind":"ciws","hp":0.05,"armour":2,"node":"Part_mg.001","wreck":"wreck_turret","at":[-2.6,-14.8,7.0],"radius":1.8,"mounts":[6],"stops":["aps"],"radio":"radio.part.ciws"},{"id":"radar","mounts":[15],"kind":"radar","hp":0.05,"armour":1,"node":"Part_radar","wreck":"wreck_stump","at":[0,1.0,19.5],"radius":2.6,"stops":["radar"],"spread":2,"affects":[5,6],"fx":"energy","radio":"radio.part.radar"},{"id":"flight_deck","kind":"flightdeck","hp":0.05,"armour":2,"node":"Part_deck","wreck":"wreck_stump","at":[0,-36.0,3.9],"radius":5.5,"skills":["leviathan_helos"],"radio":"radio.part.flightdeck"},{"id":"well_deck","kind":"welldeck","hp":0.05,"armour":2,"node":"Part_welldeck","wreck":"wreck_stump","at":[0,-42.75,1.9],"radius":3.0,"stops":["craft"],"radio":"radio.part.welldeck"},{"id":"machinery","kind":"engine","hp":0.05,"armour":3,"node":"Part_engine","wreck":"wreck_engine","at":[0,-8.5,11.5],"radius":3.2,"speed":0.65,"radio":"radio.part.machinery"}],"deathExplosion":{"damage":550,"radius":24,"delay":3.8,"tier":"Ultimate"}}
A24: locust | B24: mini | C24: Locust · Drone Tender | D24: Locust · Tàu con drone | E24: Locust | I24: 0 | J24: 45650 | K24: 38802.5 | L24: 1 | M24: 1 | N24: 1 | O24: 1 | P24: FALSE | Q24: 5.2 | R24: 20 | S24: 90 | T24: 70 | U24: 9 | X24: TRUE | Y24: 26 | Z24: FALSE | AA24: TRUE | AB24: 0 | AC24: 3.5 | AD24: 1 | AE24: locust_drones | AF24: p26_matriarch_close_boss_flak | AG24: mothership_launch;boss_flares;mothership_shield | AH24: none | AK24: locust | AL24: doi | BC24: p26_matriarch_ma_drones | BD24: locust_drones | BI24: aircraft | BJ24: aircraft | BK24: sen | BL24: drone_mothership | BM24: 2 | BN24: 2 | BR24: FALSE | BS24: 5;14;11;12 | BT24: c11m07;c11m12;c12m05;c5m08;i2m02;i2m04 | BU24: tuan:66;day_du:60 | BY24: 1 | EQ24: sen | EY24: 45650 | FY24: locust_drones | GO24: #6a7040 | GP24: 0.3;0.5 | HL24: radio.sen.locust | II24: 5.2 | JX24: drone_bay;flak_top | JY24: locust | KA24: drone_mothership | KB24: 0.4615 | KC24: 0.72 | KD24: 0.92 | KE24: 1.04 | KK24: 1.297 | KM24: Assets/MachineBrigade/Resources/Data/balance.json: vehicles[166] | KN24: {"id":"locust","paint":"#6a7040","paintFinish":[0.3,0.5],"wake":null,"variantOf":"drone_mothership","mountWeapons":{"0":"locust_drones"},"general":"sen","radioSpawn":"radio.sen.locust","hp":45650,"weaponDamage":1.297,"armour":1,"speed":5.2,"variant":{"size":0.4615,"keep":["drone_bay","flak_top"],"tint":[1.04,0.92,0.72],"mark":"locust","tune":{"drone_bay":{"hp":0.15},"flak_top":{"hp":0.15}}}}
A25: mega_gunship | B25: mini | C25: Harpy · Giant Helicopter | D25: Harpy · Trực thăng khổng lồ | E25: Harpy | I25: 0 | J25: 29950 | K25: 25457.5 | L25: 2 | M25: 2 | N25: 2 | O25: 2 | P25: FALSE | Q25: 6 | R25: 50 | S25: 360 | T25: 55 | U25: 7 | X25: TRUE | Y25: 20 | Z25: FALSE | AA25: TRUE | AB25: 0 | AC25: 3.5 | AD25: 1 | AE25: gunship_rockets | AF25: boss_heli_gun;boss_heli_gun;boss_minigun;gunship_rockets;boss_hmg;boss_hmg | AG25: boss_flares;boss_rage | AH25: none | AK25: mega_gunship | AL25: giong | BI25: aircraft | BJ25: aircraft | BK25: quaden | BM25: 7 | BN25: 7 | BR25: TRUE | BS25: 3;15;10 | BT25: c10m12;c3m05;i3m02 | BU25: tuan:66;day_du:60 | BW25: 20 | BY25: 2 | CH25: TRUE | CW25: 0 | CX25: 0 | DV25: 350 | DW25: 2.6 | DX25: 15 | DY25: Ultimate | DZ25: minigun_l;missiles | EA25: FALSE | EN25: TRUE | EO25: TRUE | EP25: aircraft | EQ25: quaden | EY25: 29950 | FK25: hydra | FL25: rocket | GO25: #59605a | GP25: 0.3;0.5 | HL25: radio.quaden.harpy | HM25: 7 | HN25: mini | IC25: 1.35 | IG25: 0.85 | IH25: boss_flares;boss_rage | II25: 6 | JU25: 50 | JV25: 360 | KF25: 55 | KJ25: gunship_rockets | KK25: 2.496 | KM25: Assets/MachineBrigade/Resources/Data/balance.json: vehicles[141] | KN25: {"id":"mega_gunship","paint":"#59605a","paintFinish":[0.3,0.5],"duel":{"escorts":false},"frame":"aircraft","rank":"mini","general":"quaden","size":0.85,"dropParts":["minigun_l","missiles"],"radioSpawn":"radio.quaden.harpy","scale":1.35,"armour":2,"hp":29950,"weaponDamage":2.496,"speed":6,"turnRate":50,"turretTurnRate":360,"radius":7,"cp":0,"vision":55,"firesWhileMoving":true,"weapon":"gunship_rockets","mainSlot":"rocket","mainModel":"hydra","flying":true,"altitude":20,"captureRate":0,"boss":true,"skills":["boss_flares","boss_rage"],"secondary":[{"weapon":"boss_heli_gun","slot":"gun","aim":"Free","arc":[-45,70]},{"weapon":"boss_heli_gun","slot":"gun","aim":"Free","arc":[45,70]},{"weapon":"boss_missiles","slot":"missile","aim":"Hull"},{"weapon":"boss_minigun","slot":"mg","aim":"Free"},{"weapon":"boss_minigun","slot":"mg","aim":"Free"},{"weapon":"gunship_rockets","slot":"rocket","model":"hydra","aim":"Hull"},{"weapon":"boss_hmg","slot":"mg","aim":"Free"},{"weapon":"boss_hmg","slot":"mg","aim":"Free"}],"parts":[{"id":"gun_l","kind":"gun","hp":0.08,"armour":2,"node":"Mount_gun","wreck":"wreck_turret","at":[-2.3,1.05,0.95],"radius":1.5,"mounts":[1]},{"id":"gun_r","kind":"gun","hp":0.08,"armour":2,"node":"Mount_gun.001","wreck":"wreck_turret","at":[2.3,1.05,0.95],"radius":1.5,"mounts":[2]},{"id":"minigun_l","kind":"minigun","hp":0.08,"armour":2,"node":"Mount_mg","wreck":"wreck_turret","at":[-1.52,4.6,1.9],"radius":1.5,"mounts":[4]},{"id":"minigun_r","kind":"minigun","hp":0.08,"armour":2,"node":"Mount_mg.001","wreck":"wreck_turret","at":[1.52,4.6,1.9],"radius":1.5,"mounts":[5]},{"id":"pod_l","kind":"rockets","hp":0.08,"armour":2,"node":"Part_pod","wreck":"wreck_launcher","at":[-3.2,-0.1,1.14],"radius":1.6,"mounts":[0]},{"id":"pod_r","kind":"rockets","hp":0.08,"armour":2,"node":"Part_pod.001","wreck":"wreck_launcher","at":[3.2,-0.1,1.14],"radius":1.6,"mounts":[6]},{"id":"missiles","kind":"missiles","hp":0.08,"armour":2,"node":"Part_missiles","wreck":"wreck_launcher","at":[0,0.1,1.42],"radius":1.4,"mounts":[3]},{"id":"rotor_rear","kind":"rotor","hp":0.1,"armour":1,"node":"Rotor_rear","wreck":"wreck_stump","at":[0,-6.7,5.7],"radius":3.0,"turn":0.5}],"deathExplosion":{"damage":350,"radius":15,"delay":2.6,"tier":"Ultimate"}}
A26: mobile_fortress | B26: main | C26: Jötunn · Mobile Fortress | D26: Jötunn · Pháo đài di động | E26: Jötunn | I26: 0 | J26: 45320 | K26: 38522 | L26: 5 | M26: 3 | N26: 2 | O26: 2 | P26: FALSE | Q26: 1.8 | R26: 20 | S26: 25 | T26: 60 | U26: 7.5 | V26: 19.308 | W26: 10.92 | X26: FALSE | Y26: 0 | Z26: FALSE | AA26: TRUE | AB26: 0 | AC26: 3.5 | AD26: 0.9508 | AE26: p26_jotunn_jo203 | AF26: p26_jotunn_sec_jo_rockets;p26_jotunn_sec_jo_rockets;p26_jotunn_close_boss_flak;p26_jotunn_close_boss_flak;p26_jotunn_direct_jo125;p26_jotunn_tiny_twin_30_flak;p26_jotunn_jo203;sam_post | AG26: fortress_barrage;boss_emp | AH26: none | AK26: mobile_fortress | AL26: doi | AO26: 41200 | AP26: 45320 | BG26: 1 | BH26: 0.9508 | BI26: tracked | BJ26: tracked | BK26: orlov | BM26: 9 | BN26: 9 | BO26: fortress_203_barrage | BP26: 50 | BQ26: group | BR26: TRUE | BS26: 3 | BU26: tuan:168;day_du:150 | BZ26: 5 | CA26: 2 | CB26: 3 | CC26: 2 | CD26: fortress_203_barrage | CH26: TRUE | CW26: 0 | CX26: 0 | DV26: 450 | DW26: 2.6 | DX26: 20 | DY26: Ultimate | EN26: TRUE | EP26: tracked | EQ26: orlov | ES26: 4 | ET26: 180 | EU26: 5 | EV26: 6 | EW26: 15 | EY26: 45320 | FH26: 16.09 | FY26: p26_jotunn_jo203 | FZ26: p26_jotunn_sec_jo_rockets | GB26: p26_jotunn_sec_jo_rockets | GC26: p26_jotunn_close_boss_flak | GD26: p26_jotunn_close_boss_flak | GE26: p26_jotunn_direct_jo125 | GF26: p26_jotunn_tiny_twin_30_flak | GG26: p26_jotunn_jo203 | GN26: 0.9508 | GO26: #8a7d5c | GP26: 0.25;0.6 | HL26: radio.orlov.fortress | HM26: 7.5 | HN26: main | IC26: 1.2 | IG26: 1.657 | IH26: fortress_barrage;boss_emp | II26: 1.8 | JU26: 20 | JV26: 25 | KF26: 60 | KH26: 1;2 | KI26: 1 | KJ26: boss_howitzer | KK26: 1 | KL26: 9.1 | KM26: Assets/MachineBrigade/Resources/Data/balance.json: vehicles[139] | KN26: {"id":"mobile_fortress","paint":"#8a7d5c","paintFinish":[0.25,0.6],"outgoingDamageMult":0.9508,"guard":{"radius":15,"count":4,"every":5,"damage":180,"pad":6},"wake":{"phase":1,"mounts":[1,2]},"mountWeapons":{"0":"p26_jotunn_jo203","1":"p26_jotunn_sec_jo_rockets","2":"p26_jotunn_sec_jo_rockets","3":"p26_jotunn_close_boss_flak","4":"p26_jotunn_close_boss_flak","5":"p26_jotunn_direct_jo125","6":"p26_jotunn_tiny_twin_30_flak","7":"p26_jotunn_jo203"},"frame":"tracked","rank":"main","general":"orlov","size":1.657,"radioSpawn":"radio.orlov.fortress","scale":1.2,"armour":[5,3,2,2],"hp":45320,"weaponDamage":1,"speed":1.8,"turnRate":20,"turretTurnRate":25,"radius":7.5,"length":16.09,"width":9.1,"cp":0,"vision":60,"firesWhileMoving":true,"weapon":"boss_howitzer","captureRate":0,"boss":true,"bigAttack":"fortress_203_barrage","skills":["fortress_barrage","boss_emp"],"secondary":[{"weapon":"boss_rockets","slot":"rocket","aim":"Free"},{"weapon":"boss_rockets","slot":"rocket","aim":"Free"},{"weapon":"boss_flak","slot":"mg","aim":"Free"},{"weapon":"boss_flak","slot":"mg","aim":"Free"},{"weapon":"boss_missiles","slot":"missile","aim":"Hull"},{"weapon":"twin_30_flak","slot":"mg","aim":"Free"}],"parts":[{"id":"howitzer","kind":"howitzer","hp":0.09,"armour":3,"node":"Main_cannon|Muzzle_brake","wreck":"wreck_barrel","at":[0,4.0,7.0],"radius":3.0,"mounts":[0],"skills":["fortress_barrage"],"radio":"radio.part.maingun"},{"id":"rockets_l","kind":"rockets","hp":0.07,"armour":2,"node":"Mount_rocket","wreck":"wreck_launcher","at":[-2.15,-6.0,5.0],"radius":1.8,"mounts":[1]},{"id":"rockets_r","kind":"rockets","hp":0.07,"armour":2,"node":"Mount_rocket.001","wreck":"wreck_launcher","at":[2.15,-6.0,5.0],"radius":1.8,"mounts":[2]},{"id":"flak_l","kind":"flak","hp":0.07,"armour":2,"node":"Mount_mg","wreck":"wreck_turret","at":[-3.2,6.0,4.6],"radius":1.8,"mounts":[3]},{"id":"flak_r","kind":"flak","hp":0.07,"armour":2,"node":"Mount_mg.001","wreck":"wreck_turret","at":[3.2,6.0,4.6],"radius":1.8,"mounts":[4,6]},{"id":"missiles","kind":"missiles","hp":0.07,"armour":2,"wreck":"wreck_launcher","at":[0,9.0,3.3],"radius":1.8,"mounts":[5]},{"id":"emp","kind":"emp","hp":0.07,"armour":1,"node":"Radar","wreck":"wreck_stump","at":[0,-4.2,7.7],"radius":2.0,"skills":["boss_emp"]},{"use":"howitzer_203","id":"howitzer_2","node":"Mount_gun","at":[0,-2.1,7.7]},{"use":"sam_medium","id":"sam","node":"Mount_missile.001","at":[1.25,5.5,6.3]}],"deathExplosion":{"damage":450,"radius":20,"delay":2.6,"tier":"Ultimate"}}
A27: moloch | B27: main | C27: Moloch · Mobile Factory | D27: Moloch · Nhà máy di động | E27: Moloch | I27: 0 | J27: 93860 | K27: 79781 | L27: 5 | M27: 3 | N27: 2 | O27: 2 | P27: FALSE | Q27: 1.2 | R27: 14 | S27: 30 | T27: 60 | U27: 11 | V27: 24 | W27: 13 | X27: FALSE | Y27: 0 | Z27: FALSE | AA27: TRUE | AB27: 1 | AC27: 3.5 | AD27: 1.6957 | AE27: p26_moloch_main_mo120 | AF27: p26_moloch_tiny_zu23;p26_moloch_tiny_zu23;p26_moloch_main_mo120;p26_moloch_direct_mo120ap;p26_moloch_direct_mo120ap;p26_moloch_close_boss_flak | AG27: boss_bulwark | AH27: none | AK27: moloch | AL27: doi | AO27: 74100 | AP27: 93860 | BG27: 1 | BH27: 1.6957 | BI27: tracked | BJ27: tracked | BK27: varga | BM27: 7 | BN27: 13 | BO27: moloch_factory_dump | BP27: 50 | BQ27: group | BR27: FALSE | BS27: 6;8 | BU27: tuan:168;day_du:150 | BZ27: 5 | CA27: 2 | CB27: 3 | CC27: 2 | CD27: moloch_factory_dump | CH27: TRUE | DV27: 480 | DW27: 2.6 | DX27: 22 | DY27: Ultimate | EB27: 6 | EC27: door_l;door_r | ED27: 20 | EE27: 12 | EF27: 60 | EG27: 2 | EH27: 1 | EI27: light_tank,ifv,armored_car;main_battle_tank,ifv,light_tank;main_battle_tank,heavy_tank,ifv | EP27: tracked | EQ27: varga | ES27: 4 | ET27: 250 | EU27: 5 | EV27: 6 | EW27: 15 | EY27: 93860 | FH27: 24 | FU27: moloch | FY27: p26_moloch_main_mo120 | FZ27: p26_moloch_tiny_zu23 | GB27: p26_moloch_tiny_zu23 | GC27: p26_moloch_main_mo120 | GD27: p26_moloch_direct_mo120ap | GE27: p26_moloch_direct_mo120ap | GF27: p26_moloch_close_boss_flak | GN27: 1.6957 | GO27: #5a2f2a | GP27: 0.35;0.5 | HL27: radio.varga.moloch | HM27: 11 | HN27: main | IG27: 1.5103 | IH27: boss_bulwark | II27: 1.2 | JU27: 14 | JV27: 30 | KF27: 60 | KJ27: gun_120mm | KK27: 1 | KL27: 13 | KM27: Assets/MachineBrigade/Resources/Data/balance.json: vehicles[159] | KN27: {"id":"moloch","paint":"#5a2f2a","paintFinish":[0.35,0.5],"outgoingDamageMult":1.6957,"size":1.5103,"guard":{"radius":15,"count":4,"every":5,"damage":250,"pad":6},"mountWeapons":{"0":"p26_moloch_main_mo120","1":"p26_moloch_tiny_zu23","2":"p26_moloch_tiny_zu23","3":"p26_moloch_main_mo120","4":"p26_moloch_direct_mo120ap","5":"p26_moloch_direct_mo120ap","6":"p26_moloch_close_boss_flak"},"frame":"tracked","rank":"main","general":"varga","boss":true,"bigAttack":"moloch_factory_dump","radioSpawn":"radio.varga.moloch","model":"moloch","armour":[5,3,2,2],"hp":93860,"weaponDamage":1,"speed":1.2,"turnRate":14,"turretTurnRate":30,"radius":11,"length":24,"width":13,"vision":60,"weapon":"gun_120mm","secondary":[{"weapon":"zu23","slot":"mg","aim":"Free"},{"weapon":"zu23","slot":"mg","aim":"Free"}],"skills":["boss_bulwark"],"factory":{"first":12,"every":20,"min":1,"max":2,"grow":60,"cap":6,"doors":["door_l","door_r"],"units":[["light_tank","ifv","armored_car"],["main_battle_tank","ifv","light_tank"],["main_battle_tank","heavy_tank","ifv"]]},"parts":[{"use":"turret_120","id":"turret_fl","mounts":[0],"node":"Turret","at":[-4.4,7.6,7.4],"radio":"radio.part.maingun"},{"use":"turret_120","id":"turret_fr","node":"Mount_gun","at":[4.4,7.6,7.4]},{"use":"turret_120","id":"turret_rl","node":"Mount_gun.001","at":[-4.4,-4.6,7.4]},{"use":"turret_120","id":"turret_rr","node":"Mount_gun.002","at":[4.4,-4.6,7.4]},{"use":"flak_35","id":"flak","node":"Mount_mg","at":[0,1.4,9.4]},{"use":"workshop_door","id":"door_l","node":"Part_door_l","at":[-3.0,-11.8,2.8]},{"use":"workshop_door","id":"door_r","node":"Part_door_r","at":[3.0,-11.8,2.8]},{"use":"tracks","id":"track_l","node":"Part_track_l","at":[-6.0,0,1.4],"speed":0.8},{"use":"tracks","id":"track_r","node":"Part_track_r","at":[6.0,0,1.4],"speed":0.8}],"deathExplosion":{"damage":480,"radius":22,"delay":2.6,"tier":"Ultimate"}}
A28: monster | B28: main | C28: Monster · 800 mm Self-Propelled Gun | D28: Monster · Pháo tự hành 800 mm | E28: Monster | I28: 0 | J28: 158087 | K28: 134373.95 | L28: 5 | M28: 3 | N28: 2 | O28: 3 | P28: FALSE | Q28: 0.8 | R28: 18 | S28: 22 | T28: 64 | U28: 7.5 | V28: 19.884 | W28: 10.92 | X28: FALSE | Y28: 0 | Z28: FALSE | AA28: TRUE | AB28: 0 | AC28: 3.5 | AD28: 1 | AE28: p26_bastion_sec_b240 | AF28: p26_bastion_direct_b100;p26_bastion_direct_b100;p26_bastion_tiny_autocannon_40;p26_bastion_tiny_autocannon_40;p26_bastion_tiny_kornet_twin;p26_bastion_close_boss_hmg;p26_bastion_close_boss_hmg;p26_bastion_main_b155;p26_bastion_tiny_zu23;p26_bastion_tiny_zu23 | AG28: train_patch;boss_bulwark;fortress_barrage | AH28: none | AK28: monster | AL28: doi | AO28: 103100 | AP28: 158087 | BI28: tracked | BJ28: tracked | BK28: orlov | BL28: fortress_bastion | BM28: 11 | BN28: 15 | BO28: monster_800_shell | BP28: 50 | BQ28: group | BR28: FALSE | BS28: 11 | BT28: c11m05 | BU28: tuan:168;day_du:150 | BZ28: 5 | CA28: 2 | CB28: 3 | CC28: 3 | CD28: monster_800_shell | EQ28: orlov | EY28: 158087 | FU28: monster | FV28: 13 | FW28: 40.3 | FX28: 22.1 | GO28: #4e5a2e | GP28: 0.25;0.6 | HL28: radio.orlov.monster | HN28: main | II28: 0.8 | JY28: monster | KA28: fortress_bastion | KB28: 1.05 | KK28: 1.997 | KM28: Assets/MachineBrigade/Resources/Data/balance.json: vehicles[172] | KN28: {"id":"monster","paint":"#4e5a2e","paintFinish":[0.25,0.6],"armour":[5,3,2,3],"variantOf":"fortress_bastion","model":"monster","rank":"main","general":"orlov","radioSpawn":"radio.orlov.monster","hp":158087,"weaponDamage":1.997,"speed":0.8,"bigAttack":"monster_800_shell","modelSize":[40.3,22.1,13],"variant":{"size":1.05,"mark":"monster"}}
A29: nuke_train | B29: main | C29: Nemesis · Missile Train | D29: Nemesis · Đoàn tàu tên lửa | E29: Nemesis | I29: 0 | J29: 118200 | K29: 100470 | L29: 5 | M29: 3 | N29: 2 | O29: 2 | P29: FALSE | Q29: 0.35 | R29: 30 | S29: 90 | T29: 55 | U29: 3.8 | V29: 69.138 | W29: 3.956 | X29: FALSE | Y29: 0 | Z29: FALSE | AA29: TRUE | AB29: 0 | AC29: 3.5 | AD29: 1.3092 | AE29: p26_nemesis_main_ne152 | AF29: p26_nemesis_close_boss_flak;p26_nemesis_close_boss_flak;p26_nemesis_sec_boss_rockets;sam_battery;p26_nemesis_direct_ne125;p26_nemesis_close_boss_flak | AH29: none | AK29: nuke_train | AL29: doi | AO29: 88650 | AP29: 118200 | BG29: 1 | BH29: 1.3092 | BI29: train | BJ29: rail | BK29: hung | BM29: 7 | BN29: 7 | BO29: doomsday_missile | BP29: 50 | BQ29: hq | BR29: TRUE | BS29: 7 | BU29: tuan:168;day_du:150 | BX29: metrocity | BZ29: 5 | CA29: 2 | CB29: 3 | CC29: 2 | CD29: doomsday_missile | CH29: TRUE | CW29: 0 | CX29: 0 | DV29: 400 | DW29: 2.6 | DX29: 18 | DY29: Ultimate | EN29: TRUE | EP29: train | EQ29: hung | ES29: 4 | ET29: 280 | EU29: 5 | EV29: 6 | EW29: 15 | EY29: 118200 | FH29: 60.12 | FY29: p26_nemesis_main_ne152 | FZ29: p26_nemesis_close_boss_flak | GB29: p26_nemesis_close_boss_flak | GC29: p26_nemesis_sec_boss_rockets | GE29: p26_nemesis_direct_ne125 | GF29: p26_nemesis_close_boss_flak | GN29: 1.3092 | GO29: #6b5d3a | GP29: 0.3;0.55 | HL29: radio.hung.nemesis | HM29: 3.8 | HN29: main | HO29: rail | IC29: 1.15 | IG29: 1.4763 | II29: 0.35 | JU29: 30 | JV29: 90 | KF29: 55 | KH29: 3 | KI29: 1 | KJ29: gun_behemoth | KK29: 1 | KL29: 3.44 | KM29: Assets/MachineBrigade/Resources/Data/balance.json: vehicles[143] | KN29: {"id":"nuke_train","paint":"#6b5d3a","paintFinish":[0.3,0.55],"outgoingDamageMult":1.3092,"guard":{"radius":15,"count":4,"every":5,"damage":280,"pad":6},"wake":{"phase":1,"mounts":[3]},"mountWeapons":{"0":"p26_nemesis_main_ne152","1":"p26_nemesis_close_boss_flak","2":"p26_nemesis_close_boss_flak","3":"p26_nemesis_sec_boss_rockets","5":"p26_nemesis_direct_ne125","6":"p26_nemesis_close_boss_flak"},"frame":"train","arena":"metrocity","route":"rail","rank":"main","general":"hung","size":1.4763,"radioSpawn":"radio.hung.nemesis","scale":1.15,"boss":true,"bigAttack":"doomsday_missile","armour":[5,3,2,2],"hp":118200,"weaponDamage":1,"speed":0.35,"turnRate":30,"turretTurnRate":90,"radius":3.8,"length":60.12,"width":3.44,"cp":0,"vision":55,"firesWhileMoving":true,"weapon":"gun_behemoth","captureRate":0,"skills":[],"secondary":[{"weapon":"boss_flak","slot":"mg","aim":"Free"},{"weapon":"boss_flak","slot":"mg","aim":"Free"},{"weapon":"boss_rockets","slot":"rocket","aim":"Free"},{"weapon":"sam_battery","slot":"missile","aim":"Free"}],"parts":[{"id":"locomotive","kind":"locomotive","hp":0.08,"armour":4,"wreck":"wreck_stump","at":[0,25.2,2.5],"radius":3.5,"speed":0.5,"radio":"radio.part.locomotive"},{"id":"twin_gun","kind":"maingun","hp":0.09,"armour":3,"node":"Main_cannon|Main_cannon_2|Muzzle_brake|Muzzle_brake_2","wreck":"wreck_barrel","at":[0,24.57,3.9],"radius":3.0,"mounts":[0],"radio":"radio.part.maingun"},{"id":"flak_front","kind":"flak","hp":0.07,"armour":2,"node":"Mount_mg","wreck":"wreck_turret","at":[-0.45,27.37,3.5],"radius":2.0,"mounts":[1]},{"id":"flak_rear","kind":"flak","hp":0.07,"armour":2,"node":"Mount_mg.001","wreck":"wreck_turret","at":[0.45,19.35,3.5],"radius":2.0,"mounts":[2]},{"id":"rocket_car","kind":"rockets","hp":0.07,"armour":2,"node":"Part_rocket","wreck":"wreck_launcher","at":[0,5.67,2.6],"radius":2.4,"mounts":[3]},{"id":"sam_car","kind":"sam","hp":0.07,"armour":2,"node":"Part_missile","wreck":"wreck_launcher","at":[0,0.87,2.8],"radius":2.4,"mounts":[4]},{"id":"erector","kind":"erector","hp":0.07,"armour":2,"wreck":"wreck_launcher","at":[0,14.57,3.6],"radius":2.6,"radio":"radio.part.erector"},{"use":"gun_152_car","id":"gun_car_152","kind":"gun","node":"Part_gun152","at":[0,-4.13,3.4]},{"use":"flak_35","id":"aa_car","node":"Part_aa","at":[0,-9.13,3.2]}],"deathExplosion":{"damage":400,"radius":18,"delay":2.6,"tier":"Ultimate"}}
A30: nyx | B30: mini | C30: Nyx · Stealth Destroyer | D30: Nyx · Tàu khu trục tàng hình | E30: Nyx | I30: 0 | J30: 37750 | K30: 32087.5 | L30: 4 | M30: 4 | N30: 3 | O30: 2 | P30: FALSE | Q30: 5 | R30: 8 | S30: 36 | T30: 120 | U30: 11.2 | V30: 86 | W30: 14.4 | X30: FALSE | Y30: 0 | Z30: FALSE | AA30: TRUE | AB30: 0 | AC30: 3.5 | AD30: 0.8362 | AE30: nyx_ags_155 | AF30: p26_leviathan_direct_lev127;p26_leviathan_direct_lev127;nyx_millennium;nyx_millennium;nyx_tomahawk | AG30: leviathan_helos | AH30: aps | AI30: 3 | AJ30: 2.2 | AK30: nyx | AL30: doi | BC30: boss_railgun | BD30: nyx_ags_155 | BE30: p26_leviathan_direct_lev127;p26_leviathan_direct_lev127 | BF30: p26_leviathan_direct_lev127;p26_leviathan_direct_lev127;nyx_millennium;nyx_millennium;nyx_tomahawk | BG30: 1 | BH30: 0.8362 | BI30: ship | BJ30: ship | BK30: kessler | BL30: leviathan | BM30: 6 | BN30: 6 | BR30: FALSE | BU30: tuan:66;day_du:60 | BZ30: 4 | CA30: 3 | CB30: 4 | CC30: 2 | DG30: 400 | DH30: 18 | DI30: 0 | DK30: Large | DL30: 0 | DM30: 6.5 | DO30: kalibr_cruise_mark | EQ30: kessler | EY30: 37750 | FI30: own | FU30: nyx | FV30: 11 | FW30: 53 | FX30: 8.9 | GJ30: -1 | GL30: near | GN30: 0.8362 | GO30: #5b6267 | GP30: 0.3;0.55 | HL30: radio.kessler.nyx | II30: 5 | IK30: TRUE | JX30: turret_fore;vls;ciws_fore;ciws_aft | JY30: nyx | KA30: leviathan | KB30: 0.55 | KJ30: nyx_ags_155 | KK30: 1.865 | KM30: Assets/MachineBrigade/Resources/Data/balance.json: vehicles[176] | KN30: {"id":"nyx","livery":"own","paint":"#5b6267","paintFinish":[0.3,0.55],"outgoingDamageMult":0.8362,"wake":null,"variantOf":"leviathan","model":"nyx","general":"kessler","radioSpawn":"radio.kessler.nyx","hp":37750,"weaponDamage":1.865,"armour":[4,4,3,2],"weapon":"nyx_ags_155","stealth":true,"speed":5,"secondary":[{"weapon":"p26_leviathan_direct_lev127","slot":"mg","aim":"Free"},{"weapon":"p26_leviathan_direct_lev127","slot":"mg","aim":"Free"},{"weapon":"nyx_millennium","slot":"mg","aim":"Free"},{"weapon":"nyx_millennium","slot":"mg","aim":"Free"},{"weapon":"nyx_tomahawk","slot":"missile","aim":"Free"}],"modelSize":[53,8.9,11],"naval":{"lanes":["near"],"escapePhase":-1},"craft":null,"air":[],"cruise":{"phase":0,"damage":400,"final":0,"every":18,"impactTier":"Large","radius":6.5,"warning":"kalibr_cruise_mark"},"fleet":[{"unit":"missile_boat","count":1}],"salvo":null,"variant":{"size":0.55,"keep":["turret_fore","vls","ciws_fore","ciws_aft"],"mark":"nyx","tune":{"turret_fore":{"hp":0.12,"at":[0,24.0,6.96]},"vls":{"hp":0.12,"at":[0,15.64,5.71]},"ciws_fore":{"hp":0.11,"at":[0,9.73,12.56]},"ciws_aft":{"hp":0.11,"at":[0,-17.82,12.56]}}}}
A31: scylla | B31: mini | C31: Scylla · Destroyer | D31: Scylla · Tàu khu trục | E31: Scylla | I31: 0 | J31: 37750 | K31: 32087.5 | L31: 4 | M31: 4 | N31: 3 | O31: 2 | P31: FALSE | Q31: 4.6 | R31: 14 | S31: 36 | T31: 120 | U31: 11.2 | V31: 86 | W31: 14.4 | X31: FALSE | Y31: 0 | Z31: FALSE | AA31: TRUE | AB31: 0 | AC31: 3.5 | AD31: 0.7389 | AE31: naval_130_twin | AF31: p26_leviathan_direct_lev127;scylla_ak230;scylla_ak230;scylla_2m7;scylla_2m7;scylla_kh35;scylla_kh35 | AG31: leviathan_helos | AH31: aps | AI31: 3 | AJ31: 2.2 | AK31: scylla | AL31: doi | BE31: p26_leviathan_direct_lev127 | BF31: p26_leviathan_direct_lev127;scylla_ak230;scylla_ak230;scylla_2m7;scylla_2m7;scylla_kh35;scylla_kh35 | BG31: 1 | BH31: 0.7389 | BI31: ship | BJ31: ship | BK31: kessler | BL31: leviathan | BM31: 8 | BN31: 13 | BR31: FALSE | BS31: 4;9;12 | BT31: c12m02;c4m06;c9m08 | BU31: tuan:66;day_du:60 | BZ31: 4 | CA31: 3 | CB31: 4 | CC31: 2 | DG31: 450 | DH31: 15 | DI31: 0 | DK31: Large | DL31: 0 | DM31: 6.5 | DO31: kalibr_cruise_mark | EQ31: kessler | EY31: 37750 | FI31: own | FU31: scylla | FV31: 14.2 | FW31: 49.3 | FX31: 9.3 | GJ31: -1 | GL31: near | GN31: 0.7389 | GO31: #68737a | GP31: 0.3;0.55 | HL31: radio.kessler.scylla | II31: 4.6 | JU31: 14 | JX31: turret_fore;vls;ciws_fore | JY31: scylla | KA31: leviathan | KB31: 0.5 | KC31: 1.02 | KD31: 0.95 | KE31: 0.9 | KJ31: naval_130_twin | KK31: 2.195 | KM31: Assets/MachineBrigade/Resources/Data/balance.json: vehicles[165] | KN31: {"id":"scylla","livery":"own","paint":"#68737a","paintFinish":[0.3,0.55],"outgoingDamageMult":0.7389,"wake":null,"armour":[4,4,3,2],"variantOf":"leviathan","model":"scylla","modelSize":[49.3,9.3,14.2],"hp":37750,"weaponDamage":2.195,"general":"kessler","radioSpawn":"radio.kessler.scylla","weapon":"naval_130_twin","secondary":[{"weapon":"p26_leviathan_direct_lev127","slot":"mg","aim":"Free"},{"weapon":"scylla_ak230","slot":"mg","aim":"Free"},{"weapon":"scylla_ak230","slot":"mg","aim":"Free"},{"weapon":"scylla_2m7","slot":"mg","aim":"Free"},{"weapon":"scylla_2m7","slot":"mg","aim":"Free"},{"weapon":"scylla_kh35","slot":"missile","aim":"Free"},{"weapon":"scylla_kh35","slot":"missile","aim":"Free"}],"speed":4.6,"turnRate":14,"naval":{"lanes":["near"],"escapePhase":-1},"craft":null,"air":[],"cruise":{"phase":0,"damage":450,"final":0,"every":15,"impactTier":"Large","radius":6.5,"warning":"kalibr_cruise_mark"},"fleet":[{"unit":"missile_boat","count":2}],"salvo":null,"variant":{"size":0.5,"keep":["turret_fore","vls","ciws_fore"],"tint":[0.9,0.95,1.02],"mark":"scylla","tune":{"turret_fore":{"hp":0.14,"at":[0,30.4,8.88]},"vls":{"hp":0.12,"at":[0,12.4,7.48]},"ciws_fore":{"hp":0.1,"at":[0,14.6,15.78]}}}}
A32: silver_bug | B32: main | C32: Icarus · Orbital Spacecraft | D32: Icarus · Phi thuyền quỹ đạo | E32: Icarus | I32: 0 | J32: 282320 | K32: 239972 | L32: 4 | M32: 4 | N32: 4 | O32: 4 | P32: FALSE | Q32: 3 | R32: 10 | S32: 120 | T32: 80 | U32: 10 | V32: 34 | W32: 22 | X32: TRUE | Y32: 22 | Z32: FALSE | AA32: TRUE | AB32: 0 | AC32: 3.5 | AD32: 1 | AE32: p26_icarus_sec_orbital_laser | AF32: p26_icarus_main_ic_coil;p26_icarus_main_ic_coil;p26_icarus_direct_ic_laser;p26_icarus_direct_ic_laser;pt14_sb_v30;pt14_sb_v30;pt14_sb_v105;pt14_sb_v105;p26_icarus_close_autocannon_40;p26_icarus_close_autocannon_40 | AG32: boss_rage | AH32: aps | AI32: 3 | AJ32: 1.4 | AK32: silver_bug | AL32: doi | AO32: 176450 | AP32: 282320 | AY32: 5 | AZ32: 3 | BE32: p26_icarus_main_ic_coil;p26_icarus_main_ic_coil;p26_icarus_direct_ic_laser;p26_icarus_direct_ic_laser;p26_icarus_close_autocannon_40;p26_icarus_close_autocannon_40 | BF32: p26_icarus_main_ic_coil;p26_icarus_main_ic_coil;p26_icarus_direct_ic_laser;p26_icarus_direct_ic_laser;pt14_sb_v30;pt14_sb_v30;pt14_sb_v105;pt14_sb_v105;p26_icarus_close_autocannon_40;p26_icarus_close_autocannon_40 | BI32: spacecraft | BJ32: spacecraft | BK32: aurel | BM32: 11 | BN32: 11 | BO32: bug_rod_rain | BP32: 45 | BQ32: group | BR32: TRUE | BS32: 12 | BU32: tuan:168;day_du:150 | BW32: 22 | BX32: launchsite | BY32: 4 | CD32: bug_rod_rain | CH32: TRUE | CW32: 0 | CX32: 0 | DV32: 420 | DW32: 2.6 | DX32: 18 | DY32: Ultimate | EN32: TRUE | EO32: TRUE | EP32: spacecraft | EQ32: aurel | EX32: TRUE | EY32: 282320 | FH32: 34 | FI32: own | FJ32: Free | FY32: p26_icarus_sec_orbital_laser | FZ32: p26_icarus_main_ic_coil | GA32: p26_icarus_close_autocannon_40 | GB32: p26_icarus_main_ic_coil | GC32: p26_icarus_direct_ic_laser | GD32: p26_icarus_direct_ic_laser | GI32: p26_icarus_close_autocannon_40 | GO32: #c3c8cc | GP32: 0.85;0.28 | GU32: 2 | GX32: 14 | GY32: 6 | GZ32: 4 | HA32: 6 | HB32: 1 | HC32: 30 | HD32: 2 | HF32: 12 | HH32: orbit;high | HI32: drop_pod | HJ32: main_battle_tank;ifv;heavy_tank;armored_car;main_battle_tank;ifv;armored_car | HK32: pod_drop | HM32: 10 | HN32: main | IG32: 2.4777 | IH32: boss_rage | II32: 3 | IL32: 2 | IM32: 3 | IN32: 4 | IP32: 0;0 | IQ32: 500 | IR32: crash_debris | IS32: -23.1,16.5;24.8,9.9;-28.1,-13.2;21.5,-23.1;0,36.3;-6.6,-39.6 | IT32: 6 | IU32: silver_bug_wreck | IV32: 3;4;9;10 | IW32: 20.6 | IX32: bug_crash | IY32: 4 | JA32: 60 | JB32: 22 | JC32: 150 | JE32: VeryHard;Heroic;Iron | JF32: 40 | JG32: 10 | JH32: 6 | JI32: 4 | JJ32: 0.6;0.25 | JK32: 0.5 | JL32: radio.aurel.bug.appear | JM32: radio.aurel.bug.crash | JN32: radio.aurel.bug.descend | JO32: radio.aurel.bug.down | JP32: radio.aurel.bug.hijack | JQ32: radio.hq.bug.hijack | JR32: radio.aurel.bug.phase2 | JS32: radio.aurel.bug.phase3 | JT32: 3.5 | JU32: 10 | JV32: 120 | KF32: 80 | KJ32: orbital_laser | KK32: 1 | KL32: 22 | KM32: Assets/MachineBrigade/Resources/Data/balance.json: vehicles[144] | KN32: {"id":"silver_bug","livery":"own","paint":"#c3c8cc","paintFinish":[0.85,0.28],"mountWeapons":{"0":"p26_icarus_sec_orbital_laser","1":"p26_icarus_main_ic_coil","2":"p26_icarus_main_ic_coil","3":"p26_icarus_direct_ic_laser","4":"p26_icarus_direct_ic_laser","9":"p26_icarus_close_autocannon_40","10":"p26_icarus_close_autocannon_40"},"frame":"spacecraft","size":2.4777,"rank":"main","general":"aurel","boss":true,"bigAttack":"bug_rod_rain","arena":"launchsite","armour":4,"hp":282320,"weaponDamage":1,"speed":3,"turnRate":10,"turretTurnRate":120,"radius":10,"length":34,"width":22,"cp":0,"vision":80,"firesWhileMoving":true,"holdsToFire":true,"mainAim":"Free","weapon":"orbital_laser","flying":true,"altitude":22,"captureRate":0,"skills":["boss_rage"],"aps":{"radius":49.6,"charges":3,"recharge":1.4,"rockets":true,"laser":true},"secondary":[{"weapon":"coilgun","slot":"gun","aim":"Free"},{"weapon":"coilgun","slot":"gun","aim":"Free"},{"weapon":"autocannon_40","slot":"gun","aim":"Free"},{"weapon":"autocannon_40","slot":"gun","aim":"Free"},{"weapon":"pt14_sb_v30","slot":"gun","aim":"Free"},{"weapon":"pt14_sb_v30","slot":"gun","aim":"Free"},{"weapon":"pt14_sb_v105","slot":"gun","aim":"Free"},{"weapon":"pt14_sb_v105","slot":"gun","aim":"Free"}],"tiers":{"opening":0.5,"descend":4,"shift":3.5,"heights":{"orbit":150,"high":60,"low":22},"marks":[0.6,0.25],"schedule":[{"steps":[{"tier":"high","seconds":25},{"tier":"low","seconds":10}]},{"steps":[{"tier":"high","seconds":15},{"tier":"low","seconds":20}]}],"armour":{"hull":4,"belly":2,"grounded":3},"crash":{"fall":6,"at":[0,0],"damage":500,"radius":20.6,"form":"silver_bug_wreck","warning":"bug_crash","guns":[3,4,9,10],"debris":"crash_debris","debrisAt":[[-23.1,16.5],[24.8,9.9],[-28.1,-13.2],[21.5,-23.1],[0,36.3],[-6.6,-39.6]]},"hijack":{"first":10,"every":40,"warn":4,"seconds":6,"difficulties":["VeryHard","Heroic","Iron"]},"radio":{"appear":"radio.aurel.bug.appear","descend":"radio.aurel.bug.descend","phase2":"radio.aurel.bug.phase2","phase3":"radio.aurel.bug.phase3","crash":"radio.aurel.bug.crash","down":"radio.aurel.bug.down","hijack":"radio.aurel.bug.hijack","hijackWarn":"radio.hq.bug.hijack"}},"pods":{"unit":"drop_pod","first":4,"every":14,"count":2,"min":1,"perPod":2,"fall":6,"max":6,"offset":30,"spread":12,"tiers":["orbit","high"],"warning":"pod_drop","units":["main_battle_tank","ifv","heavy_tank","armored_car","main_battle_tank","ifv","armored_car"]},"parts":[{"id":"main_laser","kind":"laser","hp":0.06,"armour":3,"node":"Turret","wreck":"wreck_stump","at":[0,7,-2.8],"radius":2.4,"mounts":[0],"radio":"radio.part.maingun","fx":"energy"},{"id":"main_engine","kind":"mainengine","hp":0.06,"armour":2,"node":"Thruster_main","wreck":"wreck_stump","at":[0,-15.5,0.6],"radius":3.4,"stops":["thrust"],"radio":"radio.part.mainengine"},{"id":"thruster_fl","kind":"thruster","hp":0.06,"armour":1,"node":"Thruster_fl","wreck":"wreck_stump","at":[-4.5,11,0.8],"radius":1.6,"speed":0.88},{"id":"thruster_fr","kind":"thruster","hp":0.06,"armour":1,"node":"Thruster_fr","wreck":"wreck_stump","at":[4.5,11,0.8],"radius":1.6,"speed":0.88},{"id":"thruster_rl","kind":"thruster","hp":0.06,"armour":1,"node":"Thruster_rl","wreck":"wreck_stump","at":[-8,-11,0.4],"radius":1.6,"speed":0.88},{"id":"thruster_rr","kind":"thruster","hp":0.06,"armour":1,"node":"Thruster_rr","wreck":"wreck_stump","at":[8,-11,0.4],"radius":1.6,"speed":0.88},{"id":"pd_laser_l","kind":"pdlaser","hp":0.06,"armour":2,"node":"Pd_laser_l","wreck":"wreck_turret","at":[-2.4,6.0,1.84],"radius":1.6,"stops":["aps"],"fx":"energy"},{"id":"pd_laser_r","kind":"pdlaser","hp":0.06,"armour":2,"node":"Pd_laser_r","wreck":"wreck_turret","at":[2.4,6.0,1.84],"radius":1.6,"stops":["aps"],"fx":"energy"},{"id":"pod_bay","kind":"podbay","hp":0.06,"armour":2,"node":"Pod_bay","wreck":"wreck_stump","at":[0,-4,-2.6],"radius":2.8,"stops":["pods"],"radio":"radio.part.podbay"},{"id":"uplink","kind":"uplink","hp":0.06,"armour":1,"node":"Uplink","wreck":"wreck_stump","at":[0,-3,4.2],"radius":2.0,"radio":"radio.part.uplink","fx":"energy"},{"use":"gun_40","id":"crash_turret_l","node":"Mount_gun.008","at":[-6.16,-7.0,0.62]},{"use":"gun_40","id":"crash_turret_r","node":"Mount_gun.009","at":[6.16,-7.0,0.62]}],"deathExplosion":{"damage":420,"radius":18,"delay":2.6,"tier":"Ultimate"}}
A33: theia | B33: mini | C33: Theia · Escort Carrier | D33: Theia · Tàu sân bay hộ tống | E33: Theia | I33: 0 | J33: 94850 | K33: 80622.5 | L33: 4 | M33: 4 | N33: 4 | O33: 4 | P33: FALSE | Q33: 4.2 | R33: 10 | S33: 120 | T33: 80 | U33: 10 | V33: 34 | W33: 22 | X33: TRUE | Y33: 22 | Z33: FALSE | AA33: TRUE | AB33: 0 | AC33: 3.5 | AD33: 1 | AE33: p26_icarus_sec_orbital_laser | AF33: p26_matriarch_ma_drones;pt14_th_jagm;pt14_th_jagm;pt14_th_v35;pt14_th_v35;pt14_th_pd;pt14_th_pd | AG33: boss_rage | AH33: aps | AI33: 3 | AJ33: 1.4 | AK33: theia | AL33: moi | BI33: spacecraft | BJ33: spacecraft | BK33: aurel | BL33: hyperion | BM33: 8 | BN33: 8 | BR33: FALSE | BU33: tuan:66;day_du:60 | EQ33: aurel | EY33: 94850 | FI33: own | FU33: theia | FV33: 13 | FW33: 40.3 | FX33: 20.7 | GO33: #dde2e6 | GP33: 0.2;0.38 | GU33: 1 | GX33: 30 | GZ33: 8 | HA33: 3 | HL33: radio.aurel.theia | II33: 4.2 | JJ33: 0.45 | JK33: 0 | JR33: radio.aurel.theia.phase2 | JX33: main_laser;pod_bay;pd_laser_l;pd_laser_r | JY33: theia | KA33: hyperion | KB33: 0.6 | KC33: 1.04 | KD33: 0.97 | KE33: 0.94 | KK33: 1 | KM33: Assets/MachineBrigade/Resources/Data/balance.json: vehicles[174] | KN33: {"id":"theia","livery":"own","paint":"#dde2e6","paintFinish":[0.2,0.38],"variantOf":"hyperion","model":"theia","modelSize":[40.3,20.7,13.0],"general":"aurel","radioSpawn":"radio.aurel.theia","hp":94850,"weaponDamage":1.0,"speed":4.2,"secondary":[{"weapon":"p26_matriarch_ma_drones","slot":"missile","aim":"Free"},{"weapon":"pt14_th_jagm","slot":"rocket","aim":"Free"},{"weapon":"pt14_th_jagm","slot":"rocket","aim":"Free"},{"weapon":"pt14_th_v35","slot":"gun","aim":"Free"},{"weapon":"pt14_th_v35","slot":"gun","aim":"Free"},{"weapon":"pt14_th_pd","slot":"mg","aim":"Free"},{"weapon":"pt14_th_pd","slot":"mg","aim":"Free"}],"aps":{"radius":20,"charges":3,"recharge":1.4,"rockets":true,"laser":true},"pods":{"first":8,"every":30,"count":1,"max":3},"tiers":{"opening":0,"marks":[0.45],"schedule":[{"steps":[{"tier":"high","seconds":20},{"tier":"low","seconds":12}]},{"steps":[{"tier":"high","seconds":14},{"tier":"low","seconds":16}]}],"radio":{"phase2":"radio.aurel.theia.phase2"}},"variant":{"size":0.6,"keep":["main_laser","pod_bay","pd_laser_l","pd_laser_r"],"tint":[0.94,0.97,1.04],"mark":"theia","tune":{"main_laser":{"hp":0.1,"at":[0,16.33,17.0]},"pod_bay":{"hp":0.1,"at":[0,-3.33,5.33]},"pd_laser_l":{"hp":0.1,"at":[-13.83,5.0,15.0]},"pd_laser_r":{"hp":0.1,"at":[13.83,5.0,15.0]}}}}
A34: typhon | B34: main | C34: Typhon · Missile Submarine | D34: Typhon · Tàu ngầm tên lửa | E34: Typhon | I34: 0 | J34: 168632 | K34: 143337.2 | L34: 5 | M34: 3 | N34: 2 | O34: 2 | P34: FALSE | Q34: 3 | R34: 8 | S34: 40 | T34: 110 | U34: 11 | V34: 58 | W34: 12 | X34: FALSE | Y34: 0 | Z34: FALSE | AA34: TRUE | AB34: 1 | AC34: 3.5 | AD34: 1 | AE34: sam_post | AF34: p26_typhon_sec_ty57;p26_typhon_sec_ty57;p26_typhon_direct_ty100;p26_typhon_sec_ty57 | AH34: none | AK34: typhon | AL34: doi | AO34: 117650 | AP34: 168632 | BE34: p26_typhon_sec_ty57;p26_typhon_sec_ty57;p26_typhon_direct_ty100 | BF34: p26_typhon_sec_ty57;p26_typhon_sec_ty57;p26_typhon_direct_ty100;p26_typhon_sec_ty57 | BI34: submarine | BJ34: submarine | BK34: hung | BM34: 5 | BN34: 8 | BO34: typhon_underwater_launch | BP34: 50 | BQ34: base | BR34: FALSE | BS34: 9 | BU34: tuan:168;day_du:150 | BZ34: 5 | CA34: 2 | CB34: 3 | CC34: 2 | CD34: typhon_underwater_launch | CH34: TRUE | CM34: 18 | CP34: 2 | CR34: 22 | CS34: 22;18 | CT34: 14 | CU34: 14;18 | DG34: 1460 | DH34: 2.5 | DI34: 0 | DJ34: 16 | DL34: 0 | DM34: 10 | DN34: 4 | DO34: leviathan_cruise_mark | DP34: leviathan_cruise | DV34: 460 | DW34: 3 | DX34: 20 | DY34: Ultimate | EP34: submarine | EQ34: hung | EY34: 168632 | FH34: 58 | FI34: own | FL34: missile | FU34: typhon | FZ34: p26_typhon_sec_ty57 | GB34: p26_typhon_sec_ty57 | GC34: p26_typhon_direct_ty100 | GD34: p26_typhon_sec_ty57 | GJ34: -1 | GL34: far;mid;near | GO34: #22262a | GP34: 0.15;0.8 | HL34: radio.hung.typhon | HM34: 11 | HN34: main | IG34: 1.1864 | II34: 3 | JU34: 8 | JV34: 40 | KF34: 110 | KH34: 3 | KI34: 2 | KJ34: sam_post | KK34: 1 | KL34: 12 | KM34: Assets/MachineBrigade/Resources/Data/balance.json: vehicles[161] | KN34: {"id":"typhon","livery":"own","paint":"#22262a","paintFinish":[0.15,0.8],"size":1.1864,"mountWeapons":{"1":"p26_typhon_sec_ty57","2":"p26_typhon_sec_ty57","3":"p26_typhon_direct_ty100","4":"p26_typhon_sec_ty57"},"secondary":[{"weapon":"p26_typhon_ty57","slot":"gun","aim":"Free","arc":[0,150]},{"weapon":"p26_typhon_ty57","slot":"gun","aim":"Free","arc":[180,150]},{"weapon":"naval_100","slot":"gun","aim":"Free","arc":[0,150]},{"weapon":"p26_typhon_ty57","slot":"gun","aim":"Free","arc":[180,150]}],"frame":"submarine","rank":"main","general":"hung","boss":true,"bigAttack":"typhon_underwater_launch","radioSpawn":"radio.hung.typhon","model":"typhon","armour":[5,3,2,2],"hp":168632,"weaponDamage":1,"speed":3.0,"turnRate":8,"turretTurnRate":40,"radius":11,"length":58,"width":12,"vision":110,"weapon":"sam_post","mainSlot":"missile","naval":{"lanes":["far","mid","near"],"escapePhase":-1},"burrow":{"surface":22,"under":14,"first":18,"surfaceByPhase":[22,18],"underByPhase":[14,18],"stopPhase":2},"cruise":{"every":2.5,"first":16,"phase":0,"warn":4,"damage":1460,"radius":10,"final":0,"weapon":"leviathan_cruise","warning":"leviathan_cruise_mark"},"wake":{"phase":2,"mounts":[3]},"fleet":[{"unit":"sea_corvette","count":1,"at":26},{"unit":"missile_boat","count":2}],"parts":[{"id":"sail","kind":"sail","hp":0.08,"armour":2,"node":"Part_sail","wreck":"wreck_stump","at":[0,-1.4,6.4],"radius":3.0,"spread":2,"affects":[0],"radio":"radio.part.sail"},{"id":"doors_l","kind":"launchdoors","hp":0.08,"armour":2,"node":"Part_doors_l","wreck":"wreck_launcher","at":[-1.72,11.85,4.2],"radius":3.0,"stops":["cruise"],"radio":"radio.part.launchdoors"},{"id":"doors_r","kind":"launchdoors","hp":0.08,"armour":2,"node":"Part_doors_r","wreck":"wreck_launcher","at":[1.72,11.85,4.2],"radius":3.0,"stops":["cruise"]},{"id":"rudder","kind":"rudder","hp":0.08,"armour":2,"node":"Part_rudder","wreck":"wreck_stump","at":[0,-26.6,2.4],"radius":2.6,"turn":0.5,"speed":0.9},{"id":"sonar","kind":"sonar","hp":0.08,"armour":1,"node":"Part_sonar","wreck":"wreck_stump","at":[0,26.4,0.8],"radius":2.4,"stops":["radar"],"fx":"energy"},{"id":"sam","kind":"sam","hp":0.08,"armour":2,"node":"Mount_missile","wreck":"wreck_launcher","at":[0,-5.0,10.2],"radius":1.8,"mounts":[0]},{"use":"deck_gun_100","id":"deck_gun","node":"Mount_gun.002","at":[0,22.4,4.2],"arc":[0,150],"mounts":[3]}],"deathExplosion":{"damage":460,"radius":20,"delay":3.0,"tier":"Ultimate"}}

Sheet Boss_be_goc
A1: id | B1: boss_id | C1: thu_tu | D1: weapon | E1: aim | F1: arc_deg_center_deg | G1: arc_deg_half_deg | H1: model | I1: slot | J1: nguon | K1: raw_json
A2: armored_train/0 | B2: armored_train | C2: 0 | D2: pt14_train_grad | E2: Free | I2: rocket | J2: Assets/MachineBrigade/Resources/Data/balance.json: vehicles[140].secondary[0] | K2: {"weapon":"pt14_train_grad","slot":"rocket","aim":"Free"}
A3: armored_train/1 | B3: armored_train | C3: 1 | D3: boss_hmg | E3: Free | I3: mg | J3: Assets/MachineBrigade/Resources/Data/balance.json: vehicles[140].secondary[1] | K3: {"weapon":"boss_hmg","slot":"mg","aim":"Free"}
A4: armored_train/2 | B4: armored_train | C4: 2 | D4: boss_flak | E4: Free | I4: mg | J4: Assets/MachineBrigade/Resources/Data/balance.json: vehicles[140].secondary[2] | K4: {"weapon":"boss_flak","slot":"mg","aim":"Free"}
A5: armored_train/3 | B5: armored_train | C5: 3 | D5: train_gun | E5: Free | I5: main | J5: Assets/MachineBrigade/Resources/Data/balance.json: vehicles[140].secondary[3] | K5: {"weapon":"train_gun","slot":"main","aim":"Free"}
A6: armored_train/4 | B6: armored_train | C6: 4 | D6: train_mortar | E6: Free | I6: mortar | J6: Assets/MachineBrigade/Resources/Data/balance.json: vehicles[140].secondary[4] | K6: {"weapon":"train_mortar","slot":"mortar","aim":"Free"}
A7: armored_train/5 | B7: armored_train | C7: 5 | D7: boss_flak | E7: Free | I7: mg | J7: Assets/MachineBrigade/Resources/Data/balance.json: vehicles[140].secondary[5] | K7: {"weapon":"boss_flak","slot":"mg","aim":"Free"}
A8: behemoth/0 | B8: behemoth | C8: 0 | D8: gun_120mm | E8: Free | I8: gun | J8: Assets/MachineBrigade/Resources/Data/balance.json: vehicles[138].secondary[0] | K8: {"weapon":"gun_120mm","slot":"gun","aim":"Free"}
A9: behemoth/1 | B9: behemoth | C9: 1 | D9: boss_flak | E9: Free | I9: mg | J9: Assets/MachineBrigade/Resources/Data/balance.json: vehicles[138].secondary[1] | K9: {"weapon":"boss_flak","slot":"mg","aim":"Free"}
A10: behemoth/2 | B10: behemoth | C10: 2 | D10: boss_flak | E10: Free | I10: mg | J10: Assets/MachineBrigade/Resources/Data/balance.json: vehicles[138].secondary[2] | K10: {"weapon":"boss_flak","slot":"mg","aim":"Free"}
A11: behemoth/3 | B11: behemoth | C11: 3 | D11: boss_missiles | E11: Hull | I11: missile | J11: Assets/MachineBrigade/Resources/Data/balance.json: vehicles[138].secondary[3] | K11: {"weapon":"boss_missiles","slot":"missile","aim":"Hull"}
A12: behemoth/4 | B12: behemoth | C12: 4 | D12: boss_missiles | E12: Hull | I12: missile | J12: Assets/MachineBrigade/Resources/Data/balance.json: vehicles[138].secondary[4] | K12: {"weapon":"boss_missiles","slot":"missile","aim":"Hull"}
A13: behemoth/5 | B13: behemoth | C13: 5 | D13: kornet_twin | E13: Free | I13: missile | J13: Assets/MachineBrigade/Resources/Data/balance.json: vehicles[138].secondary[5] | K13: {"weapon":"kornet_twin","slot":"missile","aim":"Free"}
... A38: earth_borer/1 | B38: earth_borer | C38: 1 | D38: borer_cannon | E38: Free | I38: gun | J38: Assets/MachineBrigade/Resources/Data/balance.json: vehicles[150].secondary[1] | K38: {"weapon":"borer_cannon","slot":"gun","aim":"Free"}
A39: fortress_bastion/0 | B39: fortress_bastion | C39: 0 | D39: autocannon_40 | E39: Free | F39: -45 | G39: 80 | I39: gun | J39: Assets/MachineBrigade/Resources/Data/balance.json: vehicles[148].secondary[0] | K39: {"weapon":"autocannon_40","slot":"gun","aim":"Free","arc":[-45,80]}
A40: fortress_bastion/1 | B40: fortress_bastion | C40: 1 | D40: autocannon_40 | E40: Free | F40: 45 | G40: 80 | I40: gun | J40: Assets/MachineBrigade/Resources/Data/balance.json: vehicles[148].secondary[1] | K40: {"weapon":"autocannon_40","slot":"gun","aim":"Free","arc":[45,80]}
A41: fortress_bastion/2 | B41: fortress_bastion | C41: 2 | D41: autocannon_40 | E41: Free | F41: -135 | G41: 80 | I41: gun | J41: Assets/MachineBrigade/Resources/Data/balance.json: vehicles[148].secondary[2] | K41: {"weapon":"autocannon_40","slot":"gun","aim":"Free","arc":[-135,80]}
A42: fortress_bastion/3 | B42: fortress_bastion | C42: 3 | D42: autocannon_40 | E42: Free | F42: 135 | G42: 80 | I42: gun | J42: Assets/MachineBrigade/Resources/Data/balance.json: vehicles[148].secondary[3] | K42: {"weapon":"autocannon_40","slot":"gun","aim":"Free","arc":[135,80]}
A43: fortress_bastion/4 | B43: fortress_bastion | C43: 4 | D43: kornet_twin | E43: Free | I43: missile | J43: Assets/MachineBrigade/Resources/Data/balance.json: vehicles[148].secondary[4] | K43: {"weapon":"kornet_twin","slot":"missile","aim":"Free"}
A44: fortress_bastion/5 | B44: fortress_bastion | C44: 5 | D44: boss_hmg | E44: Free | I44: mg | J44: Assets/MachineBrigade/Resources/Data/balance.json: vehicles[148].secondary[5] | K44: {"weapon":"boss_hmg","slot":"mg","aim":"Free"}
A45: fortress_bastion/6 | B45: fortress_bastion | C45: 6 | D45: boss_hmg | E45: Free | I45: mg | J45: Assets/MachineBrigade/Resources/Data/balance.json: vehicles[148].secondary[6] | K45: {"weapon":"boss_hmg","slot":"mg","aim":"Free"}
A46: hydra/0 | B46: hydra | C46: 0 | D46: p26_typhon_sec_ty57 | E46: Free | F46: 180 | G46: 150 | I46: gun | J46: Assets/MachineBrigade/Resources/Data/balance.json: vehicles[177].secondary[0] | K46: {"weapon":"p26_typhon_sec_ty57","slot":"gun","aim":"Free","arc":[180,150]}
A47: hydra/1 | B47: hydra | C47: 1 | D47: p26_typhon_direct_ty100 | E47: Free | F47: 0 | G47: 150 | I47: gun | J47: Assets/MachineBrigade/Resources/Data/balance.json: vehicles[177].secondary[1] | K47: {"weapon":"p26_typhon_direct_ty100","slot":"gun","aim":"Free","arc":[0,150]}
A48: hyperion/0 | B48: hyperion | C48: 0 | D48: pt14_hp_155 | E48: Free | I48: gun | J48: Assets/MachineBrigade/Resources/Data/balance.json: vehicles[173].secondary[0] | K48: {"weapon":"pt14_hp_155","slot":"gun","aim":"Free"}
A49: hyperion/1 | B49: hyperion | C49: 1 | D49: pt14_hp_155 | E49: Free | I49: gun | J49: Assets/MachineBrigade/Resources/Data/balance.json: vehicles[173].secondary[1] | K49: {"weapon":"pt14_hp_155","slot":"gun","aim":"Free"}
A50: hyperion/2 | B50: hyperion | C50: 2 | D50: pt14_hp_vlaser | E50: Free | I50: gun | J50: Assets/MachineBrigade/Resources/Data/balance.json: vehicles[173].secondary[2] | K50: {"weapon":"pt14_hp_vlaser","slot":"gun","aim":"Free"}
A51: hyperion/3 | B51: hyperion | C51: 3 | D51: pt14_hp_vlaser | E51: Free | I51: gun | J51: Assets/MachineBrigade/Resources/Data/balance.json: vehicles[173].secondary[3] | K51: {"weapon":"pt14_hp_vlaser","slot":"gun","aim":"Free"}
A52: hyperion/4 | B52: hyperion | C52: 4 | D52: pt14_hp_v127 | E52: Free | I52: gun | J52: Assets/MachineBrigade/Resources/Data/balance.json: vehicles[173].secondary[4] | K52: {"weapon":"pt14_hp_v127","slot":"gun","aim":"Free"}
A53: hyperion/5 | B53: hyperion | C53: 5 | D53: pt14_hp_v127 | E53: Free | I53: gun | J53: Assets/MachineBrigade/Resources/Data/balance.json: vehicles[173].secondary[5] | K53: {"weapon":"pt14_hp_v127","slot":"gun","aim":"Free"}
A54: hyperion/6 | B54: hyperion | C54: 6 | D54: pt14_hp_nsm | E54: Free | I54: rocket | J54: Assets/MachineBrigade/Resources/Data/balance.json: vehicles[173].secondary[6] | K54: {"weapon":"pt14_hp_nsm","slot":"rocket","aim":"Free"}
A55: hyperion/7 | B55: hyperion | C55: 7 | D55: pt14_hp_nsm | E55: Free | I55: rocket | J55: Assets/MachineBrigade/Resources/Data/balance.json: vehicles[173].secondary[7] | K55: {"weapon":"pt14_hp_nsm","slot":"rocket","aim":"Free"}
A56: icarus_mk0/0 | B56: icarus_mk0 | C56: 0 | D56: pt14_mk0_v40 | E56: Free | I56: gun | J56: Assets/MachineBrigade/Resources/Data/balance.json: vehicles[168].secondary[0] | K56: {"weapon":"pt14_mk0_v40","slot":"gun","aim":"Free"}
A57: icarus_mk0/1 | B57: icarus_mk0 | C57: 1 | D57: pt14_mk0_v40 | E57: Free | I57: gun | J57: Assets/MachineBrigade/Resources/Data/balance.json: vehicles[168].secondary[1] | K57: {"weapon":"pt14_mk0_v40","slot":"gun","aim":"Free"}
A58: ixion/0 | B58: ixion | C58: 0 | D58: p26_ixion_mg | E58: Free | I58: mg | J58: Assets/MachineBrigade/Resources/Data/balance.json: vehicles[162].secondary[0] | K58: {"weapon":"p26_ixion_mg","slot":"mg","aim":"Free"}
A59: ixion/1 | B59: ixion | C59: 1 | D59: p26_ixion_mg | E59: Free | I59: mg | J59: Assets/MachineBrigade/Resources/Data/balance.json: vehicles[162].secondary[1] | K59: {"weapon":"p26_ixion_mg","slot":"mg","aim":"Free"}
... A69: leviathan/0 | B69: leviathan | C69: 0 | D69: leviathan_460 | E69: Free | I69: gun | J69: Assets/MachineBrigade/Resources/Data/balance.json: vehicles[153].secondary[0] | K69: {"weapon":"leviathan_460","slot":"gun","aim":"Free"}
A70: leviathan/1 | B70: leviathan | C70: 1 | D70: leviathan_460 | E70: Free | F70: 180 | G70: 150 | I70: gun | J70: Assets/MachineBrigade/Resources/Data/balance.json: vehicles[153].secondary[1] | K70: {"weapon":"leviathan_460","slot":"gun","aim":"Free","arc":[180,150]}
A71: leviathan/2 | B71: leviathan | C71: 2 | D71: naval_155_triple | E71: Free | F71: 0 | G71: 135 | I71: gun | J71: Assets/MachineBrigade/Resources/Data/balance.json: vehicles[153].secondary[2] | K71: {"weapon":"naval_155_triple","slot":"gun","aim":"Free","arc":[0,135]}
A72: leviathan/3 | B72: leviathan | C72: 3 | D72: naval_155_triple | E72: Free | F72: 180 | G72: 135 | I72: gun | J72: Assets/MachineBrigade/Resources/Data/balance.json: vehicles[153].secondary[3] | K72: {"weapon":"naval_155_triple","slot":"gun","aim":"Free","arc":[180,135]}
A73: leviathan/4 | B73: leviathan | C73: 4 | D73: hover_ciws | E73: Free | I73: mg | J73: Assets/MachineBrigade/Resources/Data/balance.json: vehicles[153].secondary[4] | K73: {"weapon":"hover_ciws","slot":"mg","aim":"Free"}
A74: leviathan/5 | B74: leviathan | C74: 5 | D74: hover_ciws | E74: Free | I74: mg | J74: Assets/MachineBrigade/Resources/Data/balance.json: vehicles[153].secondary[5] | K74: {"weapon":"hover_ciws","slot":"mg","aim":"Free"}
A75: leviathan/6 | B75: leviathan | C75: 6 | D75: aa_25_triple | E75: Free | I75: mg | J75: Assets/MachineBrigade/Resources/Data/balance.json: vehicles[153].secondary[6] | K75: {"weapon":"aa_25_triple","slot":"mg","aim":"Free"}
A76: leviathan/7 | B76: leviathan | C76: 7 | D76: aa_25_triple | E76: Free | I76: mg | J76: Assets/MachineBrigade/Resources/Data/balance.json: vehicles[153].secondary[7] | K76: {"weapon":"aa_25_triple","slot":"mg","aim":"Free"}
A77: leviathan/8 | B77: leviathan | C77: 8 | D77: aa_25_triple | E77: Free | I77: mg | J77: Assets/MachineBrigade/Resources/Data/balance.json: vehicles[153].secondary[8] | K77: {"weapon":"aa_25_triple","slot":"mg","aim":"Free"}
A78: leviathan/9 | B78: leviathan | C78: 9 | D78: aa_25_triple | E78: Free | I78: mg | J78: Assets/MachineBrigade/Resources/Data/balance.json: vehicles[153].secondary[9] | K78: {"weapon":"aa_25_triple","slot":"mg","aim":"Free"}
A79: leviathan/10 | B79: leviathan | C79: 10 | D79: aa_25_triple | E79: Free | I79: mg | J79: Assets/MachineBrigade/Resources/Data/balance.json: vehicles[153].secondary[10] | K79: {"weapon":"aa_25_triple","slot":"mg","aim":"Free"}
A80: leviathan/11 | B80: leviathan | C80: 11 | D80: aa_25_triple | E80: Free | I80: mg | J80: Assets/MachineBrigade/Resources/Data/balance.json: vehicles[153].secondary[11] | K80: {"weapon":"aa_25_triple","slot":"mg","aim":"Free"}
A81: leviathan/12 | B81: leviathan | C81: 12 | D81: aa_25_triple | E81: Free | I81: mg | J81: Assets/MachineBrigade/Resources/Data/balance.json: vehicles[153].secondary[12] | K81: {"weapon":"aa_25_triple","slot":"mg","aim":"Free"}
A82: leviathan/13 | B82: leviathan | C82: 13 | D82: aa_25_triple | E82: Free | I82: mg | J82: Assets/MachineBrigade/Resources/Data/balance.json: vehicles[153].secondary[13] | K82: {"weapon":"aa_25_triple","slot":"mg","aim":"Free"}
A83: leviathan/14 | B83: leviathan | C83: 14 | D83: sam_post | E83: Free | I83: missile | J83: Assets/MachineBrigade/Resources/Data/balance.json: vehicles[153].secondary[14] | K83: {"weapon":"sam_post","slot":"missile","aim":"Free"}
A84: mega_gunship/0 | B84: mega_gunship | C84: 0 | D84: boss_heli_gun | E84: Free | F84: -45 | G84: 70 | I84: gun | J84: Assets/MachineBrigade/Resources/Data/balance.json: vehicles[141].secondary[0] | K84: {"weapon":"boss_heli_gun","slot":"gun","aim":"Free","arc":[-45,70]}
A85: mega_gunship/1 | B85: mega_gunship | C85: 1 | D85: boss_heli_gun | E85: Free | F85: 45 | G85: 70 | I85: gun | J85: Assets/MachineBrigade/Resources/Data/balance.json: vehicles[141].secondary[1] | K85: {"weapon":"boss_heli_gun","slot":"gun","aim":"Free","arc":[45,70]}
A86: mega_gunship/2 | B86: mega_gunship | C86: 2 | D86: boss_missiles | E86: Hull | I86: missile | J86: Assets/MachineBrigade/Resources/Data/balance.json: vehicles[141].secondary[2] | K86: {"weapon":"boss_missiles","slot":"missile","aim":"Hull"}
A87: mega_gunship/3 | B87: mega_gunship | C87: 3 | D87: boss_minigun | E87: Free | I87: mg | J87: Assets/MachineBrigade/Resources/Data/balance.json: vehicles[141].secondary[3] | K87: {"weapon":"boss_minigun","slot":"mg","aim":"Free"}
A88: mega_gunship/4 | B88: mega_gunship | C88: 4 | D88: boss_minigun | E88: Free | I88: mg | J88: Assets/MachineBrigade/Resources/Data/balance.json: vehicles[141].secondary[4] | K88: {"weapon":"boss_minigun","slot":"mg","aim":"Free"}
A89: mega_gunship/5 | B89: mega_gunship | C89: 5 | D89: gunship_rockets | E89: Hull | H89: hydra | I89: rocket | J89: Assets/MachineBrigade/Resources/Data/balance.json: vehicles[141].secondary[5] | K89: {"weapon":"gunship_rockets","slot":"rocket","model":"hydra","aim":"Hull"}
A90: mega_gunship/6 | B90: mega_gunship | C90: 6 | D90: boss_hmg | E90: Free | I90: mg | J90: Assets/MachineBrigade/Resources/Data/balance.json: vehicles[141].secondary[6] | K90: {"weapon":"boss_hmg","slot":"mg","aim":"Free"}
A91: mega_gunship/7 | B91: mega_gunship | C91: 7 | D91: boss_hmg | E91: Free | I91: mg | J91: Assets/MachineBrigade/Resources/Data/balance.json: vehicles[141].secondary[7] | K91: {"weapon":"boss_hmg","slot":"mg","aim":"Free"}
A92: mobile_fortress/0 | B92: mobile_fortress | C92: 0 | D92: boss_rockets | E92: Free | I92: rocket | J92: Assets/MachineBrigade/Resources/Data/balance.json: vehicles[139].secondary[0] | K92: {"weapon":"boss_rockets","slot":"rocket","aim":"Free"}
A93: mobile_fortress/1 | B93: mobile_fortress | C93: 1 | D93: boss_rockets | E93: Free | I93: rocket | J93: Assets/MachineBrigade/Resources/Data/balance.json: vehicles[139].secondary[1] | K93: {"weapon":"boss_rockets","slot":"rocket","aim":"Free"}
A94: mobile_fortress/2 | B94: mobile_fortress | C94: 2 | D94: boss_flak | E94: Free | I94: mg | J94: Assets/MachineBrigade/Resources/Data/balance.json: vehicles[139].secondary[2] | K94: {"weapon":"boss_flak","slot":"mg","aim":"Free"}
A95: mobile_fortress/3 | B95: mobile_fortress | C95: 3 | D95: boss_flak | E95: Free | I95: mg | J95: Assets/MachineBrigade/Resources/Data/balance.json: vehicles[139].secondary[3] | K95: {"weapon":"boss_flak","slot":"mg","aim":"Free"}
A96: mobile_fortress/4 | B96: mobile_fortress | C96: 4 | D96: boss_missiles | E96: Hull | I96: missile | J96: Assets/MachineBrigade/Resources/Data/balance.json: vehicles[139].secondary[4] | K96: {"weapon":"boss_missiles","slot":"missile","aim":"Hull"}
A97: mobile_fortress/5 | B97: mobile_fortress | C97: 5 | D97: twin_30_flak | E97: Free | I97: mg | J97: Assets/MachineBrigade/Resources/Data/balance.json: vehicles[139].secondary[5] | K97: {"weapon":"twin_30_flak","slot":"mg","aim":"Free"}
A98: moloch/0 | B98: moloch | C98: 0 | D98: zu23 | E98: Free | I98: mg | J98: Assets/MachineBrigade/Resources/Data/balance.json: vehicles[159].secondary[0] | K98: {"weapon":"zu23","slot":"mg","aim":"Free"}
A99: moloch/1 | B99: moloch | C99: 1 | D99: zu23 | E99: Free | I99: mg | J99: Assets/MachineBrigade/Resources/Data/balance.json: vehicles[159].secondary[1] | K99: {"weapon":"zu23","slot":"mg","aim":"Free"}
A100: nuke_train/0 | B100: nuke_train | C100: 0 | D100: boss_flak | E100: Free | I100: mg | J100: Assets/MachineBrigade/Resources/Data/balance.json: vehicles[143].secondary[0] | K100: {"weapon":"boss_flak","slot":"mg","aim":"Free"}
A101: nuke_train/1 | B101: nuke_train | C101: 1 | D101: boss_flak | E101: Free | I101: mg | J101: Assets/MachineBrigade/Resources/Data/balance.json: vehicles[143].secondary[1] | K101: {"weapon":"boss_flak","slot":"mg","aim":"Free"}
... A130: theia/6 | B130: theia | C130: 6 | D130: pt14_th_pd | E130: Free | I130: mg | J130: Assets/MachineBrigade/Resources/Data/balance.json: vehicles[174].secondary[6] | K130: {"weapon":"pt14_th_pd","slot":"mg","aim":"Free"}
A131: typhon/0 | B131: typhon | C131: 0 | D131: p26_typhon_ty57 | E131: Free | F131: 0 | G131: 150 | I131: gun | J131: Assets/MachineBrigade/Resources/Data/balance.json: vehicles[161].secondary[0] | K131: {"weapon":"p26_typhon_ty57","slot":"gun","aim":"Free","arc":[0,150]}
A132: typhon/1 | B132: typhon | C132: 1 | D132: p26_typhon_ty57 | E132: Free | F132: 180 | G132: 150 | I132: gun | J132: Assets/MachineBrigade/Resources/Data/balance.json: vehicles[161].secondary[1] | K132: {"weapon":"p26_typhon_ty57","slot":"gun","aim":"Free","arc":[180,150]}
A133: typhon/2 | B133: typhon | C133: 2 | D133: naval_100 | E133: Free | F133: 0 | G133: 150 | I133: gun | J133: Assets/MachineBrigade/Resources/Data/balance.json: vehicles[161].secondary[2] | K133: {"weapon":"naval_100","slot":"gun","aim":"Free","arc":[0,150]}
A134: typhon/3 | B134: typhon | C134: 3 | D134: p26_typhon_ty57 | E134: Free | F134: 180 | G134: 150 | I134: gun | J134: Assets/MachineBrigade/Resources/Data/balance.json: vehicles[161].secondary[3] | K134: {"weapon":"p26_typhon_ty57","slot":"gun","aim":"Free","arc":[180,150]}

Sheet Boss_bo_phan
A1: id | B1: boss_id | C1: thu_tu | D1: use | E1: affects | F1: arc_deg | G1: armour | H1: at_x_m | I1: at_y_m | J1: at_z_m | K1: break_damage | L1: fail | M1: fx | N1: hp | O1: id_goc | P1: kind | Q1: mounts | R1: node | S1: radio | T1: radius_m | U1: skills | V1: speed_m_s | W1: spread | X1: stops | Y1: turn | Z1: wreck | AA1: nguon | AB1: raw_json
A2: armored_train/flak_car | B2: armored_train | C2: 4 | G2: 2 | H2: 0 | I2: 0.82 | J2: 3.2 | N2: 0.1 | O2: flak_car | P2: flak | Q2: 3 | T2: 2 | Z2: wreck_stump | AA2: Assets/MachineBrigade/Resources/Data/balance.json: vehicles[140].parts[4] | AB2: {"id":"flak_car","kind":"flak","hp":0.1,"armour":2,"wreck":"wreck_stump","at":[0,0.82,3.2],"radius":2.0,"mounts":[3]}
A3: armored_train/gun_car_front | B3: armored_train | C3: 1 | G3: 3 | H3: 0 | I3: 3.97 | J3: 3.7 | N3: 0.12 | O3: gun_car_front | P3: maingun | Q3: 0 | R3: Main_cannon|Muzzle_brake | S3: radio.part.maingun | T3: 3 | Z3: wreck_barrel | AA3: Assets/MachineBrigade/Resources/Data/balance.json: vehicles[140].parts[1] | AB3: {"id":"gun_car_front","kind":"maingun","hp":0.12,"armour":3,"node":"Main_cannon|Muzzle_brake","wreck":"wreck_barrel","at":[0,3.97,3.7],"radius":3.0,"mounts":[0],"radio":"radio.part.maingun"}
A4: armored_train/gun_car_rear | B4: armored_train | C4: 2 | G4: 3 | H4: 0 | I4: 9.17 | J4: 3 | N4: 0.12 | O4: gun_car_rear | P4: maingun | Q4: 4 | T4: 2.5 | Z4: wreck_stump | AA4: Assets/MachineBrigade/Resources/Data/balance.json: vehicles[140].parts[2] | AB4: {"id":"gun_car_rear","kind":"maingun","hp":0.12,"armour":3,"wreck":"wreck_stump","at":[0,9.17,3],"radius":2.5,"mounts":[4]}
A5: armored_train/locomotive | B5: armored_train | C5: 0 | G5: 4 | H5: 0 | I5: 14.67 | J5: 2.5 | N5: 0.12 | O5: locomotive | P5: locomotive | S5: radio.part.locomotive | T5: 3.5 | V5: 0.5 | Z5: wreck_stump | AA5: Assets/MachineBrigade/Resources/Data/balance.json: vehicles[140].parts[0] | AB5: {"id":"locomotive","kind":"locomotive","hp":0.12,"armour":4,"wreck":"wreck_stump","at":[0,14.67,2.5],"radius":3.5,"speed":0.5,"radio":"radio.part.locomotive"}
A6: armored_train/mortar_car | B6: armored_train | C6: 5 | G6: 2 | H6: 0 | I6: -5.33 | J6: 2.6 | N6: 0.1 | O6: mortar_car | P6: mortar | Q6: 5 | R6: Part_mortar | T6: 2.4 | Z6: wreck_launcher | AA6: Assets/MachineBrigade/Resources/Data/balance.json: vehicles[140].parts[5] | AB6: {"id":"mortar_car","kind":"mortar","hp":0.1,"armour":2,"node":"Part_mortar","wreck":"wreck_launcher","at":[0,-5.33,2.6],"radius":2.4,"mounts":[5]}
A7: armored_train/rocket_car | B7: armored_train | C7: 3 | G7: 2 | H7: 0 | I7: -1.13 | J7: 3 | N7: 0.1 | O7: rocket_car | P7: rockets | Q7: 1 | R7: Mount_rocket | T7: 2.2 | Z7: wreck_launcher | AA7: Assets/MachineBrigade/Resources/Data/balance.json: vehicles[140].parts[3] | AB7: {"id":"rocket_car","kind":"rockets","hp":0.1,"armour":2,"node":"Mount_rocket","wreck":"wreck_launcher","at":[0,-1.13,3],"radius":2.2,"mounts":[1]}
A8: behemoth/aps | B8: behemoth | C8: 6 | G8: 1 | H8: 0 | I8: 0.6 | J8: 5.2 | N8: 0.07 | O8: aps | P8: aps | T8: 1.6 | X8: aps | Z8: wreck_stump | AA8: Assets/MachineBrigade/Resources/Data/balance.json: vehicles[138].parts[6] | AB8: {"id":"aps","kind":"aps","hp":0.07,"armour":1,"wreck":"wreck_stump","at":[0,0.6,5.2],"radius":1.6,"stops":["aps"]}
A9: behemoth/flak_l | B9: behemoth | C9: 3 | G9: 2 | H9: -0.9 | I9: -1.15 | J9: 4.8 | N9: 0.07 | O9: flak_l | P9: flak | Q9: 3 | R9: Mount_mg.001 | T9: 1.8 | Z9: wreck_turret | AA9: Assets/MachineBrigade/Resources/Data/balance.json: vehicles[138].parts[3] | AB9: {"id":"flak_l","kind":"flak","hp":0.07,"armour":2,"node":"Mount_mg.001","wreck":"wreck_turret","at":[-0.9,-1.15,4.8],"radius":1.8,"mounts":[3]}
A10: behemoth/flak_r | B10: behemoth | C10: 2 | G10: 2 | H10: 0.9 | I10: -1.15 | J10: 4.8 | N10: 0.07 | O10: flak_r | P10: flak | Q10: 2 | R10: Mount_mg | T10: 1.8 | Z10: wreck_turret | AA10: Assets/MachineBrigade/Resources/Data/balance.json: vehicles[138].parts[2] | AB10: {"id":"flak_r","kind":"flak","hp":0.07,"armour":2,"node":"Mount_mg","wreck":"wreck_turret","at":[0.9,-1.15,4.8],"radius":1.8,"mounts":[2]}
A11: behemoth/gun_120 | B11: behemoth | C11: 1 | G11: 3 | H11: 0 | I11: 3.45 | J11: 2.8 | N11: 0.07 | O11: gun_120 | P11: gun | Q11: 1;6 | R11: Mount_gun | T11: 2.2 | Z11: wreck_turret | AA11: Assets/MachineBrigade/Resources/Data/balance.json: vehicles[138].parts[1] | AB11: {"id":"gun_120","kind":"gun","hp":0.07,"armour":3,"node":"Mount_gun","wreck":"wreck_turret","at":[0,3.45,2.8],"radius":2.2,"mounts":[1,6]}
A12: behemoth/main_gun | B12: behemoth | C12: 0 | G12: 3 | H12: 0 | I12: 3.5 | J12: 4.1 | N12: 0.07 | O12: main_gun | P12: maingun | Q12: 0 | R12: Main_cannon|Main_cannon_2|Muzzle_brake|Muzzle_brake_2 | S12: radio.part.maingun | T12: 3.2 | Z12: wreck_barrel | AA12: Assets/MachineBrigade/Resources/Data/balance.json: vehicles[138].parts[0] | AB12: {"id":"main_gun","kind":"maingun","hp":0.07,"armour":3,"node":"Main_cannon|Main_cannon_2|Muzzle_brake|Muzzle_brake_2","wreck":"wreck_barrel","at":[0,3.5,4.1],"radius":3.2,"mounts":[0],"radio":"radio.part.maingun"}
A13: behemoth/missiles_l | B13: behemoth | C13: 5 | G13: 2 | H13: -2.6 | I13: -2.5 | J13: 2.3 | N13: 0.07 | O13: missiles_l | P13: missiles | Q13: 5 | T13: 2 | Z13: wreck_launcher | AA13: Assets/MachineBrigade/Resources/Data/balance.json: vehicles[138].parts[5] | AB13: {"id":"missiles_l","kind":"missiles","hp":0.07,"armour":2,"wreck":"wreck_launcher","at":[-2.6,-2.5,2.3],"radius":2.0,"mounts":[5]}
A14: behemoth/missiles_r | B14: behemoth | C14: 4 | G14: 2 | H14: 2.6 | I14: -2.5 | J14: 2.3 | N14: 0.07 | O14: missiles_r | P14: missiles | Q14: 4 | T14: 2 | Z14: wreck_launcher | AA14: Assets/MachineBrigade/Resources/Data/balance.json: vehicles[138].parts[4] | AB14: {"id":"missiles_r","kind":"missiles","hp":0.07,"armour":2,"wreck":"wreck_launcher","at":[2.6,-2.5,2.3],"radius":2.0,"mounts":[4]}
A15: behemoth/rocket_pod | B15: behemoth | C15: 9 | D15: rocket_pod | H15: 0 | I15: -3.8 | J15: 4.4 | O15: rocket_pod | R15: Mount_rocket | AA15: Assets/MachineBrigade/Resources/Data/balance.json: vehicles[138].parts[9] | AB15: {"use":"rocket_pod","id":"rocket_pod","node":"Mount_rocket","at":[0,-3.8,4.4]}
A16: behemoth/side_gun_l | B16: behemoth | C16: 7 | D16: side_gun_120 | H16: -3.4 | I16: 1 | J16: 2.6 | O16: side_gun_l | R16: Mount_gun.001 | AA16: Assets/MachineBrigade/Resources/Data/balance.json: vehicles[138].parts[7] | AB16: {"use":"side_gun_120","id":"side_gun_l","node":"Mount_gun.001","at":[-3.4,1.0,2.6]}
A17: behemoth/side_gun_r | B17: behemoth | C17: 8 | D17: side_gun_120 | H17: 3.4 | I17: 1 | J17: 2.6 | O17: side_gun_r | R17: Mount_gun.002 | AA17: Assets/MachineBrigade/Resources/Data/balance.json: vehicles[138].parts[8] | AB17: {"use":"side_gun_120","id":"side_gun_r","node":"Mount_gun.002","at":[3.4,1.0,2.6]}
A18: behemoth_inferno/flak | B18: behemoth_inferno | C18: 3 | G18: 2 | H18: 0.9 | I18: -1.15 | J18: 4.8 | N18: 0.1 | O18: flak | P18: flak | Q18: 2 | R18: Mount_mg | T18: 1.8 | Z18: wreck_turret | AA18: Assets/MachineBrigade/Resources/Data/balance.json: vehicles[146].parts[3] | AB18: {"id":"flak","kind":"flak","hp":0.1,"armour":2,"node":"Mount_mg","wreck":"wreck_turret","at":[0.9,-1.15,4.8],"radius":1.8,"mounts":[2]}
A19: behemoth_inferno/flamer_l | B19: behemoth_inferno | C19: 1 | G19: 2 | H19: -0.62 | I19: 3.4 | J19: 4.1 | N19: 0.12 | O19: flamer_l | P19: flamer | Q19: 3 | R19: Main_cannon_2|Main_cannon_2_hose|Main_cannon_2_jacket|Muzzle_brake_2|Muzzle_brake_2_glow|Muzzle_brake_2_pilot | T19: 2.2 | Z19: wreck_barrel | AA19: Assets/MachineBrigade/Resources/Data/balance.json: vehicles[146].parts[1] | AB19: {"id":"flamer_l","kind":"flamer","hp":0.12,"armour":2,"node":"Main_cannon_2|Main_cannon_2_hose|Main_cannon_2_jacket|Muzzle_brake_2|Muzzle_brake_2_glow|Muzzle_brake_2_pilot","wreck":"wreck_barrel","at":[-0.62,3.4,4.1],"radius":2.2,"mounts":[3]}
A20: behemoth_inferno/flamer_r | B20: behemoth_inferno | C20: 0 | G20: 2 | H20: 0.62 | I20: 3.4 | J20: 4.1 | N20: 0.12 | O20: flamer_r | P20: flamer | Q20: 0 | R20: Main_cannon|Main_cannon_hose|Main_cannon_jacket|Muzzle_brake|Muzzle_brake_glow|Muzzle_brake_pilot | S20: radio.part.maingun | T20: 2.2 | Z20: wreck_barrel | AA20: Assets/MachineBrigade/Resources/Data/balance.json: vehicles[146].parts[0] | AB20: {"id":"flamer_r","kind":"flamer","hp":0.12,"armour":2,"node":"Main_cannon|Main_cannon_hose|Main_cannon_jacket|Muzzle_brake|Muzzle_brake_glow|Muzzle_brake_pilot","wreck":"wreck_barrel","at":[0.62,3.4,4.1],"radius":2.2,"mounts":[0],"radio":"radio.part.maingun"}
A21: behemoth_inferno/fuel | B21: behemoth_inferno | C21: 4 | G21: 1 | H21: 0 | I21: -4.6 | J21: 2.6 | N21: 0.08 | O21: fuel | P21: fuel | R21: Fuel_tanks|Tank_straps|Tank_hazard | T21: 2.6 | X21: trail | Z21: wreck_stump | AA21: Assets/MachineBrigade/Resources/Data/balance.json: vehicles[146].parts[4] | AB21: {"id":"fuel","kind":"fuel","hp":0.08,"armour":1,"node":"Fuel_tanks|Tank_straps|Tank_hazard","wreck":"wreck_stump","at":[0,-4.6,2.6],"radius":2.6,"stops":["trail"]}
A22: behemoth_inferno/thermo | B22: behemoth_inferno | C22: 2 | G22: 2 | H22: 0 | I22: 3.45 | J22: 2.8 | N22: 0.12 | O22: thermo | P22: thermo | Q22: 1 | R22: Mount_rocket | T22: 2.2 | Z22: wreck_turret | AA22: Assets/MachineBrigade/Resources/Data/balance.json: vehicles[146].parts[2] | AB22: {"id":"thermo","kind":"thermo","hp":0.12,"armour":2,"node":"Mount_rocket","wreck":"wreck_turret","at":[0,3.45,2.8],"radius":2.2,"mounts":[1]}
A23: behemoth_tempest/coil_l | B23: behemoth_tempest | C23: 1 | G23: 3 | H23: -0.9 | I23: 3.3 | J23: 2.9 | N23: 0.1 | O23: coil_l | P23: coilgun | Q23: 1 | R23: Mount_gun | T23: 1.8 | Z23: wreck_turret | AA23: Assets/MachineBrigade/Resources/Data/balance.json: vehicles[147].parts[1] | AB23: {"id":"coil_l","kind":"coilgun","hp":0.1,"armour":3,"node":"Mount_gun","wreck":"wreck_turret","at":[-0.9,3.3,2.9],"radius":1.8,"mounts":[1]}
A24: behemoth_tempest/coil_r | B24: behemoth_tempest | C24: 2 | G24: 3 | H24: 0.9 | I24: 3.3 | J24: 2.9 | N24: 0.1 | O24: coil_r | P24: coilgun | Q24: 2 | R24: Mount_gun.001 | T24: 1.8 | Z24: wreck_turret | AA24: Assets/MachineBrigade/Resources/Data/balance.json: vehicles[147].parts[2] | AB24: {"id":"coil_r","kind":"coilgun","hp":0.1,"armour":3,"node":"Mount_gun.001","wreck":"wreck_turret","at":[0.9,3.3,2.9],"radius":1.8,"mounts":[2]}
A25: behemoth_tempest/interceptor | B25: behemoth_tempest | C25: 4 | G25: 1 | H25: 0 | I25: -0.4 | J25: 4.4 | M25: energy | N25: 0.08 | O25: interceptor | P25: laser | R25: Aps_faces|Aps_tubes|Aps_tubes_bore | T25: 2.4 | X25: aps | Z25: wreck_stump | AA25: Assets/MachineBrigade/Resources/Data/balance.json: vehicles[147].parts[4] | AB25: {"id":"interceptor","kind":"laser","hp":0.08,"armour":1,"node":"Aps_faces|Aps_tubes|Aps_tubes_bore","wreck":"wreck_stump","at":[0,-0.4,4.4],"radius":2.4,"stops":["aps"],"fx":"energy"}
A26: behemoth_tempest/railgun | B26: behemoth_tempest | C26: 0 | G26: 3 | H26: 0 | I26: 5.5 | J26: 4.1 | N26: 0.15 | O26: railgun | P26: railgun | Q26: 0 | R26: Main_cannon* | S26: radio.part.maingun | T26: 3.2 | Z26: wreck_barrel | AA26: Assets/MachineBrigade/Resources/Data/balance.json: vehicles[147].parts[0] | AB26: {"id":"railgun","kind":"railgun","hp":0.15,"armour":3,"node":"Main_cannon*","wreck":"wreck_barrel","at":[0,5.5,4.1],"radius":3.2,"mounts":[0],"radio":"radio.part.maingun"}
A27: behemoth_tempest/shield | B27: behemoth_tempest | C27: 3 | G27: 2 | H27: 0 | I27: -3.3 | J27: 5.9 | N27: 0.12 | O27: shield | P27: shield | R27: Radar | S27: radio.part.shield | T27: 2 | U27: mothership_shield;boss_bulwark | Z27: wreck_stump | AA27: Assets/MachineBrigade/Resources/Data/balance.json: vehicles[147].parts[3] | AB27: {"id":"shield","kind":"shield","hp":0.12,"armour":2,"node":"Radar","wreck":"wreck_stump","at":[0,-3.3,5.9],"radius":2.0,"skills":["mothership_shield","boss_bulwark"],"radio":"radio.part.shield"}
A28: command_airship/bomb_bay | B28: command_airship | C28: 7 | G28: 2 | H28: 0 | I28: 8.5 | J28: -3 | K28: 0 | N28: 0.07 | O28: bomb_bay | P28: bombbay | Q28: 4;5 | S28: radio.part.bombbay | T28: 3.2 | Z28: wreck_stump | AA28: Assets/MachineBrigade/Resources/Data/balance.json: vehicles[151].parts[7] | AB28: {"id":"bomb_bay","mounts":[4,5],"breakDamage":0,"kind":"bombbay","hp":0.07,"armour":2,"wreck":"wreck_stump","at":[0,8.5,-3.0],"radius":3.2,"radio":"radio.part.bombbay"}
A29: command_airship/engine_fl | B29: command_airship | C29: 0 | G29: 2 | H29: -14.3 | I29: 9 | J29: 1 | K29: 0 | N29: 0.07 | O29: engine_fl | P29: engine | R29: Part_engine | T29: 3.6 | V29: 0.85 | Z29: wreck_engine | AA29: Assets/MachineBrigade/Resources/Data/balance.json: vehicles[151].parts[0] | AB29: {"id":"engine_fl","breakDamage":0,"kind":"engine","hp":0.07,"armour":2,"node":"Part_engine","wreck":"wreck_engine","at":[-14.3,9,1],"radius":3.6,"speed":0.85}
A30: command_airship/engine_fr | B30: command_airship | C30: 1 | G30: 2 | H30: 14.3 | I30: 9 | J30: 1 | K30: 0 | N30: 0.07 | O30: engine_fr | P30: engine | R30: Part_engine.001 | T30: 3.6 | V30: 0.85 | Z30: wreck_engine | AA30: Assets/MachineBrigade/Resources/Data/balance.json: vehicles[151].parts[1] | AB30: {"id":"engine_fr","breakDamage":0,"kind":"engine","hp":0.07,"armour":2,"node":"Part_engine.001","wreck":"wreck_engine","at":[14.3,9,1],"radius":3.6,"speed":0.85}
A31: command_airship/engine_rl | B31: command_airship | C31: 2 | G31: 2 | H31: -14.3 | I31: -8 | J31: 1 | K31: 0 | N31: 0.07 | O31: engine_rl | P31: engine | R31: Part_engine.002 | T31: 3.6 | V31: 0.85 | Z31: wreck_engine | AA31: Assets/MachineBrigade/Resources/Data/balance.json: vehicles[151].parts[2] | AB31: {"id":"engine_rl","breakDamage":0,"kind":"engine","hp":0.07,"armour":2,"node":"Part_engine.002","wreck":"wreck_engine","at":[-14.3,-8,1],"radius":3.6,"speed":0.85}
A32: command_airship/engine_rr | B32: command_airship | C32: 3 | G32: 2 | H32: 14.3 | I32: -8 | J32: 1 | K32: 0 | N32: 0.07 | O32: engine_rr | P32: engine | R32: Part_engine.003 | T32: 3.6 | V32: 0.85 | Z32: wreck_engine | AA32: Assets/MachineBrigade/Resources/Data/balance.json: vehicles[151].parts[3] | AB32: {"id":"engine_rr","breakDamage":0,"kind":"engine","hp":0.07,"armour":2,"node":"Part_engine.003","wreck":"wreck_engine","at":[14.3,-8,1],"radius":3.6,"speed":0.85}
A33: command_airship/hangar_l | B33: command_airship | C33: 4 | G33: 2 | H33: -1.3 | I33: -3 | J33: -2.2 | K33: 0 | N33: 0.07 | O33: hangar_l | P33: hangar | Q33: 2 | R33: Part_hangar | S33: radio.part.bay | T33: 3.2 | U33: airship_launch_l | Z33: wreck_launcher | AA33: Assets/MachineBrigade/Resources/Data/balance.json: vehicles[151].parts[4] | AB33: {"id":"hangar_l","breakDamage":0,"radio":"radio.part.bay","kind":"hangar","hp":0.07,"armour":2,"node":"Part_hangar","wreck":"wreck_launcher","at":[-1.3,-3,-2.2],"radius":3.2,"mounts":[2],"skills":["airship_launch_l"]}
A34: command_airship/hangar_r | B34: command_airship | C34: 5 | G34: 2 | H34: 1.3 | I34: -3 | J34: -2.2 | K34: 0 | N34: 0.07 | O34: hangar_r | P34: hangar | Q34: 3 | R34: Part_hangar.001 | S34: radio.part.bay | T34: 3.2 | U34: airship_launch_r | Z34: wreck_launcher | AA34: Assets/MachineBrigade/Resources/Data/balance.json: vehicles[151].parts[5] | AB34: {"id":"hangar_r","breakDamage":0,"radio":"radio.part.bay","kind":"hangar","hp":0.07,"armour":2,"node":"Part_hangar.001","wreck":"wreck_launcher","at":[1.3,-3,-2.2],"radius":3.2,"mounts":[3],"skills":["airship_launch_r"]}
A35: command_airship/pod_105_l | B35: command_airship | C35: 8 | D35: pod_105 | H35: -7.5 | I35: 0 | J35: -3 | K35: 0 | O35: pod_105_l | R35: Mount_gun.002 | AA35: Assets/MachineBrigade/Resources/Data/balance.json: vehicles[151].parts[8] | AB35: {"use":"pod_105","id":"pod_105_l","breakDamage":0,"node":"Mount_gun.002","at":[-7.5,0,-3.0]}
A36: command_airship/pod_105_r | B36: command_airship | C36: 9 | D36: pod_105 | H36: 7.5 | I36: 0 | J36: -3 | K36: 0 | O36: pod_105_r | R36: Mount_gun.003 | AA36: Assets/MachineBrigade/Resources/Data/balance.json: vehicles[151].parts[9] | AB36: {"use":"pod_105","id":"pod_105_r","breakDamage":0,"node":"Mount_gun.003","at":[7.5,0,-3.0]}
A37: command_airship/radar | B37: command_airship | C37: 6 | E37: 0;1 | G37: 1 | H37: 0 | I37: 3.2 | J37: 6.7 | K37: 0 | L37: 0.5 | N37: 0.07 | O37: radar | P37: radar | R37: Part_radar | T37: 2.6 | W37: 3 | Z37: wreck_stump | AA37: Assets/MachineBrigade/Resources/Data/balance.json: vehicles[151].parts[6] | AB37: {"id":"radar","breakDamage":0,"kind":"radar","hp":0.07,"armour":1,"node":"Part_radar","wreck":"wreck_stump","at":[0,3.2,6.7],"radius":2.6,"spread":3,"fail":0.5,"affects":[0,1]}
A38: daedalus/engine | B38: daedalus | C38: 4 | G38: 2 | H38: 0 | I38: -16.5 | J38: 0.8 | N38: 0.08 | O38: engine | P38: thruster | R38: Thruster_main | S38: radio.part.mainengine | T38: 3.2 | V38: 0.8 | Z38: wreck_stump | AA38: Assets/MachineBrigade/Resources/Data/balance.json: vehicles[160].parts[4] | AB38: {"id":"engine","kind":"thruster","hp":0.08,"armour":2,"node":"Thruster_main","wreck":"wreck_stump","at":[0,-16.5,0.8],"radius":3.2,"speed":0.8,"radio":"radio.part.mainengine"}
A39: daedalus/gun_l | B39: daedalus | C39: 0 | G39: 2 | H39: -2.4 | I39: 6 | J39: -2.7 | N39: 0.08 | O39: gun_l | P39: gun | Q39: 0 | R39: Mount_gun | T39: 1.6 | Z39: wreck_turret | AA39: Assets/MachineBrigade/Resources/Data/balance.json: vehicles[160].parts[0] | AB39: {"id":"gun_l","kind":"gun","hp":0.08,"armour":2,"node":"Mount_gun","wreck":"wreck_turret","at":[-2.4,6.0,-2.7],"radius":1.6,"mounts":[0]}
A40: daedalus/gun_r | B40: daedalus | C40: 1 | D40: gun_30 | H40: 2.4 | I40: 6 | J40: -2.7 | N40: 0.08 | O40: gun_r | R40: Mount_gun.005 | AA40: Assets/MachineBrigade/Resources/Data/balance.json: vehicles[160].parts[1] | AB40: {"use":"gun_30","id":"gun_r","hp":0.08,"node":"Mount_gun.005","at":[2.4,6.0,-2.7]}
A41: daedalus/pd_laser_l | B41: daedalus | C41: 2 | D41: pd_laser | H41: -3.4 | I41: 4 | J41: 2.8 | O41: pd_laser_l | R41: Pd_laser_l | AA41: Assets/MachineBrigade/Resources/Data/balance.json: vehicles[160].parts[2] | AB41: {"use":"pd_laser","id":"pd_laser_l","node":"Pd_laser_l","at":[-3.4,4.0,2.8]}
A42: daedalus/pd_laser_r | B42: daedalus | C42: 3 | D42: pd_laser | H42: 3.4 | I42: 4 | J42: 2.8 | O42: pd_laser_r | R42: Pd_laser_r | AA42: Assets/MachineBrigade/Resources/Data/balance.json: vehicles[160].parts[3] | AB42: {"use":"pd_laser","id":"pd_laser_r","node":"Pd_laser_r","at":[3.4,4.0,2.8]}
A43: daedalus/pod_bay_1 | B43: daedalus | C43: 5 | D43: pod_bay | H43: -4 | I43: -2 | J43: -2.2 | O43: pod_bay_1 | R43: Pod_bay_1 | AA43: Assets/MachineBrigade/Resources/Data/balance.json: vehicles[160].parts[5] | AB43: {"use":"pod_bay","id":"pod_bay_1","node":"Pod_bay_1","at":[-4.0,-2.0,-2.2]}
A44: daedalus/pod_bay_2 | B44: daedalus | C44: 6 | D44: pod_bay | H44: 0 | I44: -5 | J44: -2.4 | O44: pod_bay_2 | R44: Pod_bay_2 | AA44: Assets/MachineBrigade/Resources/Data/balance.json: vehicles[160].parts[6] | AB44: {"use":"pod_bay","id":"pod_bay_2","node":"Pod_bay_2","at":[0,-5.0,-2.4]}
A45: daedalus/pod_bay_3 | B45: daedalus | C45: 7 | D45: pod_bay | H45: 4 | I45: -2 | J45: -2.2 | O45: pod_bay_3 | R45: Pod_bay_3 | AA45: Assets/MachineBrigade/Resources/Data/balance.json: vehicles[160].parts[7] | AB45: {"use":"pod_bay","id":"pod_bay_3","node":"Pod_bay_3","at":[4.0,-2.0,-2.2]}
A46: drone_mothership/belly_gun_l | B46: drone_mothership | C46: 8 | D46: gun_30 | H46: -2.2 | I46: 6 | J46: -5.8 | O46: belly_gun_l | R46: Mount_gun | AA46: Assets/MachineBrigade/Resources/Data/balance.json: vehicles[142].parts[8] | AB46: {"use":"gun_30","id":"belly_gun_l","node":"Mount_gun","at":[-2.2,6.0,-5.8]}
A47: drone_mothership/belly_gun_r | B47: drone_mothership | C47: 9 | D47: gun_30 | H47: 2.2 | I47: 6 | J47: -5.8 | O47: belly_gun_r | R47: Mount_gun.001 | AA47: Assets/MachineBrigade/Resources/Data/balance.json: vehicles[142].parts[9] | AB47: {"use":"gun_30","id":"belly_gun_r","node":"Mount_gun.001","at":[2.2,6.0,-5.8]}
A48: drone_mothership/bomb_bay | B48: drone_mothership | C48: 7 | G48: 2 | H48: 0 | I48: 5.5 | J48: -4.8 | N48: 0.06 | O48: bomb_bay | P48: bombbay | S48: radio.part.bombbay | T48: 2.8 | Z48: wreck_stump | AA48: Assets/MachineBrigade/Resources/Data/balance.json: vehicles[142].parts[7] | AB48: {"id":"bomb_bay","kind":"bombbay","hp":0.06,"armour":2,"wreck":"wreck_stump","at":[0,5.5,-4.8],"radius":2.8,"radio":"radio.part.bombbay"}
A49: drone_mothership/cannon_bow | B49: drone_mothership | C49: 0 | G49: 2 | H49: 0 | I49: 10.8 | J49: -3.6 | N49: 0.06 | O49: cannon_bow | P49: maingun | Q49: 0 | R49: Turret | S49: radio.part.maingun | T49: 2 | Z49: wreck_turret | AA49: Assets/MachineBrigade/Resources/Data/balance.json: vehicles[142].parts[0] | AB49: {"id":"cannon_bow","kind":"maingun","hp":0.06,"armour":2,"node":"Turret","wreck":"wreck_turret","at":[0,10.8,-3.6],"radius":2.0,"mounts":[0],"radio":"radio.part.maingun"}
A50: drone_mothership/cannon_gondola | B50: drone_mothership | C50: 1 | G50: 2 | H50: 0 | I50: 2.2 | J50: -5.4 | N50: 0.06 | O50: cannon_gondola | P50: gun | Q50: 4 | R50: Mount_main.001 | T50: 2 | Z50: wreck_turret | AA50: Assets/MachineBrigade/Resources/Data/balance.json: vehicles[142].parts[1] | AB50: {"id":"cannon_gondola","kind":"gun","hp":0.06,"armour":2,"node":"Mount_main.001","wreck":"wreck_turret","at":[0,2.2,-5.4],"radius":2.0,"mounts":[4]}
A51: drone_mothership/drone_bay | B51: drone_mothership | C51: 2 | G51: 2 | H51: 0 | I51: -2.3 | J51: -4.6 | N51: 0.06 | O51: drone_bay | P51: bay | Q51: 1 | S51: radio.part.bay | T51: 3 | Z51: wreck_stump | AA51: Assets/MachineBrigade/Resources/Data/balance.json: vehicles[142].parts[2] | AB51: {"id":"drone_bay","kind":"bay","hp":0.06,"armour":2,"wreck":"wreck_stump","at":[0,-2.3,-4.6],"radius":3.0,"mounts":[1],"radio":"radio.part.bay"}
A52: drone_mothership/drone_bay_2 | B52: drone_mothership | C52: 10 | D52: drone_bay | H52: 0 | I52: -6 | J52: -4.4 | O52: drone_bay_2 | R52: Mount_missile.001 | AA52: Assets/MachineBrigade/Resources/Data/balance.json: vehicles[142].parts[10] | AB52: {"use":"drone_bay","id":"drone_bay_2","node":"Mount_missile.001","at":[0,-6.0,-4.4]}
A53: drone_mothership/flak_rear | B53: drone_mothership | C53: 5 | G53: 2 | H53: 0 | I53: -3.4 | J53: 3.9 | N53: 0.06 | O53: flak_rear | P53: flak | Q53: 3 | R53: Mount_mg.001 | T53: 1.8 | Z53: wreck_turret | AA53: Assets/MachineBrigade/Resources/Data/balance.json: vehicles[142].parts[5] | AB53: {"id":"flak_rear","kind":"flak","hp":0.06,"armour":2,"node":"Mount_mg.001","wreck":"wreck_turret","at":[0,-3.4,3.9],"radius":1.8,"mounts":[3]}
A54: drone_mothership/flak_top | B54: drone_mothership | C54: 4 | G54: 2 | H54: 0 | I54: 4.8 | J54: 4.1 | N54: 0.06 | O54: flak_top | P54: flak | Q54: 2 | R54: Mount_mg | T54: 1.8 | Z54: wreck_turret | AA54: Assets/MachineBrigade/Resources/Data/balance.json: vehicles[142].parts[4] | AB54: {"id":"flak_top","kind":"flak","hp":0.06,"armour":2,"node":"Mount_mg","wreck":"wreck_turret","at":[0,4.8,4.1],"radius":1.8,"mounts":[2]}
A55: drone_mothership/shield | B55: drone_mothership | C55: 6 | G55: 2 | H55: 0 | I55: -2.35 | J55: 5.2 | N55: 0.06 | O55: shield | P55: shield | S55: radio.part.shield | T55: 2.5 | U55: mothership_shield | Z55: wreck_stump | AA55: Assets/MachineBrigade/Resources/Data/balance.json: vehicles[142].parts[6] | AB55: {"id":"shield","kind":"shield","hp":0.06,"armour":2,"wreck":"wreck_stump","at":[0,-2.35,5.2],"radius":2.5,"skills":["mothership_shield"],"radio":"radio.part.shield"}
A56: drone_mothership/uav_bay | B56: drone_mothership | C56: 3 | G56: 1 | H56: 0 | I56: -8.5 | J56: -3.5 | N56: 0.06 | O56: uav_bay | P56: uav | Q56: 5 | T56: 2.5 | U56: mothership_launch | Z56: wreck_stump | AA56: Assets/MachineBrigade/Resources/Data/balance.json: vehicles[142].parts[3] | AB56: {"id":"uav_bay","mounts":[5],"kind":"uav","hp":0.06,"armour":1,"wreck":"wreck_stump","at":[0,-8.5,-3.5],"radius":2.5,"skills":["mothership_launch"]}
A57: earth_borer/drill | B57: earth_borer | C57: 0 | G57: 4 | H57: 0 | I57: 6.8 | J57: 3.3 | N57: 0.14 | O57: drill | P57: drill | Q57: 0 | R57: Part_drill | S57: radio.part.drill | T57: 3 | X57: burrow | Z57: wreck_stump | AA57: Assets/MachineBrigade/Resources/Data/balance.json: vehicles[150].parts[0] | AB57: {"id":"drill","kind":"drill","hp":0.14,"armour":4,"node":"Part_drill","wreck":"wreck_stump","at":[0,6.8,3.3],"radius":3.0,"mounts":[0],"stops":["burrow"],"radio":"radio.part.drill"}
A58: earth_borer/engine | B58: earth_borer | C58: 3 | G58: 3 | H58: 0 | I58: -7.3 | J58: 4.9 | N58: 0.1 | O58: engine | P58: engine | R58: Part_engine | T58: 2.5 | V58: 0.7 | Z58: wreck_engine | AA58: Assets/MachineBrigade/Resources/Data/balance.json: vehicles[150].parts[3] | AB58: {"id":"engine","kind":"engine","hp":0.1,"armour":3,"node":"Part_engine","wreck":"wreck_engine","at":[0,-7.3,4.9],"radius":2.5,"speed":0.7}
A59: earth_borer/gun_l | B59: earth_borer | C59: 1 | G59: 3 | H59: -1.3 | I59: 0.2 | J59: 5.6 | N59: 0.1 | O59: gun_l | P59: gun | Q59: 1 | R59: Part_gun | T59: 1.8 | Z59: wreck_turret | AA59: Assets/MachineBrigade/Resources/Data/balance.json: vehicles[150].parts[1] | AB59: {"id":"gun_l","kind":"gun","hp":0.1,"armour":3,"node":"Part_gun","wreck":"wreck_turret","at":[-1.3,0.2,5.6],"radius":1.8,"mounts":[1]}
A60: earth_borer/gun_r | B60: earth_borer | C60: 2 | G60: 3 | H60: 1.3 | I60: -3.2 | J60: 5.6 | N60: 0.1 | O60: gun_r | P60: gun | Q60: 2 | R60: Part_gun.001 | T60: 1.8 | Z60: wreck_turret | AA60: Assets/MachineBrigade/Resources/Data/balance.json: vehicles[150].parts[2] | AB60: {"id":"gun_r","kind":"gun","hp":0.1,"armour":3,"node":"Part_gun.001","wreck":"wreck_turret","at":[1.3,-3.2,5.6],"radius":1.8,"mounts":[2]}
A61: fortress_bastion/casemate | B61: fortress_bastion | C61: 6 | D61: casemate_155 | H61: 0 | I61: 8.7 | J61: 3.2 | O61: casemate | R61: Mount_gun.004 | AA61: Assets/MachineBrigade/Resources/Data/balance.json: vehicles[148].parts[6] | AB61: {"use":"casemate_155","id":"casemate","node":"Mount_gun.004","at":[0,8.7,3.2]}
A62: fortress_bastion/kornet | B62: fortress_bastion | C62: 5 | G62: 2 | H62: -1.42 | I62: -2.75 | J62: 6.4 | N62: 0.07 | O62: kornet | P62: missiles | Q62: 5 | R62: Part_missile | T62: 1.8 | Z62: wreck_launcher | AA62: Assets/MachineBrigade/Resources/Data/balance.json: vehicles[148].parts[5] | AB62: {"id":"kornet","kind":"missiles","hp":0.07,"armour":2,"node":"Part_missile","wreck":"wreck_launcher","at":[-1.42,-2.75,6.4],"radius":1.8,"mounts":[5]}
A63: fortress_bastion/mortar | B63: fortress_bastion | C63: 0 | G63: 3 | H63: 0 | I63: -0.5 | J63: 7.5 | N63: 0.1 | O63: mortar | P63: mortar | Q63: 0 | R63: Main_cannon* | S63: radio.part.maingun | T63: 2.8 | U63: fortress_barrage | Z63: wreck_barrel | AA63: Assets/MachineBrigade/Resources/Data/balance.json: vehicles[148].parts[0] | AB63: {"id":"mortar","kind":"mortar","hp":0.1,"armour":3,"node":"Main_cannon*","wreck":"wreck_barrel","at":[0,-0.5,7.5],"radius":2.8,"mounts":[0],"skills":["fortress_barrage"],"radio":"radio.part.maingun"}
A64: fortress_bastion/turret_fl | B64: fortress_bastion | C64: 1 | G64: 3 | H64: -4.1 | I64: 4.35 | J64: 3.3 | N64: 0.07 | O64: turret_fl | P64: turret | Q64: 1 | R64: Mount_gun | T64: 1.8 | Z64: wreck_turret | AA64: Assets/MachineBrigade/Resources/Data/balance.json: vehicles[148].parts[1] | AB64: {"id":"turret_fl","kind":"turret","hp":0.07,"armour":3,"node":"Mount_gun","wreck":"wreck_turret","at":[-4.1,4.35,3.3],"radius":1.8,"mounts":[1]}
A65: fortress_bastion/turret_fr | B65: fortress_bastion | C65: 2 | G65: 3 | H65: 4.1 | I65: 4.35 | J65: 3.3 | N65: 0.07 | O65: turret_fr | P65: turret | Q65: 2 | R65: Mount_gun.001 | T65: 1.8 | Z65: wreck_turret | AA65: Assets/MachineBrigade/Resources/Data/balance.json: vehicles[148].parts[2] | AB65: {"id":"turret_fr","kind":"turret","hp":0.07,"armour":3,"node":"Mount_gun.001","wreck":"wreck_turret","at":[4.1,4.35,3.3],"radius":1.8,"mounts":[2]}
A66: fortress_bastion/turret_rl | B66: fortress_bastion | C66: 3 | G66: 3 | H66: -4.1 | I66: -4.25 | J66: 3.3 | N66: 0.07 | O66: turret_rl | P66: turret | Q66: 3;6 | R66: Mount_gun.002 | T66: 1.8 | Z66: wreck_turret | AA66: Assets/MachineBrigade/Resources/Data/balance.json: vehicles[148].parts[3] | AB66: {"id":"turret_rl","kind":"turret","hp":0.07,"armour":3,"node":"Mount_gun.002","wreck":"wreck_turret","at":[-4.1,-4.25,3.3],"radius":1.8,"mounts":[3,6]}
A67: fortress_bastion/turret_rr | B67: fortress_bastion | C67: 4 | G67: 3 | H67: 4.1 | I67: -4.25 | J67: 3.3 | N67: 0.07 | O67: turret_rr | P67: turret | Q67: 4;7 | R67: Mount_gun.003 | T67: 1.8 | Z67: wreck_turret | AA67: Assets/MachineBrigade/Resources/Data/balance.json: vehicles[148].parts[4] | AB67: {"id":"turret_rr","kind":"turret","hp":0.07,"armour":3,"node":"Mount_gun.003","wreck":"wreck_turret","at":[4.1,-4.25,3.3],"radius":1.8,"mounts":[4,7]}
A68: fortress_bastion/zu23_l | B68: fortress_bastion | C68: 7 | D68: zu23 | H68: -3.42 | I68: -1.25 | J68: 5.4 | O68: zu23_l | R68: Mount_mg | AA68: Assets/MachineBrigade/Resources/Data/balance.json: vehicles[148].parts[7] | AB68: {"use":"zu23","id":"zu23_l","node":"Mount_mg","at":[-3.42,-1.25,5.4]}
A69: fortress_bastion/zu23_r | B69: fortress_bastion | C69: 8 | D69: zu23 | H69: 3.42 | I69: -1.25 | J69: 5.4 | O69: zu23_r | R69: Mount_mg.001 | AA69: Assets/MachineBrigade/Resources/Data/balance.json: vehicles[148].parts[8] | AB69: {"use":"zu23","id":"zu23_r","node":"Mount_mg.001","at":[3.42,-1.25,5.4]}
A70: ixion/cab | B70: ixion | C70: 7 | G70: 2 | H70: -3.6 | I70: 9.5 | J70: 5 | N70: 0.08 | O70: cab | P70: cab | Q70: 1;2 | R70: Part_cab | T70: 3 | Z70: wreck_stump | AA70: Assets/MachineBrigade/Resources/Data/balance.json: vehicles[162].parts[7] | AB70: {"id":"cab","kind":"cab","node":"Part_cab","hp":0.08,"armour":2,"wreck":"wreck_stump","at":[-3.6,9.5,5],"radius":3,"mounts":[1,2]}
A71: ixion/gun | B71: ixion | C71: 6 | G71: 3 | H71: 0 | I71: -1.5 | J71: 6.5 | N71: 0.12 | O71: gun | P71: hulltower | Q71: 0 | R71: Turret | T71: 3.2 | Z71: wreck_turret | AA71: Assets/MachineBrigade/Resources/Data/balance.json: vehicles[162].parts[6] | AB71: {"id":"gun","kind":"hulltower","hp":0.12,"armour":3,"node":"Turret","wreck":"wreck_turret","at":[0,-1.5,6.5],"radius":3.2,"mounts":[0]}
A72: ixion/rear_l1 | B72: ixion | C72: 2 | G72: 1 | H72: -5.4 | I72: -3 | J72: 1.8 | N72: 0.035 | O72: rear_l1 | P72: reartyre | R72: Part_tyre | T72: 2.6 | V72: 0.9 | Y72: 0.9 | Z72: wreck_stump | AA72: Assets/MachineBrigade/Resources/Data/balance.json: vehicles[162].parts[2] | AB72: {"id":"rear_l1","kind":"reartyre","node":"Part_tyre","hp":0.035,"armour":1,"wreck":"wreck_stump","at":[-5.4,-3,1.8],"radius":2.6,"speed":0.9,"turn":0.9}
A73: ixion/rear_l2 | B73: ixion | C73: 4 | G73: 1 | H73: -5.4 | I73: -9 | J73: 1.8 | N73: 0.035 | O73: rear_l2 | P73: reartyre | R73: Part_tyre.002 | T73: 2.6 | V73: 0.9 | Y73: 0.9 | Z73: wreck_stump | AA73: Assets/MachineBrigade/Resources/Data/balance.json: vehicles[162].parts[4] | AB73: {"id":"rear_l2","kind":"reartyre","node":"Part_tyre.002","hp":0.035,"armour":1,"wreck":"wreck_stump","at":[-5.4,-9,1.8],"radius":2.6,"speed":0.9,"turn":0.9}
A74: ixion/rear_r1 | B74: ixion | C74: 3 | G74: 1 | H74: 5.4 | I74: -3 | J74: 1.8 | N74: 0.035 | O74: rear_r1 | P74: reartyre | R74: Part_tyre.001 | T74: 2.6 | V74: 0.9 | Y74: 0.9 | Z74: wreck_stump | AA74: Assets/MachineBrigade/Resources/Data/balance.json: vehicles[162].parts[3] | AB74: {"id":"rear_r1","kind":"reartyre","node":"Part_tyre.001","hp":0.035,"armour":1,"wreck":"wreck_stump","at":[5.4,-3,1.8],"radius":2.6,"speed":0.9,"turn":0.9}
A75: ixion/rear_r2 | B75: ixion | C75: 5 | G75: 1 | H75: 5.4 | I75: -9 | J75: 1.8 | N75: 0.035 | O75: rear_r2 | P75: reartyre | R75: Part_tyre.003 | T75: 2.6 | V75: 0.9 | Y75: 0.9 | Z75: wreck_stump | AA75: Assets/MachineBrigade/Resources/Data/balance.json: vehicles[162].parts[5] | AB75: {"id":"rear_r2","kind":"reartyre","node":"Part_tyre.003","hp":0.035,"armour":1,"wreck":"wreck_stump","at":[5.4,-9,1.8],"radius":2.6,"speed":0.9,"turn":0.9}
A76: ixion/wheel_l | B76: ixion | C76: 0 | G76: 3 | H76: -5.4 | I76: 8.5 | J76: 1.8 | N76: 0.07 | O76: wheel_l | P76: wheel | R76: Part_wheel | S76: radio.part.wheel | T76: 2.8 | V76: 0.6 | Y76: 0.5 | Z76: wreck_engine | AA76: Assets/MachineBrigade/Resources/Data/balance.json: vehicles[162].parts[0] | AB76: {"id":"wheel_l","kind":"wheel","node":"Part_wheel","hp":0.07,"armour":3,"wreck":"wreck_engine","at":[-5.4,8.5,1.8],"radius":2.8,"speed":0.6,"turn":0.5,"radio":"radio.part.wheel"}
A77: ixion/wheel_r | B77: ixion | C77: 1 | G77: 3 | H77: 5.4 | I77: 8.5 | J77: 1.8 | N77: 0.07 | O77: wheel_r | P77: wheel | R77: Part_wheel.001 | S77: radio.part.wheel | T77: 2.8 | V77: 0.6 | Y77: 0.5 | Z77: wreck_engine | AA77: Assets/MachineBrigade/Resources/Data/balance.json: vehicles[162].parts[1] | AB77: {"id":"wheel_r","kind":"wheel","node":"Part_wheel.001","hp":0.07,"armour":3,"wreck":"wreck_engine","at":[5.4,8.5,1.8],"radius":2.8,"speed":0.6,"turn":0.5,"radio":"radio.part.wheel"}
A78: landing_hovercraft/ciws_l | B78: landing_hovercraft | C78: 5 | G78: 2 | H78: -5.3 | I78: -3.7 | J78: 4.8 | N78: 0.07 | O78: ciws_l | P78: ciws | Q78: 2 | R78: Part_mg | T78: 1.8 | X78: aps | Z78: wreck_turret | AA78: Assets/MachineBrigade/Resources/Data/balance.json: vehicles[152].parts[5] | AB78: {"id":"ciws_l","kind":"ciws","hp":0.07,"armour":2,"node":"Part_mg","wreck":"wreck_turret","at":[-5.3,-3.7,4.8],"radius":1.8,"mounts":[2],"stops":["aps"]}
A79: landing_hovercraft/ciws_r | B79: landing_hovercraft | C79: 6 | G79: 2 | H79: 5.3 | I79: -3.7 | J79: 4.8 | N79: 0.07 | O79: ciws_r | P79: ciws | Q79: 3 | R79: Part_mg.001 | T79: 1.8 | X79: aps | Z79: wreck_turret | AA79: Assets/MachineBrigade/Resources/Data/balance.json: vehicles[152].parts[6] | AB79: {"id":"ciws_r","kind":"ciws","hp":0.07,"armour":2,"node":"Part_mg.001","wreck":"wreck_turret","at":[5.3,-3.7,4.8],"radius":1.8,"mounts":[3],"stops":["aps"]}
A80: landing_hovercraft/fan_l | B80: landing_hovercraft | C80: 1 | G80: 1 | H80: -5.3 | I80: -10.9 | J80: 6.5 | N80: 0.07 | O80: fan_l | P80: fan | R80: Part_fan | T80: 3 | V80: 0.7 | Z80: wreck_engine | AA80: Assets/MachineBrigade/Resources/Data/balance.json: vehicles[152].parts[1] | AB80: {"id":"fan_l","kind":"fan","hp":0.07,"armour":1,"node":"Part_fan","wreck":"wreck_engine","at":[-5.3,-10.9,6.5],"radius":3.0,"speed":0.7}
A81: landing_hovercraft/fan_r | B81: landing_hovercraft | C81: 2 | G81: 1 | H81: 5.3 | I81: -10.9 | J81: 6.5 | N81: 0.07 | O81: fan_r | P81: fan | R81: Part_fan.001 | T81: 3 | V81: 0.7 | Z81: wreck_engine | AA81: Assets/MachineBrigade/Resources/Data/balance.json: vehicles[152].parts[2] | AB81: {"id":"fan_r","kind":"fan","hp":0.07,"armour":1,"node":"Part_fan.001","wreck":"wreck_engine","at":[5.3,-10.9,6.5],"radius":3.0,"speed":0.7}
A82: landing_hovercraft/gun_l | B82: landing_hovercraft | C82: 3 | G82: 3 | H82: -5.3 | I82: 6.4 | J82: 4.3 | N82: 0.07 | O82: gun_l | P82: gun | Q82: 0 | R82: Part_gun | T82: 1.8 | Z82: wreck_turret | AA82: Assets/MachineBrigade/Resources/Data/balance.json: vehicles[152].parts[3] | AB82: {"id":"gun_l","kind":"gun","hp":0.07,"armour":3,"node":"Part_gun","wreck":"wreck_turret","at":[-5.3,6.4,4.3],"radius":1.8,"mounts":[0]}
A83: landing_hovercraft/gun_r | B83: landing_hovercraft | C83: 4 | G83: 3 | H83: 5.3 | I83: 3 | J83: 4.3 | N83: 0.07 | O83: gun_r | P83: gun | Q83: 1 | R83: Part_gun.001 | T83: 1.8 | Z83: wreck_turret | AA83: Assets/MachineBrigade/Resources/Data/balance.json: vehicles[152].parts[4] | AB83: {"id":"gun_r","kind":"gun","hp":0.07,"armour":3,"node":"Part_gun.001","wreck":"wreck_turret","at":[5.3,3.0,4.3],"radius":1.8,"mounts":[1]}
A84: landing_hovercraft/ramp | B84: landing_hovercraft | C84: 0 | G84: 3 | H84: 0 | I84: 12.5 | J84: 2.3 | N84: 0.12 | O84: ramp | P84: ramp | R84: Part_ramp | S84: radio.part.ramp | T84: 3 | X84: landing | Z84: wreck_stump | AA84: Assets/MachineBrigade/Resources/Data/balance.json: vehicles[152].parts[0] | AB84: {"id":"ramp","kind":"ramp","hp":0.12,"armour":3,"node":"Part_ramp","wreck":"wreck_stump","at":[0,12.5,2.3],"radius":3.0,"stops":["landing"],"radio":"radio.part.ramp"}
A85: landing_hovercraft/rockets_l | B85: landing_hovercraft | C85: 7 | G85: 2 | H85: -5.3 | I85: 11.2 | J85: 4.6 | N85: 0.07 | O85: rockets_l | P85: rockets | Q85: 4 | R85: Part_rocket | T85: 1.8 | Z85: wreck_launcher | AA85: Assets/MachineBrigade/Resources/Data/balance.json: vehicles[152].parts[7] | AB85: {"id":"rockets_l","kind":"rockets","hp":0.07,"armour":2,"node":"Part_rocket","wreck":"wreck_launcher","at":[-5.3,11.2,4.6],"radius":1.8,"mounts":[4]}
A86: landing_hovercraft/rockets_r | B86: landing_hovercraft | C86: 8 | G86: 2 | H86: 5.3 | I86: 11.2 | J86: 4.6 | N86: 0.07 | O86: rockets_r | P86: rockets | Q86: 5 | R86: Part_rocket.001 | T86: 1.8 | Z86: wreck_launcher | AA86: Assets/MachineBrigade/Resources/Data/balance.json: vehicles[152].parts[8] | AB86: {"id":"rockets_r","kind":"rockets","hp":0.07,"armour":2,"node":"Part_rocket.001","wreck":"wreck_launcher","at":[5.3,11.2,4.6],"radius":1.8,"mounts":[5]}
A87: leviathan/aa_port | B87: leviathan | C87: 6 | G87: 1 | H87: -6.1 | I87: -4.5 | J87: 4.6 | N87: 0.05 | O87: aa_port | P87: flak | Q87: 7;8;9;10 | R87: Part_aa_l | T87: 5 | Z87: wreck_turret | AA87: Assets/MachineBrigade/Resources/Data/balance.json: vehicles[153].parts[6] | AB87: {"id":"aa_port","kind":"flak","hp":0.05,"armour":1,"node":"Part_aa_l","wreck":"wreck_turret","at":[-6.1,-4.5,4.6],"radius":5.0,"mounts":[7,8,9,10]}
A88: leviathan/aa_starboard | B88: leviathan | C88: 7 | G88: 1 | H88: 6.1 | I88: -4.5 | J88: 4.6 | N88: 0.05 | O88: aa_starboard | P88: flak | Q88: 11;12;13;14 | R88: Part_aa_r | T88: 5 | Z88: wreck_turret | AA88: Assets/MachineBrigade/Resources/Data/balance.json: vehicles[153].parts[7] | AB88: {"id":"aa_starboard","kind":"flak","hp":0.05,"armour":1,"node":"Part_aa_r","wreck":"wreck_turret","at":[6.1,-4.5,4.6],"radius":5.0,"mounts":[11,12,13,14]}
A89: leviathan/ciws_aft | B89: leviathan | C89: 9 | G89: 2 | H89: -2.6 | I89: -14.8 | J89: 7 | N89: 0.05 | O89: ciws_aft | P89: ciws | Q89: 6 | R89: Part_mg.001 | S89: radio.part.ciws | T89: 1.8 | X89: aps | Z89: wreck_turret | AA89: Assets/MachineBrigade/Resources/Data/balance.json: vehicles[153].parts[9] | AB89: {"id":"ciws_aft","kind":"ciws","hp":0.05,"armour":2,"node":"Part_mg.001","wreck":"wreck_turret","at":[-2.6,-14.8,7.0],"radius":1.8,"mounts":[6],"stops":["aps"],"radio":"radio.part.ciws"}
A90: leviathan/ciws_fore | B90: leviathan | C90: 8 | G90: 2 | H90: 3.4 | I90: 3.4 | J90: 9.9 | N90: 0.05 | O90: ciws_fore | P90: ciws | Q90: 5 | R90: Part_mg | T90: 1.8 | X90: aps | Z90: wreck_turret | AA90: Assets/MachineBrigade/Resources/Data/balance.json: vehicles[153].parts[8] | AB90: {"id":"ciws_fore","kind":"ciws","hp":0.05,"armour":2,"node":"Part_mg","wreck":"wreck_turret","at":[3.4,3.4,9.9],"radius":1.8,"mounts":[5],"stops":["aps"]}
A91: leviathan/flight_deck | B91: leviathan | C91: 11 | G91: 2 | H91: 0 | I91: -36 | J91: 3.9 | N91: 0.05 | O91: flight_deck | P91: flightdeck | R91: Part_deck | S91: radio.part.flightdeck | T91: 5.5 | U91: leviathan_helos | Z91: wreck_stump | AA91: Assets/MachineBrigade/Resources/Data/balance.json: vehicles[153].parts[11] | AB91: {"id":"flight_deck","kind":"flightdeck","hp":0.05,"armour":2,"node":"Part_deck","wreck":"wreck_stump","at":[0,-36.0,3.9],"radius":5.5,"skills":["leviathan_helos"],"radio":"radio.part.flightdeck"}
A92: leviathan/machinery | B92: leviathan | C92: 13 | G92: 3 | H92: 0 | I92: -8.5 | J92: 11.5 | N92: 0.05 | O92: machinery | P92: engine | R92: Part_engine | S92: radio.part.machinery | T92: 3.2 | V92: 0.65 | Z92: wreck_engine | AA92: Assets/MachineBrigade/Resources/Data/balance.json: vehicles[153].parts[13] | AB92: {"id":"machinery","kind":"engine","hp":0.05,"armour":3,"node":"Part_engine","wreck":"wreck_engine","at":[0,-8.5,11.5],"radius":3.2,"speed":0.65,"radio":"radio.part.machinery"}
A93: leviathan/radar | B93: leviathan | C93: 10 | E93: 5;6 | G93: 1 | H93: 0 | I93: 1 | J93: 19.5 | M93: energy | N93: 0.05 | O93: radar | P93: radar | Q93: 15 | R93: Part_radar | S93: radio.part.radar | T93: 2.6 | W93: 2 | X93: radar | Z93: wreck_stump | AA93: Assets/MachineBrigade/Resources/Data/balance.json: vehicles[153].parts[10] | AB93: {"id":"radar","mounts":[15],"kind":"radar","hp":0.05,"armour":1,"node":"Part_radar","wreck":"wreck_stump","at":[0,1.0,19.5],"radius":2.6,"stops":["radar"],"spread":2,"affects":[5,6],"fx":"energy","radio":"radio.part.radar"}
A94: leviathan/sec_aft | B94: leviathan | C94: 4 | G94: 2 | H94: 0 | I94: -19.8 | J94: 7.7 | N94: 0.05 | O94: sec_aft | P94: gun | Q94: 4 | R94: Part_sec_a | T94: 2.4 | Z94: wreck_turret | AA94: Assets/MachineBrigade/Resources/Data/balance.json: vehicles[153].parts[4] | AB94: {"id":"sec_aft","kind":"gun","hp":0.05,"armour":2,"node":"Part_sec_a","wreck":"wreck_turret","at":[0,-19.8,7.7],"radius":2.4,"mounts":[4]}
A95: leviathan/sec_fore | B95: leviathan | C95: 3 | G95: 2 | H95: 0 | I95: 6 | J95: 10.5 | N95: 0.05 | O95: sec_fore | P95: gun | Q95: 3 | R95: Part_sec_f | T95: 2.4 | Z95: wreck_turret | AA95: Assets/MachineBrigade/Resources/Data/balance.json: vehicles[153].parts[3] | AB95: {"id":"sec_fore","kind":"gun","hp":0.05,"armour":2,"node":"Part_sec_f","wreck":"wreck_turret","at":[0,6.0,10.5],"radius":2.4,"mounts":[3]}
A96: leviathan/turret_aft | B96: leviathan | C96: 2 | G96: 4 | H96: 0 | I96: -25.6 | J96: 5.8 | N96: 0.05 | O96: turret_aft | P96: maingun | Q96: 2 | R96: Part_gun.002 | T96: 3.8 | Z96: wreck_turret | AA96: Assets/MachineBrigade/Resources/Data/balance.json: vehicles[153].parts[2] | AB96: {"id":"turret_aft","kind":"maingun","hp":0.05,"armour":4,"node":"Part_gun.002","wreck":"wreck_turret","at":[0,-25.6,5.8],"radius":3.8,"mounts":[2]}
A97: leviathan/turret_fore | B97: leviathan | C97: 0 | G97: 4 | H97: 0 | I97: 21.4 | J97: 6.4 | N97: 0.05 | O97: turret_fore | P97: maingun | Q97: 0 | R97: Part_gun | S97: radio.part.maingun | T97: 3.8 | Z97: wreck_turret | AA97: Assets/MachineBrigade/Resources/Data/balance.json: vehicles[153].parts[0] | AB97: {"id":"turret_fore","kind":"maingun","hp":0.05,"armour":4,"node":"Part_gun","wreck":"wreck_turret","at":[0,21.4,6.4],"radius":3.8,"mounts":[0],"radio":"radio.part.maingun"}
A98: leviathan/turret_super | B98: leviathan | C98: 1 | G98: 4 | H98: 0 | I98: 13 | J98: 8.2 | N98: 0.05 | O98: turret_super | P98: maingun | Q98: 1 | R98: Part_gun.001 | T98: 3.8 | Z98: wreck_turret | AA98: Assets/MachineBrigade/Resources/Data/balance.json: vehicles[153].parts[1] | AB98: {"id":"turret_super","kind":"maingun","hp":0.05,"armour":4,"node":"Part_gun.001","wreck":"wreck_turret","at":[0,13.0,8.2],"radius":3.8,"mounts":[1]}
A99: leviathan/vls | B99: leviathan | C99: 5 | G99: 2 | H99: 0 | I99: -5.6 | J99: 7.8 | N99: 0.05 | O99: vls | P99: vls | R99: Part_vls | S99: radio.part.vls | T99: 3.8 | X99: cruise | Z99: wreck_launcher | AA99: Assets/MachineBrigade/Resources/Data/balance.json: vehicles[153].parts[5] | AB99: {"id":"vls","kind":"vls","hp":0.05,"armour":2,"node":"Part_vls","wreck":"wreck_launcher","at":[0,-5.6,7.8],"radius":3.8,"stops":["cruise"],"radio":"radio.part.vls"}
A100: leviathan/well_deck | B100: leviathan | C100: 12 | G100: 2 | H100: 0 | I100: -42.75 | J100: 1.9 | N100: 0.05 | O100: well_deck | P100: welldeck | R100: Part_welldeck | S100: radio.part.welldeck | T100: 3 | X100: craft | Z100: wreck_stump | AA100: Assets/MachineBrigade/Resources/Data/balance.json: vehicles[153].parts[12] | AB100: {"id":"well_deck","kind":"welldeck","hp":0.05,"armour":2,"node":"Part_welldeck","wreck":"wreck_stump","at":[0,-42.75,1.9],"radius":3.0,"stops":["craft"],"radio":"radio.part.welldeck"}
...

Sheet Boss_phase
A1: id | B1: boss_id | C1: thu_tu | D1: at | E1: damage | F1: fire_rate | G1: radio | H1: speed_m_s | I1: transform | J1: nguon | K1: raw_json
A2: command_airship/0 | B2: command_airship | C2: 0 | D2: 0.6 | E2: 1.1 | G2: radio.quaden.airship.phase2 | I2: 2.5 | J2: Assets/MachineBrigade/Resources/Data/balance.json: vehicles[151].phases[0] | K2: {"at":0.6,"transform":2.5,"damage":1.1,"radio":"radio.quaden.airship.phase2"}
A3: command_airship/1 | B3: command_airship | C3: 1 | D3: 0.25 | E3: 1.25 | F3: 1.25 | G3: radio.quaden.airship.half | I3: 3 | J3: Assets/MachineBrigade/Resources/Data/balance.json: vehicles[151].phases[1] | K3: {"at":0.25,"transform":3,"damage":1.25,"radio":"radio.quaden.airship.half","fireRate":1.25}
A4: earth_borer/0 | B4: earth_borer | C4: 0 | D4: 0.45 | G4: radio.hung.borer.half | H4: 1.15 | I4: 2.5 | J4: Assets/MachineBrigade/Resources/Data/balance.json: vehicles[150].phases[0] | K4: {"at":0.45,"transform":2.5,"speed":1.15,"radio":"radio.hung.borer.half"}
A5: landing_hovercraft/0 | B5: landing_hovercraft | C5: 0 | D5: 0.45 | G5: radio.kessler.hovercraft.half | H5: 1.2 | I5: 2.5 | J5: Assets/MachineBrigade/Resources/Data/balance.json: vehicles[152].phases[0] | K5: {"at":0.45,"transform":2.5,"speed":1.2,"radio":"radio.kessler.hovercraft.half"}
A6: leviathan/0 | B6: leviathan | C6: 0 | D6: 0.6 | G6: radio.kessler.leviathan.phase2 | I6: 2.5 | J6: Assets/MachineBrigade/Resources/Data/balance.json: vehicles[153].phases[0] | K6: {"at":0.6,"transform":2.5,"radio":"radio.kessler.leviathan.phase2"}
A7: leviathan/1 | B7: leviathan | C7: 1 | D7: 0.25 | F7: 1.25 | G7: radio.kessler.leviathan.phase3 | I7: 3 | J7: Assets/MachineBrigade/Resources/Data/balance.json: vehicles[153].phases[1] | K7: {"at":0.25,"transform":3,"radio":"radio.kessler.leviathan.phase3","fireRate":1.25}

Sheet Boss_bien_the_chinh
A1: id | B1: boss_id | C1: thu_tu | D1: bo_phan | E1: at_x_m | F1: at_y_m | G1: at_z_m | H1: break_damage | I1: hp | J1: kind | K1: node | L1: radio | M1: skills | N1: stops | O1: nguon | P1: raw_json
A2: argus/engine_fl | B2: argus | C2: 1 | D2: engine_fl | H2: 0.3 | I2: 0.1 | O2: Assets/MachineBrigade/Resources/Data/balance.json: vehicles.169.variant.tune.engine_fl | P2: {"hp":0.1,"breakDamage":0.3}
A3: argus/engine_fr | B3: argus | C3: 2 | D3: engine_fr | H3: 0.3 | I3: 0.1 | O3: Assets/MachineBrigade/Resources/Data/balance.json: vehicles.169.variant.tune.engine_fr | P3: {"hp":0.1,"breakDamage":0.3}
A4: argus/radar | B4: argus | C4: 0 | D4: radar | H4: 0.3 | I4: 0.14 | L4: radio.part.radar | N4: spotaura | O4: Assets/MachineBrigade/Resources/Data/balance.json: vehicles.169.variant.tune.radar | P4: {"hp":0.14,"stops":["spotaura"],"radio":"radio.part.radar","breakDamage":0.3}
A5: bastion_mk0/mortar | B5: bastion_mk0 | C5: 0 | D5: mortar | E5: 0 | F5: -0.83 | G5: 9.66 | I5: 0.15 | O5: Assets/MachineBrigade/Resources/Data/balance.json: vehicles.163.variant.tune.mortar | P5: {"hp":0.15,"at":[0,-0.83,9.66]}
A6: bastion_mk0/turret_fl | B6: bastion_mk0 | C6: 1 | D6: turret_fl | I6: 0.1 | O6: Assets/MachineBrigade/Resources/Data/balance.json: vehicles.163.variant.tune.turret_fl | P6: {"hp":0.1}
A7: bastion_mk0/turret_fr | B7: bastion_mk0 | C7: 2 | D7: turret_fr | I7: 0.1 | O7: Assets/MachineBrigade/Resources/Data/balance.json: vehicles.163.variant.tune.turret_fr | P7: {"hp":0.1}
A8: behemoth_mk0/main_gun | B8: behemoth_mk0 | C8: 0 | D8: main_gun | I8: 0.14 | O8: Assets/MachineBrigade/Resources/Data/balance.json: vehicles.170.variant.tune.main_gun | P8: {"hp":0.14}
A9: behemoth_mk0/rocket_pod | B9: behemoth_mk0 | C9: 3 | D9: rocket_pod | I9: 0.12 | O9: Assets/MachineBrigade/Resources/Data/balance.json: vehicles.170.variant.tune.rocket_pod | P9: {"hp":0.12}
A10: behemoth_mk0/side_gun_l | B10: behemoth_mk0 | C10: 1 | D10: side_gun_l | I10: 0.12 | O10: Assets/MachineBrigade/Resources/Data/balance.json: vehicles.170.variant.tune.side_gun_l | P10: {"hp":0.12}
A11: behemoth_mk0/side_gun_r | B11: behemoth_mk0 | C11: 2 | D11: side_gun_r | I11: 0.12 | O11: Assets/MachineBrigade/Resources/Data/balance.json: vehicles.170.variant.tune.side_gun_r | P11: {"hp":0.12}
A12: behemoth_mk2/aps | B12: behemoth_mk2 | C12: 3 | D12: aps | I12: 0.08 | O12: Assets/MachineBrigade/Resources/Data/balance.json: vehicles.167.variant.tune.aps | P12: {"hp":0.08}
A13: behemoth_mk2/flak_l | B13: behemoth_mk2 | C13: 2 | D13: flak_l | I13: 0.09 | O13: Assets/MachineBrigade/Resources/Data/balance.json: vehicles.167.variant.tune.flak_l | P13: {"hp":0.09}
A14: behemoth_mk2/flak_r | B14: behemoth_mk2 | C14: 1 | D14: flak_r | I14: 0.09 | O14: Assets/MachineBrigade/Resources/Data/balance.json: vehicles.167.variant.tune.flak_r | P14: {"hp":0.09}
A15: behemoth_mk2/main_gun | B15: behemoth_mk2 | C15: 0 | D15: main_gun | I15: 0.13 | O15: Assets/MachineBrigade/Resources/Data/balance.json: vehicles.167.variant.tune.main_gun | P15: {"hp":0.13}
A16: coeus/main_engine | B16: coeus | C16: 1 | D16: main_engine | E16: 0 | F16: -31 | G16: 11.5 | I16: 0.1 | O16: Assets/MachineBrigade/Resources/Data/balance.json: vehicles.175.variant.tune.main_engine | P16: {"hp":0.1,"at":[0,-31.0,11.5]}
A17: coeus/main_laser | B17: coeus | C17: 0 | D17: main_laser | E17: 0 | F17: 9 | G17: 20.5 | I17: 0.12 | J17: maingun | O17: Assets/MachineBrigade/Resources/Data/balance.json: vehicles.175.variant.tune.main_laser | P17: {"hp":0.12,"kind":"maingun","at":[0,9.0,20.5]}
A18: coeus/thruster_rl | B18: coeus | C18: 2 | D18: thruster_rl | E18: -16.5 | F18: -20 | G18: 11.17 | I18: 0.08 | O18: Assets/MachineBrigade/Resources/Data/balance.json: vehicles.175.variant.tune.thruster_rl | P18: {"hp":0.08,"at":[-16.5,-20.0,11.17]}
A19: coeus/thruster_rr | B19: coeus | C19: 3 | D19: thruster_rr | E19: 16.5 | F19: -20 | G19: 11.17 | I19: 0.08 | O19: Assets/MachineBrigade/Resources/Data/balance.json: vehicles.175.variant.tune.thruster_rr | P19: {"hp":0.08,"at":[16.5,-20.0,11.17]}
A20: fenrir/flak_l | B20: fenrir | C20: 2 | D20: flak_l | E20: 0 | F20: 4.23 | G20: 5.47 | I20: 0.1 | O20: Assets/MachineBrigade/Resources/Data/balance.json: vehicles.164.variant.tune.flak_l | P20: {"hp":0.1,"at":[0,4.23,5.47]}
A21: fenrir/rockets_l | B21: fenrir | C21: 0 | D21: rockets_l | E21: -2.02 | F21: -6.3 | G21: 5.63 | I21: 0.13 | O21: Assets/MachineBrigade/Resources/Data/balance.json: vehicles.164.variant.tune.rockets_l | P21: {"hp":0.13,"at":[-2.02,-6.3,5.63]}
A22: fenrir/rockets_r | B22: fenrir | C22: 1 | D22: rockets_r | E22: 2.02 | F22: -6.3 | G22: 5.63 | I22: 0.13 | O22: Assets/MachineBrigade/Resources/Data/balance.json: vehicles.164.variant.tune.rockets_r | P22: {"hp":0.13,"at":[2.02,-6.3,5.63]}
A23: hydra/deck_gun | B23: hydra | C23: 2 | D23: deck_gun | E23: 0 | F23: 16.61 | G23: 6.23 | I23: 0.12 | K23: Mount_gun.002 | O23: Assets/MachineBrigade/Resources/Data/balance.json: vehicles.177.variant.tune.deck_gun | P23: {"hp":0.12,"node":"Mount_gun.002","at":[0,16.61,6.23]}
A24: hydra/doors_l | B24: hydra | C24: 0 | D24: doors_l | E24: -0.95 | F24: -7.51 | G24: 4.45 | I24: 0.12 | O24: Assets/MachineBrigade/Resources/Data/balance.json: vehicles.177.variant.tune.doors_l | P24: {"hp":0.12,"at":[-0.95,-7.51,4.45]}
A25: hydra/doors_r | B25: hydra | C25: 1 | D25: doors_r | E25: 0.95 | F25: -7.51 | G25: 4.45 | I25: 0.12 | O25: Assets/MachineBrigade/Resources/Data/balance.json: vehicles.177.variant.tune.doors_r | P25: {"hp":0.12,"at":[0.95,-7.51,4.45]}
A26: hydra/rudder | B26: hydra | C26: 3 | D26: rudder | E26: 0 | F26: -30.45 | G26: 0.59 | I26: 0.1 | O26: Assets/MachineBrigade/Resources/Data/balance.json: vehicles.177.variant.tune.rudder | P26: {"hp":0.1,"at":[0,-30.45,0.59]}
A27: hyperion/main_engine | B27: hyperion | C27: 1 | D27: main_engine | E27: 0 | F27: -26.42 | G27: 8.25 | I27: 0.07 | O27: Assets/MachineBrigade/Resources/Data/balance.json: vehicles.173.variant.tune.main_engine | P27: {"hp":0.07,"at":[0,-26.42,8.25]}
A28: hyperion/main_laser | B28: hyperion | C28: 0 | D28: main_laser | E28: 0 | F28: 21.17 | G28: 3.33 | I28: 0.07 | O28: Assets/MachineBrigade/Resources/Data/balance.json: vehicles.173.variant.tune.main_laser | P28: {"hp":0.07,"at":[0,21.17,3.33]}
A29: hyperion/pd_laser_l | B29: hyperion | C29: 6 | D29: pd_laser_l | E29: -6.83 | F29: 4.5 | G29: 11 | I29: 0.07 | O29: Assets/MachineBrigade/Resources/Data/balance.json: vehicles.173.variant.tune.pd_laser_l | P29: {"hp":0.07,"at":[-6.83,4.5,11.0]}
A30: hyperion/pd_laser_r | B30: hyperion | C30: 7 | D30: pd_laser_r | E30: 6.83 | F30: 4.5 | G30: 11 | I30: 0.07 | O30: Assets/MachineBrigade/Resources/Data/balance.json: vehicles.173.variant.tune.pd_laser_r | P30: {"hp":0.07,"at":[6.83,4.5,11.0]}
A31: hyperion/pod_bay | B31: hyperion | C31: 8 | D31: pod_bay | E31: 0 | F31: -12.67 | G31: 2.92 | I31: 0.07 | O31: Assets/MachineBrigade/Resources/Data/balance.json: vehicles.173.variant.tune.pod_bay | P31: {"hp":0.07,"at":[0,-12.67,2.92]}
A32: hyperion/thruster_fl | B32: hyperion | C32: 2 | D32: thruster_fl | E32: -10.38 | F32: 22 | G32: 8.33 | I32: 0.07 | O32: Assets/MachineBrigade/Resources/Data/balance.json: vehicles.173.variant.tune.thruster_fl | P32: {"hp":0.07,"at":[-10.38,22.0,8.33]}
A33: hyperion/thruster_fr | B33: hyperion | C33: 3 | D33: thruster_fr | E33: 10.38 | F33: 22 | G33: 8.33 | I33: 0.07 | O33: Assets/MachineBrigade/Resources/Data/balance.json: vehicles.173.variant.tune.thruster_fr | P33: {"hp":0.07,"at":[10.38,22.0,8.33]}
A34: hyperion/thruster_rl | B34: hyperion | C34: 4 | D34: thruster_rl | E34: -12.17 | F34: -18.33 | G34: 8 | I34: 0.07 | O34: Assets/MachineBrigade/Resources/Data/balance.json: vehicles.173.variant.tune.thruster_rl | P34: {"hp":0.07,"at":[-12.17,-18.33,8.0]}
A35: hyperion/thruster_rr | B35: hyperion | C35: 5 | D35: thruster_rr | E35: 12.17 | F35: -18.33 | G35: 8 | I35: 0.07 | O35: Assets/MachineBrigade/Resources/Data/balance.json: vehicles.173.variant.tune.thruster_rr | P35: {"hp":0.07,"at":[12.17,-18.33,8.0]}
A36: icarus_mk0/main_laser | B36: icarus_mk0 | C36: 0 | D36: main_laser | I36: 0.12 | O36: Assets/MachineBrigade/Resources/Data/balance.json: vehicles.168.variant.tune.main_laser | P36: {"hp":0.12}
A37: icarus_mk0/pd_laser_l | B37: icarus_mk0 | C37: 2 | D37: pd_laser_l | I37: 0.12 | O37: Assets/MachineBrigade/Resources/Data/balance.json: vehicles.168.variant.tune.pd_laser_l | P37: {"hp":0.12}
A38: icarus_mk0/pod_bay | B38: icarus_mk0 | C38: 1 | D38: pod_bay | I38: 0.12 | O38: Assets/MachineBrigade/Resources/Data/balance.json: vehicles.168.variant.tune.pod_bay | P38: {"hp":0.12}
A39: kraken/aa_port | B39: kraken | C39: 6 | D39: aa_port | E39: -7.28 | F39: -8.77 | G39: 8.48 | O39: Assets/MachineBrigade/Resources/Data/balance.json: vehicles.171.variant.tune.aa_port | P39: {"at":[-7.28,-8.77,8.48]}
A40: kraken/aa_starboard | B40: kraken | C40: 7 | D40: aa_starboard | E40: 6.84 | F40: -26.32 | G40: 8.48 | O40: Assets/MachineBrigade/Resources/Data/balance.json: vehicles.171.variant.tune.aa_starboard | P40: {"at":[6.84,-26.32,8.48]}
A41: kraken/ciws_aft | B41: kraken | C41: 9 | D41: ciws_aft | E41: -5.09 | F41: -45.79 | G41: 5.34 | O41: Assets/MachineBrigade/Resources/Data/balance.json: vehicles.171.variant.tune.ciws_aft | P41: {"at":[-5.09,-45.79,5.34]}
A42: kraken/ciws_fore | B42: kraken | C42: 8 | D42: ciws_fore | E42: 4.74 | F42: 21.4 | G42: 6.88 | O42: Assets/MachineBrigade/Resources/Data/balance.json: vehicles.171.variant.tune.ciws_fore | P42: {"at":[4.74,21.4,6.88]}
A43: kraken/flight_deck | B43: kraken | C43: 11 | D43: flight_deck | E43: -2.98 | F43: -26.32 | G43: 9.11 | M43: kraken_jets;leviathan_helos | O43: Assets/MachineBrigade/Resources/Data/balance.json: vehicles.171.variant.tune.flight_deck | P43: {"at":[-2.98,-26.32,9.11],"skills":["kraken_jets","leviathan_helos"]}
A44: kraken/machinery | B44: kraken | C44: 13 | D44: machinery | E44: 6.4 | F44: -8.42 | G44: 14.89 | O44: Assets/MachineBrigade/Resources/Data/balance.json: vehicles.171.variant.tune.machinery | P44: {"at":[6.4,-8.42,14.89]}
A45: kraken/radar | B45: kraken | C45: 10 | D45: radar | E45: 6.4 | F45: 0 | G45: 16.63 | O45: Assets/MachineBrigade/Resources/Data/balance.json: vehicles.171.variant.tune.radar | P45: {"at":[6.4,0,16.63]}
A46: kraken/sec_aft | B46: kraken | C46: 4 | D46: sec_aft | E46: -6.32 | F46: -33.51 | G46: 9.08 | O46: Assets/MachineBrigade/Resources/Data/balance.json: vehicles.171.variant.tune.sec_aft | P46: {"at":[-6.32,-33.51,9.08]}
A47: kraken/sec_fore | B47: kraken | C47: 3 | D47: sec_fore | E47: 6.75 | F47: 15.61 | G47: 7.27 | O47: Assets/MachineBrigade/Resources/Data/balance.json: vehicles.171.variant.tune.sec_fore | P47: {"at":[6.75,15.61,7.27]}
A48: kraken/turret_aft | B48: kraken | C48: 2 | D48: turret_aft | E48: 0 | F48: -42.46 | G48: 6.35 | O48: Assets/MachineBrigade/Resources/Data/balance.json: vehicles.171.variant.tune.turret_aft | P48: {"at":[0,-42.46,6.35]}
A49: kraken/turret_fore | B49: kraken | C49: 0 | D49: turret_fore | E49: 0 | F49: 33.68 | G49: 7.93 | O49: Assets/MachineBrigade/Resources/Data/balance.json: vehicles.171.variant.tune.turret_fore | P49: {"at":[0,33.68,7.93]}
A50: kraken/turret_super | B50: kraken | C50: 1 | D50: turret_super | E50: 0 | F50: 25.09 | G50: 8.81 | O50: Assets/MachineBrigade/Resources/Data/balance.json: vehicles.171.variant.tune.turret_super | P50: {"at":[0,25.09,8.81]}
A51: kraken/vls | B51: kraken | C51: 5 | D51: vls | E51: 0 | F51: 18.6 | G51: 6.33 | O51: Assets/MachineBrigade/Resources/Data/balance.json: vehicles.171.variant.tune.vls | P51: {"at":[0,18.6,6.33]}
A52: kraken/well_deck | B52: kraken | C52: 12 | D52: well_deck | E52: 0 | F52: -48.03 | G52: 3.92 | O52: Assets/MachineBrigade/Resources/Data/balance.json: vehicles.171.variant.tune.well_deck | P52: {"at":[0,-48.03,3.92]}
A53: locust/drone_bay | B53: locust | C53: 0 | D53: drone_bay | I53: 0.15 | O53: Assets/MachineBrigade/Resources/Data/balance.json: vehicles.166.variant.tune.drone_bay | P53: {"hp":0.15}
A54: locust/flak_top | B54: locust | C54: 1 | D54: flak_top | I54: 0.15 | O54: Assets/MachineBrigade/Resources/Data/balance.json: vehicles.166.variant.tune.flak_top | P54: {"hp":0.15}
A55: nyx/ciws_aft | B55: nyx | C55: 3 | D55: ciws_aft | E55: 0 | F55: -17.82 | G55: 12.56 | I55: 0.11 | O55: Assets/MachineBrigade/Resources/Data/balance.json: vehicles.176.variant.tune.ciws_aft | P55: {"hp":0.11,"at":[0,-17.82,12.56]}
A56: nyx/ciws_fore | B56: nyx | C56: 2 | D56: ciws_fore | E56: 0 | F56: 9.73 | G56: 12.56 | I56: 0.11 | O56: Assets/MachineBrigade/Resources/Data/balance.json: vehicles.176.variant.tune.ciws_fore | P56: {"hp":0.11,"at":[0,9.73,12.56]}
A57: nyx/turret_fore | B57: nyx | C57: 0 | D57: turret_fore | E57: 0 | F57: 24 | G57: 6.96 | I57: 0.12 | O57: Assets/MachineBrigade/Resources/Data/balance.json: vehicles.176.variant.tune.turret_fore | P57: {"hp":0.12,"at":[0,24.0,6.96]}
A58: nyx/vls | B58: nyx | C58: 1 | D58: vls | E58: 0 | F58: 15.64 | G58: 5.71 | I58: 0.12 | O58: Assets/MachineBrigade/Resources/Data/balance.json: vehicles.176.variant.tune.vls | P58: {"hp":0.12,"at":[0,15.64,5.71]}
A59: scylla/ciws_fore | B59: scylla | C59: 2 | D59: ciws_fore | E59: 0 | F59: 14.6 | G59: 15.78 | I59: 0.1 | O59: Assets/MachineBrigade/Resources/Data/balance.json: vehicles.165.variant.tune.ciws_fore | P59: {"hp":0.1,"at":[0,14.6,15.78]}
A60: scylla/turret_fore | B60: scylla | C60: 0 | D60: turret_fore | E60: 0 | F60: 30.4 | G60: 8.88 | I60: 0.14 | O60: Assets/MachineBrigade/Resources/Data/balance.json: vehicles.165.variant.tune.turret_fore | P60: {"hp":0.14,"at":[0,30.4,8.88]}
A61: scylla/vls | B61: scylla | C61: 1 | D61: vls | E61: 0 | F61: 12.4 | G61: 7.48 | I61: 0.12 | O61: Assets/MachineBrigade/Resources/Data/balance.json: vehicles.165.variant.tune.vls | P61: {"hp":0.12,"at":[0,12.4,7.48]}
A62: theia/main_laser | B62: theia | C62: 0 | D62: main_laser | E62: 0 | F62: 16.33 | G62: 17 | I62: 0.1 | O62: Assets/MachineBrigade/Resources/Data/balance.json: vehicles.174.variant.tune.main_laser | P62: {"hp":0.1,"at":[0,16.33,17.0]}
A63: theia/pd_laser_l | B63: theia | C63: 2 | D63: pd_laser_l | E63: -13.83 | F63: 5 | G63: 15 | I63: 0.1 | O63: Assets/MachineBrigade/Resources/Data/balance.json: vehicles.174.variant.tune.pd_laser_l | P63: {"hp":0.1,"at":[-13.83,5.0,15.0]}
A64: theia/pd_laser_r | B64: theia | C64: 3 | D64: pd_laser_r | E64: 13.83 | F64: 5 | G64: 15 | I64: 0.1 | O64: Assets/MachineBrigade/Resources/Data/balance.json: vehicles.174.variant.tune.pd_laser_r | P64: {"hp":0.1,"at":[13.83,5.0,15.0]}
A65: theia/pod_bay | B65: theia | C65: 1 | D65: pod_bay | E65: 0 | F65: -3.33 | G65: 5.33 | I65: 0.1 | O65: Assets/MachineBrigade/Resources/Data/balance.json: vehicles.174.variant.tune.pod_bay | P65: {"hp":0.1,"at":[0,-3.33,5.33]}

Sheet Boss_ham_doi
A1: id | B1: boss_id | C1: thu_tu | D1: unit | E1: abeam | F1: at | G1: count | H1: nguon | I1: raw_json
A2: hydra/0 | B2: hydra | C2: 0 | D2: missile_boat | G2: 1 | H2: Assets/MachineBrigade/Resources/Data/balance.json: vehicles[177].fleet[0] | I2: {"unit":"missile_boat","count":1}
A3: leviathan/0 | B3: leviathan | C3: 0 | D3: sea_cruiser | E3: -17 | F3: 22 | G3: 1 | H3: Assets/MachineBrigade/Resources/Data/balance.json: vehicles[153].fleet[0] | I3: {"unit":"sea_cruiser","count":1,"at":22,"abeam":-17}
A4: leviathan/1 | B4: leviathan | C4: 1 | D4: sea_corvette | E4: -16 | F4: -27 | G4: 1 | H4: Assets/MachineBrigade/Resources/Data/balance.json: vehicles[153].fleet[1] | I4: {"unit":"sea_corvette","count":1,"at":-27,"abeam":-16}
A5: leviathan/2 | B5: leviathan | C5: 2 | D5: missile_boat | G5: 3 | H5: Assets/MachineBrigade/Resources/Data/balance.json: vehicles[153].fleet[2] | I5: {"unit":"missile_boat","count":3}
A6: nyx/0 | B6: nyx | C6: 0 | D6: missile_boat | G6: 1 | H6: Assets/MachineBrigade/Resources/Data/balance.json: vehicles[176].fleet[0] | I6: {"unit":"missile_boat","count":1}
A7: scylla/0 | B7: scylla | C7: 0 | D7: missile_boat | G7: 2 | H7: Assets/MachineBrigade/Resources/Data/balance.json: vehicles[165].fleet[0] | I7: {"unit":"missile_boat","count":2}
A8: typhon/0 | B8: typhon | C8: 0 | D8: sea_corvette | F8: 26 | G8: 1 | H8: Assets/MachineBrigade/Resources/Data/balance.json: vehicles[161].fleet[0] | I8: {"unit":"sea_corvette","count":1,"at":26}
A9: typhon/1 | B9: typhon | C9: 1 | D9: missile_boat | G9: 2 | H9: Assets/MachineBrigade/Resources/Data/balance.json: vehicles[161].fleet[1] | I9: {"unit":"missile_boat","count":2}

Sheet Boss_tiers_schedule
A1: id | B1: boss_id | C1: thu_tu | D1: nguon | E1: raw_json
A2: coeus/0 | B2: coeus | C2: 0 | D2: Assets/MachineBrigade/Resources/Data/balance.json: vehicles[175].tiers.schedule[0] | E2: {"steps":[{"tier":"high","seconds":24},{"tier":"low","seconds":10}]}
A3: coeus/1 | B3: coeus | C3: 1 | D3: Assets/MachineBrigade/Resources/Data/balance.json: vehicles[175].tiers.schedule[1] | E3: {"steps":[{"tier":"high","seconds":18},{"tier":"low","seconds":12}]}
A4: daedalus/0 | B4: daedalus | C4: 0 | D4: Assets/MachineBrigade/Resources/Data/balance.json: vehicles[160].tiers.schedule[0] | E4: {"steps":[{"tier":"high","seconds":20},{"tier":"low","seconds":14}]}
A5: daedalus/1 | B5: daedalus | C5: 1 | D5: Assets/MachineBrigade/Resources/Data/balance.json: vehicles[160].tiers.schedule[1] | E5: {"steps":[{"tier":"high","seconds":14},{"tier":"low","seconds":20}]}
A6: daedalus/2 | B6: daedalus | C6: 2 | D6: Assets/MachineBrigade/Resources/Data/balance.json: vehicles[160].tiers.schedule[2] | E6: {"steps":[{"tier":"low","seconds":60}]}
A7: hyperion/0 | B7: hyperion | C7: 0 | D7: Assets/MachineBrigade/Resources/Data/balance.json: vehicles[173].tiers.schedule[0] | E7: {"steps":[{"tier":"high","seconds":60}]}
A8: hyperion/1 | B8: hyperion | C8: 1 | D8: Assets/MachineBrigade/Resources/Data/balance.json: vehicles[173].tiers.schedule[1] | E8: {"steps":[{"tier":"high","seconds":60}]}
A9: hyperion/2 | B9: hyperion | C9: 2 | D9: Assets/MachineBrigade/Resources/Data/balance.json: vehicles[173].tiers.schedule[2] | E9: {"steps":[{"tier":"high","seconds":60}]}
A10: icarus_mk0/0 | B10: icarus_mk0 | C10: 0 | D10: Assets/MachineBrigade/Resources/Data/balance.json: vehicles[168].tiers.schedule[0] | E10: {"steps":[{"tier":"high","seconds":18},{"tier":"low","seconds":12}]}
A11: icarus_mk0/1 | B11: icarus_mk0 | C11: 1 | D11: Assets/MachineBrigade/Resources/Data/balance.json: vehicles[168].tiers.schedule[1] | E11: {"steps":[{"tier":"high","seconds":12},{"tier":"low","seconds":18}]}
A12: silver_bug/0 | B12: silver_bug | C12: 0 | D12: Assets/MachineBrigade/Resources/Data/balance.json: vehicles[144].tiers.schedule[0] | E12: {"steps":[{"tier":"high","seconds":25},{"tier":"low","seconds":10}]}
A13: silver_bug/1 | B13: silver_bug | C13: 1 | D13: Assets/MachineBrigade/Resources/Data/balance.json: vehicles[144].tiers.schedule[1] | E13: {"steps":[{"tier":"high","seconds":15},{"tier":"low","seconds":20}]}
... A15: theia/1 | B15: theia | C15: 1 | D15: Assets/MachineBrigade/Resources/Data/balance.json: vehicles[174].tiers.schedule[1] | E15: {"steps":[{"tier":"high","seconds":14},{"tier":"low","seconds":16}]}

Sheet Boss_tiers_schedule_steps
A1: id | B1: boss_tiers_schedule_id | C1: thu_tu | D1: seconds_s | E1: tier | F1: nguon | G1: raw_json
A2: coeus/0/0 | B2: coeus/0 | C2: 0 | D2: 24 | E2: high | F2: Assets/MachineBrigade/Resources/Data/balance.json: vehicles[175].tiers.schedule[0].steps[0] | G2: {"tier":"high","seconds":24}
A3: coeus/0/1 | B3: coeus/0 | C3: 1 | D3: 10 | E3: low | F3: Assets/MachineBrigade/Resources/Data/balance.json: vehicles[175].tiers.schedule[0].steps[1] | G3: {"tier":"low","seconds":10}
A4: coeus/1/0 | B4: coeus/1 | C4: 0 | D4: 18 | E4: high | F4: Assets/MachineBrigade/Resources/Data/balance.json: vehicles[175].tiers.schedule[1].steps[0] | G4: {"tier":"high","seconds":18}
A5: coeus/1/1 | B5: coeus/1 | C5: 1 | D5: 12 | E5: low | F5: Assets/MachineBrigade/Resources/Data/balance.json: vehicles[175].tiers.schedule[1].steps[1] | G5: {"tier":"low","seconds":12}
A6: daedalus/0/0 | B6: daedalus/0 | C6: 0 | D6: 20 | E6: high | F6: Assets/MachineBrigade/Resources/Data/balance.json: vehicles[160].tiers.schedule[0].steps[0] | G6: {"tier":"high","seconds":20}
A7: daedalus/0/1 | B7: daedalus/0 | C7: 1 | D7: 14 | E7: low | F7: Assets/MachineBrigade/Resources/Data/balance.json: vehicles[160].tiers.schedule[0].steps[1] | G7: {"tier":"low","seconds":14}
A8: daedalus/1/0 | B8: daedalus/1 | C8: 0 | D8: 14 | E8: high | F8: Assets/MachineBrigade/Resources/Data/balance.json: vehicles[160].tiers.schedule[1].steps[0] | G8: {"tier":"high","seconds":14}
A9: daedalus/1/1 | B9: daedalus/1 | C9: 1 | D9: 20 | E9: low | F9: Assets/MachineBrigade/Resources/Data/balance.json: vehicles[160].tiers.schedule[1].steps[1] | G9: {"tier":"low","seconds":20}
A10: daedalus/2/0 | B10: daedalus/2 | C10: 0 | D10: 60 | E10: low | F10: Assets/MachineBrigade/Resources/Data/balance.json: vehicles[160].tiers.schedule[2].steps[0] | G10: {"tier":"low","seconds":60}
A11: hyperion/0/0 | B11: hyperion/0 | C11: 0 | D11: 60 | E11: high | F11: Assets/MachineBrigade/Resources/Data/balance.json: vehicles[173].tiers.schedule[0].steps[0] | G11: {"tier":"high","seconds":60}
A12: hyperion/1/0 | B12: hyperion/1 | C12: 0 | D12: 60 | E12: high | F12: Assets/MachineBrigade/Resources/Data/balance.json: vehicles[173].tiers.schedule[1].steps[0] | G12: {"tier":"high","seconds":60}
A13: hyperion/2/0 | B13: hyperion/2 | C13: 0 | D13: 60 | E13: high | F13: Assets/MachineBrigade/Resources/Data/balance.json: vehicles[173].tiers.schedule[2].steps[0] | G13: {"tier":"high","seconds":60}
... A25: theia/1/1 | B25: theia/1 | C25: 1 | D25: 16 | E25: low | F25: Assets/MachineBrigade/Resources/Data/balance.json: vehicles[174].tiers.schedule[1].steps[1] | G25: {"tier":"low","seconds":16}

Sheet Boss_air
A1: id | B1: boss_id | C1: thu_tu | D1: phase | E1: units | F1: nguon | G1: raw_json
A2: leviathan/0 | B2: leviathan | C2: 0 | D2: 1 | E2: attack_jet;attack_jet | F2: Assets/MachineBrigade/Resources/Data/balance.json: vehicles[153].air[0] | G2: {"phase":1,"units":["attack_jet","attack_jet"]}

Sheet Boss_vu_khi
A1: id | B1: boss_id | C1: chi_so_be | D1: vu_khi | E1: slot | F1: aim | G1: bo_phan | H1: so_nong | I1: sat_thuong_moi_phat | J1: thoi_gian_nap_s | K1: loi_m | L1: ria_tren_boss_m | M1: canh_bao_s | N1: chu_ky_day_du_s | O1: so_voi_ban_goc | P1: vu_khi_truoc | Q1: vu_khi_sau | R1: chu_ky_day_du_s_game | S1: dps_duy_tri | T1: dps_duy_tri_game | U1: nguon | V1: raw_json
A2: argus/0 | B2: argus | C2: 0 | D2: p26_roc_main_roc_bombs | E2: gun | F2: Free | H2: 1 | I2: 700 | J2: 33.34 | K2: 10 | L2: 20 | M2: 2.7222222 | N2: =INDEX(boss_input_vu_khi_suy_ra!$C$2:$C$94,MATCH($D$2,boss_input_vu_khi_suy_ra!$A$2:$A$94,0)) | O2: giong | R2: 35.44 | S2: =IF($D$2="",0,INDEX(boss_input_vu_khi_suy_ra!$B$2:$B$94,MATCH($D$2,boss_input_vu_khi_suy_ra!$A$2:$A$94,0))*IF(INDEX(boss_input_vu_khi!$D$2:$D$94,MATCH($D$2,boss_input_vu_khi!$A$2:$A$94,0)),1,Boss_dps!$B$2)*Boss_dps!$C$2) | T2: 407.11368 | U2: Assets/MachineBrigade/Resources/Data/balance.json: vehicles[id=argus] dựng bởi Tools/balance/p26_ab.expand
A3: argus/1 | B3: argus | C3: 1 | D3: p26_roc_main_roc_bombs | E3: gun | F3: Free | H3: 1 | I3: 700 | J3: 33.34 | K3: 10 | L3: 20 | M3: 2.7222222 | N3: =INDEX(boss_input_vu_khi_suy_ra!$C$2:$C$94,MATCH($D$3,boss_input_vu_khi_suy_ra!$A$2:$A$94,0)) | O3: giong | R3: 35.44 | S3: =IF($D$3="",0,INDEX(boss_input_vu_khi_suy_ra!$B$2:$B$94,MATCH($D$3,boss_input_vu_khi_suy_ra!$A$2:$A$94,0))*IF(INDEX(boss_input_vu_khi!$D$2:$D$94,MATCH($D$3,boss_input_vu_khi!$A$2:$A$94,0)),1,Boss_dps!$B$2)*Boss_dps!$C$2) | T3: 407.11368 | U3: Assets/MachineBrigade/Resources/Data/balance.json: vehicles[id=argus] dựng bởi Tools/balance/p26_ab.expand
A4: armored_train/0 | B4: armored_train | C4: 0 | D4: train_gun | E4: main | G4: gun_car_front | H4: 1 | I4: 600 | J4: 8 | K4: 2.5 | L4: 5 | M4: 0 | N4: =INDEX(boss_input_vu_khi_suy_ra!$C$2:$C$94,MATCH($D$4,boss_input_vu_khi_suy_ra!$A$2:$A$94,0)) | O4: giong | R4: 8 | S4: =IF($D$4="",0,INDEX(boss_input_vu_khi_suy_ra!$B$2:$B$94,MATCH($D$4,boss_input_vu_khi_suy_ra!$A$2:$A$94,0))*IF(INDEX(boss_input_vu_khi!$D$2:$D$94,MATCH($D$4,boss_input_vu_khi!$A$2:$A$94,0)),1,Boss_dps!$B$3)*Boss_dps!$C$3) | T4: 115.98766 | U4: Assets/MachineBrigade/Resources/Data/balance.json: vehicles[id=armored_train] dựng bởi Tools/balance/p26_ab.expand
