Workbook

Sheet Mục lục
A1: Nhóm | B1: Sheet | C1: Nội dung
A2: Bắt đầu | B2: Tổng quan | C2: Nguồn, nguyên tắc quyết định, vấn đề chung, thang máu boss
A3: Bắt đầu | B3: Cốt truyện | C3: Cốt truyện đầy đủ: bối cảnh, nhân vật, 12 chương, 3 chương xen kẽ, phần kết, móc nối
A4: Quyết định | B4: Thay đổi chi tiết | C4: Danh sách hành động: mọi thay đổi cụ thể, xếp theo ưu tiên
A5: Quyết định | B5: Kiểm tra từng mục | C5: Giữ / Đổi / Xem lại cho từng mục của mọi xe, tháp, boss
A6: Quyết định | B6: Cân bằng lần 2 | C6: Đánh giá lại sau khi áp đợt 1: còn mạnh, còn yếu, cần theo dõi
A7: Quyết định | B7: Việc cho agent | C7: Danh sách việc cho agent code, sheet nguồn và tiêu chí đạt
A8: Đơn vị | B8: Phương tiện | C8: Chỉ số, miêu tả, hình dạng cho AI vẽ, đề xuất và lý do
A9: Đơn vị | B9: Công trình | C9: Như trên, cho tháp, công trình, nhánh
A10: Đơn vị | B10: Boss | C10: Như trên, cho boss và mini boss
A11: Đơn vị | B11: Boss đề xuất | C11: Máu, DPS mục tiêu, vũ khí thêm, siêu vũ khí (chỉ boss chủ lực)
A12: Đơn vị | B12: Tên đề xuất | C12: Tên đầy đủ, tên ngắn, tên tiếng Anh
... A28: Tham chiếu | B28: Hướng dẫn vẽ | C28: Quy trình và mẫu prompt để dựng model chất lượng cao

Sheet Tổng quan
A1: Rà soát cân bằng Machine Brigade (bản 2)
A2: Nguồn | B2: Machine_Brigade_Design_Review_1.pdf (264 trang): thẻ phần 8 và 11; bảng 9, 9b (giá trị thực chiến), 10b (nhịp bắn, đường đạn, di chuyển), 10c (tầm nổ), 12 (thẻ hỗ trợ). Giá và thông số ngoài đời là ước lượng từ thông tin công khai, chỉ dùng để so thứ tự tương đối.
A3: Cách đọc | B3: Sheet "Vũ khí đề xuất" có mọi vũ khí (154) với số hiện tại và đề xuất cho sát thương, chế độ bắn, viên/s, số viên mỗi băng hoặc loạt, thời gian nạp, tầm, tốc độ bay, nổ lan, và DPS đề xuất theo từng cấp giáp 0–5, trên không, công trình (công thức). Sheet "Đơn vị – vũ khí" và "Tổng DPS đơn vị" cộng DPS theo từng xe, tháp, boss. Sheet "Boss đề xuất": máu, DPS mục tiêu, vũ khí thêm, siêu vũ khí (chỉ boss chủ lực; mini boss bỏ đòn lớn). Sheet "Công trình mới" và "Tên lửa & bom mới" có đủ chỉ số. Sheet "Kiểm tra từng mục" đi qua mọi mục của mọi xe, tháp, boss (tên, máu, giáp từng mặt, tốc độ, tốc độ xoay, kích thước, tầm nhìn, tầm bắn, giá, vũ khí, hành vi, nổ khi bị phá, tham khảo) và ghi Giữ / Đổi / Xem lại kèm lý do. Sheet "Thay đổi chi tiết" là danh sách hành động: mỗi dòng một thay đổi cụ thể (vũ khí thêm/bỏ/đổi, cỡ nòng, sát thương, nhịp, tầm, giáp, máu, tốc độ, giá, hành vi) kèm lý do. Các sheet Phương tiện, Công trình, Boss, Vũ khí tổng hợp lại theo từng đơn vị. Các cột có công thức tự tính lại khi sửa số.
A5: NGUYÊN TẮC DÙNG ĐỂ QUYẾT
A6: Tốc độ tên lửa | B6: Tính từ lúc phóng tới lúc trúng trong tầm của game (đã nén rất nhiều so với ngoài đời), không dùng Mach thật. Hai điều kiện: (1) tên lửa phòng không và không đối không phải nhanh hơn mục tiêu nhanh nhất nó cần bắt khoảng 1,2–1,5 lần (tiêm kích bay 40 m/s, drone hộ vệ 46 m/s, trong khi tên lửa hiện chỉ 24 m/s); (2) thời gian bay tới tầm tối đa khoảng 0,6–2 giây, để vẫn nhìn thấy, vẫn bị pháo sáng và APS đánh chặn. Tên lửa chống tăng lái bằng dây cố ý chậm (khoảng 2 s) để khói, APS và né có tác dụng; tên lửa hành trình và Shahed cố ý chậm để phòng không có cơ hội. Chi tiết ở sheet "Tốc độ tên lửa".
A7: Giá (CP) | B7: Quyết theo hai yếu tố: (1) tác động lên trận đấu, đo bằng giá trị thực chiến trên mỗi CP so với trung vị của cùng vai trò (sheet "Giá CP"); (2) chi phí sản xuất ngoài đời, chỉ để giữ thứ tự hợp lý trong cùng vai trò (đồ rẻ ngoài đời không nên đắt trong game và ngược lại), không quy đổi thẳng vì chênh lệch ngoài đời quá lớn (B-2 đắt gấp hàng trăm lần một chiếc tăng).
A8: Bán kính nổ | B8: Bán kính ≈ 10 m × (khối lượng/500 kg)^(1/3), lấy FAB-500 = 10 m làm mốc; cùng một loại đạn phải cùng bán kính ở mọi đơn vị.
A9: Nhịp bắn | B9: Giữ DPS duy trì như hiện tại, nhưng đổi nhịp bắn (viên/s, loạt, nghỉ) cho giống vũ khí thật, để mỗi vũ khí có cảm giác riêng (luồng đạn CIWS, loạt pháo tự động, phát đơn pháo tăng).
A10: Sát thương mỗi phát | B10: Theo thang cỡ nòng và đầu nổ của prompt 13 (không đổi trong bản này, trừ chỗ ghi rõ).
A11: Kích thước | B11: Xe mặt đất 0,8 × kích thước thật; máy bay và trực thăng 0,4 × thật (sải cánh / rô-to); đạn phóng từ mặt đất 0,8 ×, từ máy bay 0,5 ×, tối thiểu 0,8 m; boss theo thiết kế (×1,3–1,5 so với mẫu), trùm cuối là vật thể lớn nhất. Nổ khi bị phá ≈ 3 m + 0,45 × chiều dài xe (+3 m nếu chở nhiều đạn). Hiệu ứng nổ trên màn hình phải bằng bán kính gây sát thương. Xem sheet Tỷ lệ map.
A12: Tên | B12: Tên thẻ mô tả vai trò bằng tiếng Việt, không chứa tên mẫu thật (tên mẫu thật để ở dòng phụ theo ngụy trang); có tên ngắn cho HUD và tên tiếng Anh; một đơn vị chỉ một tên ở mọi bảng. Xem sheet Tên đề xuất.
A14: VẤN ĐỀ CHUNG
A15: 1. Tên lửa chậm hơn mục tiêu | B15: Mọi tên lửa phòng không và không đối không bay 24 m/s, chậm hơn tiêm kích (40) và drone hộ vệ (46). Kh-29L và R-60 chỉ 10 m/s.
A16: 2. Cùng vũ khí, khác tốc độ | B16: S-8 (20/27/48), Hydra (48/38), Grad (24/52/55), GMLRS (24/52), TOS (24/45), Hellfire (12/21/24), Lancet (28/16), FPV (26/18).
A17: 3. Bán kính nổ ngược khối lượng | B17: Kh-101 400 kg (6 m) và JASSM 450 kg (5 m) nổ nhỏ hơn FAB-250 (8 m); pháo 460 mm (7 m) nhỏ hơn cối 240 mm (9 m); 155 mm có 4 giá trị khác nhau.
A18: 4. Phòng không tháp ngược cỡ ô | B18: Tháp ô nhỏ 300, Patriot ô lớn 188.
A19: 5. Máu boss ngược thứ bậc | B19: Trùm cuối ít máu hơn boss chương 5; boss chủ lực chương 11 ít máu hơn nhiều mini boss; boss chương 1 gần bằng boss cuối game.
A20: 6. Mâu thuẫn với danh sách giữ lại | B20: Pháo tự hành dùng model CAESAR; Tăng hạng nặng tham khảo T-14.
A21: 7. Tham khảo lệch vũ khí | B21: Tháp phòng không (GDF 35 mm / 2A38 30 mm), nhánh tên lửa ô nhỏ (Buk), Scylla (pháo 460 mm), Icarus (pháo xe tăng), Mi-24 (Hellfire của Mỹ).
A22: 8. Ô nhỏ thiếu chống tăng | B22: Ô nhỏ có chống xe nhẹ, phòng không, EW, chướng ngại, kinh tế, nhưng không có tháp chống tăng (trừ bãi mìn). Xem "Ụ pháo chống tăng" ở sheet Đề xuất thêm.
A23: 9. Bảng 9b thiếu xe hỗ trợ | B23: Xe hỗ trợ có giá trị 0. Cần chỉ số "giá trị hỗ trợ" (máu sửa, đạn nạp, tên lửa hút, sát thương khiên chặn).
A25: THANG MÁU BOSS CHỦ LỰC (gốc, trước scale) | B25: Mini boss khoảng 45–60% boss chủ lực cùng chương.
A26: Chương 1 | B26: 12000
A27: Chương 2 | B27: 13000
A28: Chương 3 | B28: 15000
A29: Chương 4 | B29: 17000
A30: Chương 5 | B30: 18000
A31: Chương 6 | B31: 19000
A32: Chương 7 | B32: 20000
A33: Chương 8 | B33: 21000
A34: Chương 9 | B34: 22000
A35: Chương 10 | B35: 23000
A36: Chương 11 | B36: 24000
A37: Chương 12 | B37: 26000

Sheet Cốt truyện
A1: Phần | B1: Mục | C1: Nội dung
A2: Bối cảnh | B2: Thế giới | C2: Tương lai gần. Meridian Coast là vùng ven biển giàu dầu mỏ và khoáng sản. Sau khi chính quyền trong vùng sụp đổ, một tập đoàn khai khoáng thuê Hegemon, tập đoàn quân sự tư nhân lớn nhất thế giới, để "giữ ổn định". Trong hai năm, Hegemon trở thành thế lực chiếm đóng và biến cả vùng thành nơi thử nghiệm vũ khí.
A3: Bối cảnh | B3: Phe ta | C3: Các tỉnh còn lại lập ra Meridian Accord. Lực lượng mạnh nhất là 7th Mechanized Brigade ("Machine Brigade"), chỉ gồm phương tiện, đánh bằng thả dù và tốc độ. Người chơi là chỉ huy chiến trường của lữ đoàn.
A4: Bối cảnh | B4: Mối đe dọa | C4: Dự án Icarus của Director Lucien Aurel: vũ khí quỹ đạo có thể tấn công bất kỳ điểm nào trên mặt đất mà không ai chạm tới được.
A5: Mở đầu | B5: Cảnh nhảy tới tương lai | C5: Vài giây của cảnh cuối: bầu trời Helion, thanh tungsten rơi xuống, giọng Aurel: "Họ vẫn chưa hiểu." Cắt về Stormbeach, ba năm trước.
A6: Nhân vật | B6: Colonel Marcus Kade "Iron" | C6: Chỉ huy trực tiếp, giọng chính trên thoại. Bình tĩnh, thực dụng, tin vào lữ đoàn hơn các chính trị gia. Đền đáp ở phần kết: từ chối ghế chính phủ, ở lại với lữ đoàn.
A7: Nhân vật | B7: Engineer Mara Lind | C7: Phụ trách căn cứ. Từng thiết kế Behemoth cho Hegemon, bỏ đi vì mặc cảm. Đối mặt Behemoth Mk.0 do chính mình thiết kế (Xen kẽ I). Đền đáp: Behemoth bà sửa lại chiến đấu cùng lữ đoàn ở Helion.
A8: Nhân vật | B8: Lieutenant Jonah Reyes "Hawk" | C8: Chỉ huy không quân. Có món nợ với Raven, người bắn hạ đồng đội cũ của anh. Bị bắn rơi sau chiến tuyến (Xen kẽ III); đấu tay đôi với Raven và bắn phát cuối hạ Roc (chương 10).
A9: Nhân vật | B9: Captain Nadia Kerr | C9: Sĩ quan tình báo, giao nhiệm vụ phụ, giải mã dự án địch. Cài manh mối về Thorne từ chương 4; phát hiện cú phản bội đầu tiên ở chương 7.
A10: Nhân vật | B10: Major Brandt | C10: Chỉ huy đồn trú bờ biển phía tây, tin tuyệt đối vào pháo đài. Đầu hàng ở chương 1, quay lại giúp phe ta phòng thủ ở chương 6 (mở chỉ huy "Bulwark").
A11: Nhân vật | B11: General Viktor Varga "Anvil" | C11: Tướng thiết giáp, cha đẻ Behemoth; già, trọng danh dự, tôn trọng người chơi. Ngừng bắn với Kade để sơ tán Hollow Dam (chương 6). Ngã xuống ở Helion.
A12: Nhân vật | B12: Colonel Ilya Orlov "Winter" | C12: Tướng pháo binh, lạnh lùng, thích thắng từ xa. Rút lui ở chương 3 ("Mùa đông luôn quay lại"), trận cuối với Gungnir ở chương 11.
... A35: Cơ chế kể chuyện | B35: Tóm tắt | C35: Bản đồ mặt trận đổi màu theo tiến độ; manh mối về Thorne ở chương 4–6; lựa chọn có hệ quả ở chương 4, 8, 11; chiến lợi phẩm gắn truyện; hồ sơ tình báo; tranh truyện cuối chương; thoại dạng chữ; khoảnh khắc cốt truyện làm chậm thời gian (5–6 lần cả chiến dịch).

Sheet Thay đổi chi tiết
A1: id | B1: Đơn vị | C1: Hạng mục | D1: Hiện tại | E1: Đề xuất (cụ thể) | F1: Lý do thay đổi | G1: Tham khảo (ngoài đời / game) | H1: Ưu tiên
A2: aa_turret | B2: Tháp phòng không | C2: Vũ khí và tham khảo | D2: tham khảo Oerlikon GDF 35 mm nhưng vũ khí 2A38 30 mm · chống máy bay 300 | E2: chọn một: đổi vũ khí thành Oerlikon 35 mm hoặc đổi tham khảo sang 2A38; chống máy bay 300→240 | F2: Tham khảo lệch vũ khí; tháp ô nhỏ đang mạnh hơn Patriot ô lớn. | G2: Skyguard/GDF (35 mm) hoặc Tunguska (2A38) | H2: Cao
A3: artillery | B3: Pháo tự hành | C3: Vũ khí: lựu pháo 155 mm | D3: 0,10 phát/s · DPS duy trì 27 · giá trị thấp hơn Pháo phản lực cùng giá | E3: 0,14 phát/s · bắn 3 loạt rồi dời vị trí (giữ) | F3: Pháo tự hành đang kém hẳn pháo phản lực 6 CP (331 so với 510 theo vai trò). | G3: M109A7: 4 phát/phút tối đa | H3: Cao
A4: artillery | B4: Pháo tự hành | C4: Model và tham khảo | D4: CAESAR bánh lốp (nằm trong danh sách giữ lại) | E4: Đổi model sang M109A7 xích; giáp trước 1→2; tốc độ 7→6 | F4: Để CAESAR cho thẻ "Pháo bánh lốp bắn rồi chạy" sau này, không vướng danh sách giữ lại. | G4: M109A7 Paladin | H4: Cao
A5: attack_helicopter | B5: Trực thăng tấn công | C5: Giá | D5: 11 CP (hiệu quả 0,66 × trung vị trực thăng) | E5: 9 CP | F5: Yếu hơn các trực thăng khác tính theo CP. | G5: AH-64D | H5: Cao
A6: attack_jet | B6: Máy bay cường kích | C6: Vũ khí: FAB-250 | D6: 2 quả mỗi lần đầy đạn | E6: 1 quả | F6: Giá trị lên công sự 1.156 cao nhất nhóm cùng giá. | G6: Su-25: tải trọng hỗn hợp | H6: Cao
A7: attack_jet | B7: Máy bay cường kích | C7: Vũ khí: Kh-29L, R-60 | D7: tốc độ 10 (bay 4 s và 2,8 s, chậm như drone) | E7: Kh-29L: 32 (bay 1,25 s) · R-60: 42 | F7: Tên lửa không đối đất nặng và tên lửa không đối không đang chậm nhất game. | G7: Kh-29L: Mach 2,5; R-60: Mach 2,7 | H7: Cao
A8: attack_jet | B8: Máy bay cường kích | C8: Giá | D8: 16 CP (hiệu quả 1,27) | E8: 18 CP | F8: Mạnh nhất nhóm máy bay tính theo CP. | G8: Su-25 ~11 triệu USD, A-10 ~19 triệu USD | H8: Cao
A9: caspian | B9: Caspian · Tàu bay sát mặt nước | C9: Vũ khí | D9: chỉ AK-630 · DPS 22/11/7 | E9: thêm 2 tháp 23 mm đôi và 1 tên lửa chống hạm bắn thường mỗi lượt lướt | F9: Mini boss gần như không có vũ khí ngoài đòn lớn. | G9: Lun: 6 Moskit, 4 tháp 23 mm | H9: Cao
A10: daedalus | B10: Daedalus · Tàu đổ bộ quỹ đạo | C10: Máu, vũ khí | D10: 9.435 · 2 pháo 30 mm | E10: ~24.000 · thêm 2 tháp laser phòng thủ điểm và 2 pháo 57 mm dưới bụng | F10: Boss chủ lực chương 11 yếu hơn nhiều mini boss. | G10: Acclamator (Star Wars) | H10: Cao
A11: fighter_jet | B11: Tiêm kích | C11: Vũ khí: AIM-120, AIM-9X | D11: tốc độ 24 (chậm hơn tiêm kích 40 m/s) | E11: AIM-120: 60 (bay 1 s) · AIM-9X: 55 | F11: Tên lửa phải bắt kịp mục tiêu nhanh nhất. | G11: AIM-120: Mach 4; AIM-9X: Mach 2,5+ | H11: Cao
A12: heavy_tank | B12: Tăng hạng nặng | C12: Giá (CP) | D12: 12 | E12: 13 CP | F12: Xem sheet Giá CP. | H12: Cao
A13: iron_beam | B13: La-de phòng không | C13: Giá | D13: 7 CP · giá trị 87 (0,33 × trung vị) · bắn 8% thời gian | E13: 6 CP | F13: Gần như vô dụng hiện tại. | G13: Iron Beam: chi phí mỗi phát rất thấp | H13: Cao
A14: iron_beam | B14: La-de phòng không | C14: Vũ khí: laser 100 kW | D14: 7,5/tick · DPS 143 lý thuyết | E14: 10/tick · DPS ~190; mở rộng APS: đánh chặn cả đạn cối và rốc-két pháo binh trong 30 m; ưu tiên drone | F14: Vai trò thật của Iron Beam là chặn drone, rốc-két, cối. | G14: Rafael Iron Beam | H14: Cao
A15: long_sam | B15: Tên lửa phòng không tầm xa | C15: Giá | D15: 11 CP (hiệu quả 2,29 × trung vị) | E15: 14 CP | F15: Hiệu quả gấp đôi các xe phòng không khác; S-400 ngoài đời cực đắt. | G15: S-400: ~500 triệu USD một tiểu đoàn | H15: Cao
A16: missile_battery | B16: Tên lửa Patriot tầm xa | C16: Vũ khí: Patriot PAC-2 | D16: chống máy bay 188 · tốc độ 24 (bay 3,75 s) | E16: chống máy bay 300 · tốc độ 60 (bay 1,5 s) | F16: Tháp ô lớn phải mạnh hơn tháp ô nhỏ; tên lửa phải bắt kịp máy bay. | G16: PAC-2: Mach 4 | H16: Cao
A17: rocket_turret.guided | B17: Dàn rốc-két · nhánh Rốc-két dẫn đường | C17: Vũ khí: GMLRS dẫn đường | D17: 100/phát · nổ lan 3 m · tốc độ 24 · DPS 27/27 | E17: 160/phát · nổ lan 4,5 m · tốc độ 50 · mục tiêu ~60/60 | F17: Nhánh gần như vô dụng; GMLRS thật chính xác và mạnh với công trình. | G17: GMLRS: đầu nổ 90 kg | H17: Cao
A18: sam_launcher | B18: Tên lửa phòng không | C18: Giá | D18: 5 CP (hiệu quả 1,61 × trung vị) | E18: 7 CP | F18: Hiệu quả cao nhất nhóm phòng không di động; Buk ngoài đời đắt hơn Gepard nhiều. | G18: Buk TELAR ~10–15 triệu USD | H18: Cao
A19: sam_launcher | B19: Tên lửa phòng không | C19: Vũ khí: 9M317 Buk | D19: tốc độ 24 (bay 2,3 s, chậm hơn tiêm kích 40 m/s) | E19: tốc độ 50 (bay 1,1 s) | F19: Tên lửa không đuổi kịp máy bay nhanh. | G19: 9M317: Mach 4 | H19: Cao
A20: scout_heli | B20: Trực thăng trinh sát | C20: Giá | D20: 4 CP · giá trị vs xe nhẹ 956 (cao nhất game theo CP) | E20: 5 CP | F20: Trực thăng trinh sát đang là thẻ diệt xe nhẹ mạnh nhất. | G20: MH-6 Little Bird ~5 triệu USD | H20: Cao
A21: scout_heli | B21: Trực thăng trinh sát | C21: Vũ khí: Hydra 70 | D21: 12 quả mỗi lần đầy đạn | E21: 6 quả | F21: Giảm sức phá xe nhẹ, giữ minigun để vẫn đúng vai trò trinh sát vũ trang. | G21: AH-6: 2 ống 7 quả Hydra | H21: Cao
A22: scout_jeep | B22: Xe trinh sát | C22: Tầm nhìn | D22: 35 m | E22: 55 m | F22: Trinh sát đang nhìn kém xe bọc thép; không làm được việc trinh sát. | G22: Fennek / LRV có cột quan sát và kính nhiệt | H22: Cao
A23: scout_jeep | B23: Xe trinh sát | C23: Hành vi | D23: Không có ẩn | E23: Ẩn khi đứng yên (chỉ lộ ở 60% tầm nhìn địch), lộ khi bắn | F23: Trinh sát thật dựa vào ngụy trang và đứng quan sát. | G23: Fennek; Wargame (đơn vị trinh sát ẩn khi đứng yên) | H23: Cao
A24: scylla | B24: Scylla · Tàu khu trục | C24: Vũ khí, máu | D24: pháo 460 mm (của Yamato) · 13.370 máu | E24: pháo 130 mm AK-130 đôi + bệ tên lửa chống hạm + CIWS · ~9.000 máu | F24: Tàu khu trục mini boss mang pháo thiết giáp hạm, máu cao hơn boss chủ lực. | G24: Sovremenny (AK-130, P-270 Moskit) | H24: Cao
... A26: silver_bug | B26: Icarus · Phi thuyền quỹ đạo | C26: Vũ khí | D26: 2 pháo Rh-120 xe tăng, 2 Oerlikon 35, 2 Bofors 40 | E26: thay bằng 2 coilgun và 2 tháp laser phòng thủ điểm; pháo thông thường chỉ ở tháp phụ pha 3 (xác rơi) | F26: Phi thuyền quỹ đạo mang pháo xe tăng là vô lý. | G26: Polyus/Skif-DM; SOLG (Ace Combat 5) | H26: Cao
A27: stealth_fighter | B27: Tiêm kích tàng hình | C27: Giá (CP) | D27: 14 | E27: 13 CP | F27: Xem sheet Giá CP. | H27: Cao
A28: strike_drone | B28: UAV tấn công | C28: Giá | D28: 8 CP · 469/670/734 | E28: 9 CP (giữ 4 Hellfire) | F28: Vẫn mạnh gấp rưỡi xe diệt tăng cùng giá khi không có phòng không. | G28: MQ-9 Reaper ~30 triệu USD, mang 4 Hellfire | H28: Cao
A29: swarm_carrier | B29: Máy bay mẹ thả drone | C29: Vũ khí: thêm Rapid Dragon | D29: 8 drone FPV + bom SDB; khung C-130 to bằng Pháo hạm bay (22 CP) nhưng chỉ 8 CP | E29: Bỏ SDB; thêm 2 tên lửa hành trình thả từ khoang (410/quả, Nổ mạnh xuyên 3, nổ lan 9 m, tầm 90, tốc độ 20) mỗi lượt, giữ 8 drone | F29: Máy bay to như vậy mà rẻ là không hợp lý; thêm vũ khí để xứng giá mới. Rapid Dragon là hệ thống thật cho máy bay vận tải thả tên lửa hành trình theo pallet. | G29: Rapid Dragon (C-130/C-17 thả JASSM-ER) | H29: Cao
A30: swarm_carrier | B30: Máy bay mẹ thả drone | C30: Giá | D30: 8 CP | E30: 13 CP | F30: Ngang tầm máy bay lớn khác sau khi có thêm tên lửa hành trình; C-130 ngoài đời ~70 triệu USD, đắt hơn Apache. | G30: C-130 | H30: Cao
A31: titan_tank | B31: Siêu tăng Titan | C31: Giá (CP) | D31: 16 | E31: 18 CP | F31: Xem sheet Giá CP. | H31: Cao
A32: wheeled_gun | B32: Pháo bánh lốp diệt tăng | C32: Máu | D32: 1.914 (gần bằng tăng chủ lực 1.980) | E32: 1.500 | F32: Xe bánh lốp giáp nhẹ không thể trâu như tăng. | G32: Centauro II: giáp chống 14,5–30 mm | H32: Cao
A33: wheeled_gun | B33: Pháo bánh lốp diệt tăng | C33: Vũ khí: 120 mm | D33: 0,36 phát/s (nạp 2,8 s, nhanh hơn MBT) | E33: 0,27 phát/s (DPS duy trì 94→~70) | F33: Nạp tay không thể nhanh hơn tăng chủ lực; đang lấn át Pháo chống tăng. | G33: Centauro II nạp tay | H33: Cao
A34: zu23_technical | B34: Bán tải ZU-23 | C34: Vũ khí: ZU-23-2 | D34: 15/phát · 11 viên/s · tầm 32 m · giá trị vs máy bay 62 | E34: 7/phát · 25 viên/s · tầm 38 m (giữ DPS) | F34: Hiệu quả chỉ 0,24 lần trung vị phòng không; tầm quá ngắn nên máy bay bắn trước. | G34: ZU-23-2: 2.000 phát/phút, tầm 2,5 km | H34: Cao
A35: aa_turret.sam | B35: Tháp phòng không · nhánh Trạm tên lửa | C35: Tham khảo | D35: 9K37 Buk (hệ thống lớn) | E35: Mistral / RBS-70 / Starstreak LML (bệ nhỏ) | F35: Buk là hệ thống cỡ tiểu đoàn, không hợp tháp ô nhỏ. | G35: Mistral ATLAS, RBS-70 | H35: Trung
A36: aa_vehicle | B36: Xe phòng không | C36: Vũ khí: Stinger | D36: tốc độ 24 (bay 1,8 s) | E36: tốc độ 42 (bay 1,05 s) | F36: Tên lửa phải nhanh hơn mục tiêu (cường kích bay 32 m/s); hiện chậm hơn. | G36: Stinger: Mach 2,2 | H36: Trung
A37: aa_vehicle | B37: Xe phòng không | C37: Giáp (T/H/S/N) | D37: 1/0/0/0 | E37: 2/1/1/0 | F37: Gepard dùng khung Leopard 1. | H37: Trung
A38: argus | B38: Argus · Khí cầu trinh sát | C38: Máu | D38: 7410 | E38: 10350–13800 | F38: Theo thang máu boss mới (Tổng quan): mini boss bằng 45–60% boss chủ lực chương 10. Máu gốc trước scale chiến dịch. | H38: Trung
A39: armored_bulldozer | B39: Xe ủi bọc thép | C39: Tốc độ | D39: 5 | E39: 4 m/s | F39: D9R thật chỉ ~15 km/h; giữ nhanh hơn thực tế một chút để không kẹt nhịp. | H39: Trung
A40: armored_train | B40: Juggernaut · Đoàn tàu bọc thép | C40: Máu | D40: 5820 | E40: 7650–10200 | F40: Theo thang máu boss mới (Tổng quan): mini boss bằng 45–60% boss chủ lực chương 4. Máu gốc trước scale chiến dịch. | H40: Trung
A41: artillery | B41: Pháo tự hành | C41: Giáp (T/H/S/N) | D41: 1/0/0/0 | E41: 2/1/1/0 | F41: M109 có giáp nhẹ chống mảnh (nếu đổi model sang M109). | H41: Trung
A43: attack_helicopter | B43: Trực thăng tấn công | C43: Vũ khí: Hellfire, Stinger ATAS | D43: Hellfire tốc độ 24 · ATAS tốc độ 24 | E43: Hellfire 26 (bay 2,1 s ở 55 m) · ATAS 42 | F43: Thống nhất Hellfire mọi nơi; ATAS đủ nhanh để bắn trực thăng địch. | G43: Hellfire: Mach 1,3 | H43: Trung
A44: attack_jet | B44: Máy bay cường kích | C44: Vũ khí: GSh-30-2 | D44: băng 94 viên | E44: băng 70 viên, nạp 1,5 s | F44: Lần cân bằng 2: vẫn mạnh sau khi tăng giá và bớt bom. | G44: Su-25: 250 viên cả lượt bay | H44: Trung
A45: ballistic_launcher | B45: Xe phóng tên lửa đạn đạo | C45: Vũ khí: Iskander | D45: tốc độ 24 (bay 7,5 s) · nổ lan 12 m | E45: tốc độ 50 (bay 3,6 s) · nổ lan 10 m | F45: Tên lửa đạn đạo phải là thứ nhanh nhất; vẫn đủ thời gian cho PAC-3 đánh chặn. | G45: Iskander 9M723: đầu nổ ~480 kg | H45: Trung
A46: bastion_mk0 | B46: Bastion Mk.0 · Pháo đài nguyên mẫu | C46: Máu, giáp | D46: 12.576 · 5/4/4/3 | E46: ~6.000 · trước 5→4 | F46: Mini boss chương 1 nhiều máu hơn boss chủ lực chương 2. | G46: Thang máu boss | H46: Trung
A47: behemoth | B47: Behemoth · Quái vật thép | C47: Máu | D47: 10.115 | E47: ~13.000 | F47: Boss chủ lực chương 2 ít máu hơn mini boss chương 1. | G47: Thang máu boss | H47: Trung
A48: behemoth_mk2 | B48: Behemoth Mk.II · Behemoth nâng cấp | C48: Máu | D48: 6942 | E48: 8550–11400 | F48: Theo thang máu boss mới (Tổng quan): mini boss bằng 45–60% boss chủ lực chương 6. Máu gốc trước scale chiến dịch. | H48: Trung
A49: behemoth_tempest | B49: Tempest · Behemoth pháo điện từ | C49: Máu | D49: 5820 | E49: 7650–10200 | F49: Theo thang máu boss mới (Tổng quan): mini boss bằng 45–60% boss chủ lực chương 4. Máu gốc trước scale chiến dịch. | H49: Trung
A52: c_ram | B52: Trạm C-RAM | C52: Vũ khí: Phalanx 20 mm | D52: 13/phát · 8,2 viên/s · băng 23 | E52: 2/phát · 50 viên/s · băng 200 (giữ khả năng đánh chặn) | F52: Không có cảm giác luồng đạn CIWS. | G52: Phalanx: 4.500 phát/phút | H52: Trung
A53: caspian | B53: Caspian · Tàu bay sát mặt nước | C53: Máu | D53: 7597 | E53: 9900–13200 | F53: Theo thang máu boss mới (Tổng quan): mini boss bằng 45–60% boss chủ lực chương 9. Máu gốc trước scale chiến dịch. | H53: Trung
A54: command_airship | B54: Roc · Khí cầu chỉ huy | C54: Máu | D54: 16575 | E54: 20700–25300 | F54: Theo thang máu boss mới (Tổng quan): boss chủ lực chương 10. Máu gốc trước scale chiến dịch. | H54: Trung
A55: command_vehicle | B55: Xe chỉ huy | C55: Giáp (T/H/S/N) | D55: 2/1/0/0 | E55: 1/1/0/0 | F55: Stryker bọc thép nhẹ. | H55: Trung
A56: daedalus | B56: Daedalus · Tàu đổ bộ quỹ đạo | C56: Kích thước | D56: 36.4 × 20.4 × 11.8 | E56: ~45 × 26 m | F56: Boss chủ lực chương 11 nhỏ hơn mini boss Caspian. | H56: Trung
A57: engineer_vehicle | B57: Xe công binh | C57: Giáp (T/H/S/N) | D57: 2/1/0/0 | E57: 2/1/1/0 | F57: Khung xe tăng cứu kéo. | H57: Trung
A58: flame_tank | B58: Tăng phun lửa | C58: Kích thước model (dài × rộng × cao) | D58: 5.0 × 2.8 × 2.7 | E58: 7.2 × 2.6 × 1.9 | F58: Mẫu thật TO-55 (khung T-55): 9.0 × 3.3 m; theo tỷ lệ chung (mặt đất 0,8) nên là 7.2 × 2.6 m. Đổi kích thước thì chỉnh vùng va chạm và chạy lại test xe kẹt. | H58: Trung
A59: fortress_bastion | B59: Bastion · Pháo đài | C59: Máu | D59: 17.935 (chương 1) | E59: ~12.000 | F59: Boss chương 1 gần bằng boss chương 9–12. | G59: Thang máu boss | H59: Trung
A60: fortress_hive | B60: Hive · Pháo đài drone | C60: Máu | D60: 7597 | E60: 8100–10800 | F60: Theo thang máu boss mới (Tổng quan): mini boss bằng 45–60% boss chủ lực chương 5. Máu gốc trước scale chiến dịch. | H60: Trung
A61: gun_turret.long | B61: Tháp pháo · nhánh Pháo bắn tỉa | C61: Vũ khí: 120 mm L/55 | D61: DPS 48/62 (thấp hơn bản gốc 65/83) | E61: phát đầu tiên vào mục tiêu mới +50% sát thương, hoặc xuyên +1 cấp | F61: Nhánh bắn tỉa cần một ưu thế rõ ngoài tầm. | G61: Rh-120 L/55: sơ tốc cao hơn L/44 | H61: Trung
A65: heavy_aa | B65: Pháo tên lửa phòng không | C65: Giá | D65: 6 CP (rẻ hơn Buk 7 CP) | E65: 7 CP | F65: Pantsir đắt ngang hoặc hơn Buk ngoài đời, hiệu quả 1,14 × trung vị. | G65: Pantsir-S1 ~13–15 triệu USD | H65: Trung
A66: heavy_bomber | B66: Oanh tạc cơ hạng nặng | C66: Vũ khí: Kh-101 | D66: nổ lan 6 m · tốc độ 17 | E66: nổ lan 9 m · tốc độ 22 (bay 5 s) | F66: Như JASSM. | G66: Kh-101: đầu nổ 400 kg | H66: Trung
A67: heavy_bomber | B67: Oanh tạc cơ hạng nặng | C67: Vũ khí: FAB-500 | D67: 9 quả mỗi lượt | E67: 7 quả mỗi lượt | F67: Lần cân bằng 2: vẫn mạnh hơn trung vị máy bay cả khi đo DPS và giá trị thực chiến. | G67: B-52 | H67: Trung
A68: heavy_tank | B68: Tăng hạng nặng | C68: Tham khảo, giá | D68: tham khảo T-14 (danh sách giữ lại) · 12 CP (hiệu quả 1,16) | E68: bỏ T-14 khỏi tham khảo, giữ Object 195 / T-95 · giá 13 CP | F68: Tránh vướng danh sách giữ lại; hơi mạnh so với giá. | G68: Object 195 | H68: Trung
A69: heavy_tank | B69: Tăng hạng nặng | C69: Tốc độ xoay thân / tháp | D69: 1 / 1 | E69: 1 / 2 | F69: Tháp pháo xe tăng thật xoay nhanh hơn thân (~40°/s); hiện bằng thân. Lưu ý: đơn vị ghi °/s nhưng giá trị 1–6 có vẻ là rad/s, cần kiểm lại nhãn. | H69: Trung
A70: heavy_turret | B70: Pháo đài hạng nặng | C70: Vũ khí: 155 mm đôi | D70: 138/98 · chỉ đạn nổ mạnh (xuyên 3) | E70: thêm đạn xuyên 155 mm (xuyên 4, ~300/phát), tự đổi như Tăng hạng nặng; nổ lan 4,5→7 m | F70: Chống xe nặng dưới mục tiêu 140; bán kính nổ lệch các khẩu 155 khác. | G70: Pháo bờ biển 155 mm | H70: Trung
A71: icarus_mk0 | B71: Icarus Mk.0 · Phi thuyền nguyên mẫu | C71: Máu | D71: 8696 | E71: 10350–13800 | F71: Theo thang máu boss mới (Tổng quan): mini boss bằng 45–60% boss chủ lực chương 10. Máu gốc trước scale chiến dịch. | H71: Trung
A72: ifv | B72: Xe chiến đấu bộ binh | C72: Vũ khí: 2A42 30 mm | D72: 22/phát · 4,9 viên/s liên tục · băng 26 | E72: 22/phát · loạt 10 viên ở 9 viên/s · nghỉ 1,5 s · DPS duy trì giữ ~94 | F72: Ngoài đời 2A42 bắn loạt nhanh; cảm giác "xả loạt" khác súng máy. | G72: 2A42: 550–800 phát/phút | H72: Trung
A73: ifv | B73: Xe chiến đấu bộ binh | C73: Vũ khí: TOW-2 | D73: tầm 34 m · tốc độ 19 | E73: tầm 40 m · tốc độ 20 (bay 2,0 s tới tầm tối đa) | F73: Tên lửa chống tăng phải bắn xa hơn pháo xe tăng (34 m), nếu không thì không có lý do mang. | G73: TOW-2: 3,75 km, xa hơn tầm giao chiến pháo tăng 2–3 km | H73: Trung
A74: ifv | B74: Xe chiến đấu bộ binh | C74: Tốc độ | D74: 9 | E74: 8 m/s | F74: Bradley và tăng chủ lực chạy gần như ngang nhau ngoài đời; hiện IFV nhanh gấp rưỡi tăng. | H74: Trung
A75: ixion | B75: Ixion · Xe bánh khổng lồ | C75: Máu | D75: 7574 | E75: 9450–12600 | F75: Theo thang máu boss mới (Tổng quan): mini boss bằng 45–60% boss chủ lực chương 8. Máu gốc trước scale chiến dịch. | H75: Trung
A76: kronos | B76: Kronos · Máy xúc mỏ | C76: Máu | D76: 18360 | E76: 18900–23100 | F76: Theo thang máu boss mới (Tổng quan): boss chủ lực chương 8. Máu gốc trước scale chiến dịch. | H76: Trung
A77: landing_hovercraft | B77: Charybdis · Tàu đệm khí đổ bộ | C77: Máu | D77: 7293 | E77: 8550–11400 | F77: Theo thang máu boss mới (Tổng quan): mini boss bằng 45–60% boss chủ lực chương 6. Máu gốc trước scale chiến dịch. | H77: Trung
A78: laser_tank | B78: Xe la-de tập trung | C78: Giá, tăng dần | D78: 10 CP (hiệu quả 0,72) · đạt ×2 sau 6 s | E78: 9 CP · đạt ×2 sau 4 s | F78: Kém Pháo điện từ rẻ hơn ở chính vai trò diệt tăng. | G78: Rheinmetall HEL | H78: Trung
A79: laser_tank | B79: Xe la-de tập trung | C79: Giáp (T/H/S/N) | D79: 3/2/1/1 | E79: 2/1/1/1 | F79: Xe mang laser không phải xe tăng hạng nặng. | H79: Trung
A80: leviathan | B80: Leviathan · Thiết giáp hạm | C80: Vũ khí: 460 mm | D80: nổ lan 7 m | E80: nổ lan 13 m | F80: Đạn 1,46 tấn đang nổ nhỏ hơn cối 240 mm. | G80: Type 94 460 mm | H80: Trung
A81: locust | B81: Locust · Tàu con drone | C81: Máu | D81: 6311 | E81: 8100–10800 | F81: Theo thang máu boss mới (Tổng quan): mini boss bằng 45–60% boss chủ lực chương 5. Máu gốc trước scale chiến dịch. | H81: Trung
A82: long_sam | B82: Tên lửa phòng không tầm xa | C82: Vũ khí: 48N6 | D82: tốc độ 24 (bay 4,0 s) | E82: tốc độ 65 (bay 1,5 s) | F82: Tên lửa tầm xa cần nhanh để trúng máy bay ở rìa tầm. | G82: 48N6: Mach 6 | H82: Trung
A83: main_battle_tank | B83: Tăng chủ lực | C83: Giáp (T/H/S/N) | D83: 3/2/1/1 | E83: 4/2/1/1 | F83: Giáp trước tăng chủ lực hiện đại chịu được tên lửa chống tăng thường (mặt trước tốt nhất trong nhóm xe thường). | H83: Trung
A84: main_battle_tank | B84: Tăng chủ lực | C84: Tốc độ | D84: 6 | E84: 6,5 m/s | F84: Như trên: kéo gần tăng và IFV. | H84: Trung
A85: main_battle_tank | B85: Tăng chủ lực | C85: Tốc độ xoay thân / tháp | D85: 1 / 1 | E85: 1 / 2 | F85: Tháp pháo xe tăng thật xoay nhanh hơn thân (~40°/s); hiện bằng thân. Lưu ý: đơn vị ghi °/s nhưng giá trị 1–6 có vẻ là rad/s, cần kiểm lại nhãn. | H85: Trung
A86: mine_layer | B86: Xe rải mìn | C86: Giáp (T/H/S/N) | D86: 1/0/0/0 | E86: 1/1/0/0 | F86: Khung bọc thép nhẹ. | H86: Trung
A87: missile_battery.lrr | B87: Tên lửa Patriot tầm xa · nhánh Radar tầm xa | C87: Vũ khí | D87: chống máy bay 186 · tầm 100 | E87: chống máy bay 260 | F87: Nhánh chống máy bay phải mạnh hơn nhánh đánh chặn ở vai trò chống máy bay. | G87: Patriot radar tầm xa | H87: Trung
A88: missile_battery.pac3 | B88: Tên lửa Patriot tầm xa · nhánh PAC-3 đánh chặn | C88: Vũ khí: PAC-3 | D88: tốc độ 24 | E88: tốc độ 65; đo số tên lửa đòn lớn boss bắn hạ được | F88: Tên lửa đánh chặn phải nhanh hơn tên lửa hành trình và đạn đạo. | G88: PAC-3 MSE: Mach 5 | H88: Trung
A89: mlrs | B89: Pháo phản lực | C89: Hành vi | D89: Đứng bắn, không dời vị trí | E89: Bắn xong một loạt thì dời vị trí 15–20 m (như Pháo tự hành) | F89: HIMARS nổi tiếng với chiến thuật bắn rồi chạy. | G89: HIMARS | H89: Trung
A90: mlrs | B90: Pháo phản lực | C90: Giá | D90: 6 CP (hiệu quả 1,14 × trung vị pháo binh) | E90: 7 CP | F90: Mạnh hơn pháo tự hành cùng giá; HIMARS ngoài đời đắt hơn lựu pháo. | G90: HIMARS ~5 triệu USD mỗi bệ, rốc-két ~160 nghìn USD/quả | H90: Trung
A91: mortar_carrier | B91: Xe súng cối | C91: Giáp (T/H/S/N) | D91: 1/0/0/0 | E91: 1/1/0/0 | F91: Khung M113. | H91: Trung
A92: nuke_train | B92: Nemesis · Đoàn tàu tên lửa | C92: Máu | D92: 13260 | E92: 18000–22000 | F92: Theo thang máu boss mới (Tổng quan): boss chủ lực chương 7. Máu gốc trước scale chiến dịch. | H92: Trung
A93: rail_supergun | B93: Gungnir · Pháo đường ray | C93: Dữ liệu vũ khí | D93: pháo 80 cm không có trong danh sách vũ khí | E93: thêm khẩu pháo chính thành một vũ khí | F93: Người chơi và tài liệu không thấy vũ khí chính. | G93: Schwerer Gustav | H93: Trung
A94: rail_supergun | B94: Gungnir · Pháo đường ray | C94: Máu | D94: 6942 | E94: 10800–14400 | F94: Theo thang máu boss mới (Tổng quan): mini boss bằng 45–60% boss chủ lực chương 11. Máu gốc trước scale chiến dịch. | H94: Trung
A95: recon_drone | B95: UAV trinh sát | C95: Tốc độ | D95: 18 | E95: 13 m/s | F95: TB2 thật chậm (~130 km/h), chậm hơn MQ-9; UAV trinh sát nên bay chậm, lượn lâu. | H95: Trung
A96: sam_launcher | B96: Tên lửa phòng không | C96: Máu | D96: 1.760 | E96: 1.300 | F96: Cao hơn cả Pantsir (1.188) dù là xe phóng tên lửa ít giáp. | G96: 9A310 | H96: Trung
A97: sam_launcher | B97: Tên lửa phòng không | C97: Giáp (T/H/S/N) | D97: 1/0/0/0 | E97: 1/1/0/0 | F97: Khung GM-569 bọc nhẹ. | H97: Trung
A98: scout_jeep | B98: Xe trinh sát | C98: Kích thước model (dài × rộng × cao) | D98: 3.7 × 1.9 × 2.0 | E98: 2.7 × 1.3 × 1.4 | F98: Mẫu thật M151 / LRV: 3.4 × 1.6 m; theo tỷ lệ chung (mặt đất 0,8) nên là 2.7 × 1.3 m. Đổi kích thước thì chỉnh vùng va chạm và chạy lại test xe kẹt. | H98: Trung
A99: siege_tank | B99: Tăng công thành | C99: Giáp (T/H/S/N) | D99: 3/2/1/1 | E99: 2/1/1/0 | F99: 2S4 Tyulpan là khung pháo tự hành, giáp nhẹ, không dày như tăng. | H99: Trung
A100: silver_bug | B100: Icarus · Phi thuyền quỹ đạo | C100: Kích thước | D100: 37.0 × 25.0 × 8.9 | E100: ~60 × 40 m | F100: Trùm cuối nhỏ hơn Roc, Typhon, Nemesis, Kronos và cả mini boss Caspian; phi thuyền quỹ đạo nên là vật thể lớn nhất trên trời. | H100: Trung
A101: sky_fortress | B101: Spectre · Máy bay pháo | C101: Máu | D101: 8508 | E101: 10350–13800 | F101: Theo thang máu boss mới (Tổng quan): mini boss bằng 45–60% boss chủ lực chương 10. Máu gốc trước scale chiến dịch. | H101: Trung
A104: stealth_bomber | B104: Máy bay ném bom tàng hình | C104: Giá | D104: 18 CP (rẻ hơn Oanh tạc cơ 22 CP) | E104: 21 CP | F104: Máy bay ném bom tàng hình đắt nhất thế giới lại rẻ hơn B-52; hiệu quả sau đổi giá vẫn gần trung vị. | G104: B-2 ~2 tỷ USD | H104: Trung
A105: stealth_bomber | B105: Máy bay ném bom tàng hình | C105: Vũ khí: JASSM | D105: nổ lan 5 m · tốc độ 17 | E105: nổ lan 9 m · tốc độ 20 (bay 4,5 s, đủ để bị đánh chặn) | F105: Đầu nổ 450 kg đang nổ nhỏ hơn bom 250 kg. | G105: JASSM: đầu nổ 450 kg | H105: Trung
A106: stealth_fighter | B106: Tiêm kích tàng hình | C106: Vũ khí và giá | D106: chống máy bay 219 (kém tiêm kích 351) · 14 CP | E106: +1 AIM-120 mỗi lần đầy đạn; giá 14→13 | F106: Đắt hơn nhưng kém tiêm kích thường ở vai trò chính. | G106: F-22 mang 6 AIM-120 trong khoang | H106: Trung
A107: stealth_fighter | B107: Tiêm kích tàng hình | C107: Tốc độ | D107: 40 | E107: 44 m/s | F107: F-22/Su-57 bay hành trình siêu âm, nhanh hơn Su-27. | H107: Trung
A108: supply_truck | B108: Xe tiếp tế | C108: Tốc độ | D108: 3.6 | E108: 6 m/s | F108: Xe tải tiếp tế đang chậm nhất game (3,6), chậm hơn cả xe tăng nặng; khó theo kịp đội hình. | H108: Trung
A109: supreme_command | B109: Atlas · Xe chỉ huy siêu nặng | C109: Máu | D109: 8205 | E109: 9000–12000 | F109: Theo thang máu boss mới (Tổng quan): mini boss bằng 45–60% boss chủ lực chương 7. Máu gốc trước scale chiến dịch. | H109: Trung
...

Sheet Kiểm tra từng mục
A1: id | B1: Đơn vị | C1: Mục | D1: Hiện tại | E1: Kết quả | F1: Đề xuất | G1: Lý do | H1: Ưu tiên
A2: hover_gunboat | B2: Xuồng cao tốc đệm khí | C2: Tên | D2: Xuồng cao tốc đệm khí | E2: Đổi | F2: Xuồng đệm khí hộ tống · ngắn: Xuồng hộ tống · EN: Escort Hovercraft | G2: Nói rõ vai trò hộ tống boss. | H2: Thấp
A3: hover_gunboat | B3: Xuồng cao tốc đệm khí | C3: Giáp (T/H/S/N) | D3: 1/0/0/0 | E3: Giữ | G3: Giả tưởng / máy bay; khớp vai trò.
A4: hover_gunboat | B4: Xuồng cao tốc đệm khí | C4: Tốc độ | D4: 8.5 | E4: Giữ | G4: Giả tưởng; so với xe cùng lớp.
A5: hover_gunboat | B5: Xuồng cao tốc đệm khí | C5: Tốc độ xoay thân / tháp | D5: 1 / 3 | E5: Giữ | G5: Hợp lý so với loại xe.
A6: hover_gunboat | B6: Xuồng cao tốc đệm khí | C6: Kích thước model (dài × rộng × cao) | D6: 14.0 × 3.9 × 4.4 | E6: Giữ | G6: Giả tưởng; so với xe cùng lớp.
A7: hover_gunboat | B7: Xuồng cao tốc đệm khí | C7: Tầm nhìn | D7: 46 | E7: Giữ | G7: Khớp vai trò.
A8: hover_gunboat | B8: Xuồng cao tốc đệm khí | C8: Tầm bắn | D8: 34 | E8: Giữ | G8: Thứ tự tầm hợp lý trong nhóm.
A9: hover_gunboat | B9: Xuồng cao tốc đệm khí | C9: Giá (CP) | D9: 0 | E9: Giữ | G9: Hiệu quả trong khoảng ±25% trung vị, thứ tự giá hợp ngoài đời (sheet Giá CP).
A10: hover_gunboat | B10: Xuồng cao tốc đệm khí | C10: Vũ khí: AK-630 30 mm | D10: 22/phát · 60 viên/s · băng 15 · nạp 14,7 s · DPS duy trì 22 | E10: Đổi | F10: 12/phát · 60 viên/s · băng 60 · nạp 5 s · DPS duy trì ~85 | G10: Bắn 0,25 s rồi im 14,7 s: không giống CIWS, và hộ tống boss gần như vô hại. | H10: Thấp
A11: hover_gunboat | B11: Xuồng cao tốc đệm khí | C11: Hành vi | D11: Vừa chạy vừa bắn; Bắn hết 15 viên thì thay băng; Xe bọc thép | E11: Giữ | G11: Hợp vai trò.
A12: hover_gunboat | B12: Xuồng cao tốc đệm khí | C12: Nổ khi bị phá (bán kính) | D12: 6 m · 140 sát thương | E12: Đổi | F12: ~9 m | G12: Bán kính nổ khi bị phá nên theo cỡ xe, cộng thêm nếu xe chở nhiều đạn/nhiên liệu. | H12: Thấp
A13: hover_gunboat | B13: Xuồng cao tốc đệm khí | C13: Tham khảo / model | D13: tàu tấn công nhanh vỏ lướt, AK-630 30 mm — Xuồng pháo hộ tống tàu đệm khí | E13: Giữ | G13: Khớp vũ khí và vai trò.
A14: armored_car | B14: Xe bọc thép | C14: Tên | D14: Xe bọc thép | E14: Đổi | F14: Xe bọc thép bánh lốp · ngắn: Bánh lốp · EN: Armored Car | G14: "Xe bọc thép" quá chung, trùng với nhiều xe khác cũng bọc thép. | H14: Thấp
A15: armored_car | B15: Xe bọc thép | C15: Máu | D15: 660 | E15: Giữ | G15: Máu/CP 1.07 × trung vị lớp Xe nhẹ.
A16: armored_car | B16: Xe bọc thép | C16: Giáp (T/H/S/N) | D16: 1/0/0/0 | E16: Giữ | G16: Khớp mẫu thật theo thang 0–4.
A17: armored_car | B17: Xe bọc thép | C17: Tốc độ | D17: 11.5 | E17: Giữ | G17: Gần tốc độ thật × hệ số nén (11.1).
A18: armored_car | B18: Xe bọc thép | C18: Tốc độ xoay thân / tháp | D18: 3 / 4 | E18: Giữ | G18: Hợp lý so với loại xe.
A19: armored_car | B19: Xe bọc thép | C19: Kích thước model (dài × rộng × cao) | D19: 5.9 × 2.3 × 2.7 | E19: Đổi | F19: 4.6 × 2.0 × 1.4 | G19: Mẫu thật Pandur I 6x6: 5.7 × 2.5 m; theo tỷ lệ chung (mặt đất 0,8) nên là 4.6 × 2.0 m. Đổi kích thước thì chỉnh vùng va chạm và chạy lại test xe kẹt. | H19: Thấp
A20: armored_car | B20: Xe bọc thép | C20: Tầm nhìn | D20: 36 | E20: Đổi | F20: 42 m | G20: Xe bánh lốp trinh sát đi trước tuyến; hiện nhìn kém cả xuồng (46). | H20: Thấp
A21: armored_car | B21: Xe bọc thép | C21: Tầm bắn | D21: 30 | E21: Đổi | F21: 42 m | G21: Xe bánh lốp trinh sát đi trước tuyến; hiện nhìn kém cả xuồng (46). | H21: Thấp
A22: armored_car | B22: Xe bọc thép | C22: Giá (CP) | D22: 3 | E22: Giữ | G22: Hiệu quả trong khoảng ±25% trung vị, thứ tự giá hợp ngoài đời (sheet Giá CP).
A23: armored_car | B23: Xe bọc thép | C23: Vũ khí | D23: 2 | E23: Giữ | G23: Bộ vũ khí khớp mẫu thật và vai trò.
A24: armored_car | B24: Xe bọc thép | C24: Hành vi | D24: Vừa chạy vừa bắn; Bắn hết 19 viên thì thay băng; Xe chiến đấu bộ binh | E24: Giữ | G24: Hợp vai trò.
A25: armored_car | B25: Xe bọc thép | C25: Nổ khi bị phá (bán kính) | D25: 5 m · 100 sát thương | E25: Giữ | G25: Hợp với cỡ xe.
A26: armored_car | B26: Xe bọc thép | C26: Tham khảo / model | D26: Pandur I 6x6, M242 Bushmaster 25 mm — ước đoán: xe bọc thép 6x6 bánh lộ ngoài, tháp pháo t | E26: Giữ | G26: Khớp vũ khí và vai trò.
A27: ifv | B27: Xe chiến đấu bộ binh | C27: Tên | D27: Xe chiến đấu bộ binh | E27: Giữ | F27: Xe chiến đấu bộ binh · ngắn: Xe bộ binh · EN: Infantry Fighting Vehicle | G27: Giữ.
A28: ifv | B28: Xe chiến đấu bộ binh | C28: Máu | D28: 1144 | E28: Giữ | G28: Máu/CP 0.93 × trung vị lớp Xe nhẹ.
A29: ifv | B29: Xe chiến đấu bộ binh | C29: Giáp (T/H/S/N) | D29: 2/1/0/0 | E29: Giữ | G29: Khớp mẫu thật theo thang 0–4.
A30: ifv | B30: Xe chiến đấu bộ binh | C30: Tốc độ | D30: 9 | E30: Đổi | F30: 8 m/s | G30: Bradley và tăng chủ lực chạy gần như ngang nhau ngoài đời; hiện IFV nhanh gấp rưỡi tăng. | H30: Trung
A31: ifv | B31: Xe chiến đấu bộ binh | C31: Tốc độ xoay thân / tháp | D31: 2 / 3 | E31: Giữ | G31: Hợp lý so với loại xe.
A32: ifv | B32: Xe chiến đấu bộ binh | C32: Kích thước model (dài × rộng × cao) | D32: 6.2 × 2.7 × 3.1 | E32: Giữ | G32: Khớp tỷ lệ chung (mẫu thật 6.55 m).
A33: ifv | B33: Xe chiến đấu bộ binh | C33: Tầm nhìn | D33: 34 | E33: Giữ | G33: Khớp vai trò.
A34: ifv | B34: Xe chiến đấu bộ binh | C34: Tầm bắn | D34: 34 | E34: Đổi | F34: tầm 40 m · tốc độ 20 (bay 2,0 s tới tầm tối đa) | G34: Tên lửa chống tăng phải bắn xa hơn pháo xe tăng (34 m), nếu không thì không có lý do mang. | H34: Trung
A35: ifv | B35: Xe chiến đấu bộ binh | C35: Giá (CP) | D35: 6 | E35: Giữ | G35: Hiệu quả trong khoảng ±25% trung vị, thứ tự giá hợp ngoài đời (sheet Giá CP).
A36: ifv | B36: Xe chiến đấu bộ binh | C36: Vũ khí: 2A42 30 mm | D36: 22/phát · 4,9 viên/s liên tục · băng 26 | E36: Đổi | F36: 22/phát · loạt 10 viên ở 9 viên/s · nghỉ 1,5 s · DPS duy trì giữ ~94 | G36: Ngoài đời 2A42 bắn loạt nhanh; cảm giác "xả loạt" khác súng máy. | H36: Trung
A37: ifv | B37: Xe chiến đấu bộ binh | C37: Vũ khí: TOW-2 | D37: tầm 34 m · tốc độ 19 | E37: Đổi | F37: tầm 40 m · tốc độ 20 (bay 2,0 s tới tầm tối đa) | G37: Tên lửa chống tăng phải bắn xa hơn pháo xe tăng (34 m), nếu không thì không có lý do mang. | H37: Trung
A38: ifv | B38: Xe chiến đấu bộ binh | C38: Hành vi | D38: Vừa chạy vừa bắn; Bắn hết 26 viên thì thay băng; Khói: khi bị bắn (mỗi 30 giây); | E38: Giữ | G38: Hợp vai trò.
A39: ifv | B39: Xe chiến đấu bộ binh | C39: Nổ khi bị phá (bán kính) | D39: 6 m · 160 sát thương | E39: Giữ | G39: Hợp với cỡ xe.
A40: ifv | B40: Xe chiến đấu bộ binh | C40: Tham khảo / model | D40: M2 Bradley, BMP-3, 2A42 30 mm, BGM-71 TOW-2 — Xe chiến đấu bộ binh bánh xích, pháo 30 mm v | E40: Giữ | G40: Khớp vũ khí và vai trò.
A41: supply_truck | B41: Xe tiếp tế | C41: Tên | D41: Xe tiếp tế | E41: Đổi | F41: Xe tải tiếp tế · ngắn: Tiếp tế · EN: Supply Truck | G41: Giữ nghĩa, thêm "tải" cho rõ hình dạng. | H41: Thấp
A42: supply_truck | B42: Xe tiếp tế | C42: Giáp (T/H/S/N) | D42: cấp 0 (Không giáp) | E42: Giữ | G42: Khớp mẫu thật theo thang 0–4.
A43: supply_truck | B43: Xe tiếp tế | C43: Tốc độ | D43: 3.6 | E43: Đổi | F43: 6 m/s | G43: Xe tải tiếp tế đang chậm nhất game (3,6), chậm hơn cả xe tăng nặng; khó theo kịp đội hình. | H43: Trung
A44: supply_truck | B44: Xe tiếp tế | C44: Tốc độ xoay thân / tháp | D44: 2 / 3 | E44: Giữ | G44: Hợp lý so với loại xe.
A45: supply_truck | B45: Xe tiếp tế | C45: Kích thước model (dài × rộng × cao) | D45: 7.6 × 2.7 × 3.5 | E45: Đổi | F45: 8.2 × 2.0 × 2.1 | G45: Mẫu thật M977 HEMTT: 10.2 × 2.44 m; theo tỷ lệ chung (mặt đất 0,8) nên là 8.2 × 2.0 m. Đổi kích thước thì chỉnh vùng va chạm và chạy lại test xe kẹt. | H45: Thấp
A46: supply_truck | B46: Xe tiếp tế | C46: Tầm nhìn | D46: 26 | E46: Giữ | G46: Khớp vai trò.
A47: supply_truck | B47: Xe tiếp tế | C47: Tầm bắn | D47: 22 | E47: Giữ | G47: Thứ tự tầm hợp lý trong nhóm.
A48: supply_truck | B48: Xe tiếp tế | C48: Giá (CP) | D48: 0 | E48: Giữ | G48: Hiệu quả trong khoảng ±25% trung vị, thứ tự giá hợp ngoài đời (sheet Giá CP).
A49: supply_truck | B49: Xe tiếp tế | C49: Vũ khí | D49: 1 | E49: Giữ | G49: Bộ vũ khí khớp mẫu thật và vai trò.
A50: supply_truck | B50: Xe tiếp tế | C50: Hành vi | D50: Đi sau tuyến đầu, cạnh các xe nó phục vụ; Bắn hết 28 viên thì thay băng; Xe công | E50: Giữ | G50: Hợp vai trò.
A51: supply_truck | B51: Xe tiếp tế | C51: Nổ khi bị phá (bán kính) | D51: 6 m · 120 sát thương | E51: Giữ | G51: Hợp với cỡ xe.
A52: supply_truck | B52: Xe tiếp tế | C52: Tham khảo / model | D52: M977 HEMTT, KamAZ-5350, M2 Browning 12,7 mm — ước đoán: xe tải tiếp tế, súng máy trên vòng | E52: Giữ | G52: Khớp vũ khí và vai trò.
A53: engineer_vehicle | B53: Xe công binh | C53: Tên | D53: Xe công binh | E53: Giữ | F53: Xe công binh · ngắn: Công binh · EN: Engineering Vehicle | G53: Giữ.
A54: engineer_vehicle | B54: Xe công binh | C54: Máu | D54: 1760 | E54: Giữ | G54: Máu/CP 3.01 × trung vị lớp Hỗ trợ.
A55: engineer_vehicle | B55: Xe công binh | C55: Giáp (T/H/S/N) | D55: 2/1/0/0 | E55: Đổi | F55: 2/1/1/0 | G55: Khung xe tăng cứu kéo. | H55: Trung
A56: engineer_vehicle | B56: Xe công binh | C56: Tốc độ | D56: 7 | E56: Xem lại | F56: Mẫu thật × hệ số map ≈ 4.4 m/s | G56: Lệch hơn 35% so với tốc độ thật nhân hệ số nén của map (xích 0,33, bánh 0,4, trực thăng 0,17, máy bay 0,16). Có thể giữ nếu là chủ đích.
A57: engineer_vehicle | B57: Xe công binh | C57: Tốc độ xoay thân / tháp | D57: 1 / 3 | E57: Giữ | G57: Hợp lý so với loại xe.
A58: engineer_vehicle | B58: Xe công binh | C58: Kích thước model (dài × rộng × cao) | D58: 6.3 × 2.8 × 2.4 | E58: Giữ | G58: Khớp tỷ lệ chung (mẫu thật 8.6 m).
A59: engineer_vehicle | B59: Xe công binh | C59: Tầm nhìn | D59: 30 | E59: Giữ | G59: Khớp vai trò.
A60: engineer_vehicle | B60: Xe công binh | C60: Tầm bắn | D60: 15 | E60: Giữ | G60: Thứ tự tầm hợp lý trong nhóm.
A61: engineer_vehicle | B61: Xe công binh | C61: Giá (CP) | D61: 3 | E61: Giữ | G61: Hiệu quả trong khoảng ±25% trung vị, thứ tự giá hợp ngoài đời (sheet Giá CP).
A62: engineer_vehicle | B62: Xe công binh | C62: Vũ khí | D62: 1 | E62: Giữ | G62: Bộ vũ khí khớp mẫu thật và vai trò.
A63: engineer_vehicle | B63: Xe công binh | C63: Hành vi | D63: Đi sau tuyến đầu, cạnh các xe nó phục vụ; Bắn hết 28 viên thì thay băng; Sửa xe | E63: Giữ | G63: Hợp vai trò.
A64: engineer_vehicle | B64: Xe công binh | C64: Nổ khi bị phá (bán kính) | D64: 6 m · 140 sát thương | E64: Giữ | G64: Hợp với cỡ xe.
A65: engineer_vehicle | B65: Xe công binh | C65: Tham khảo / model | D65: BREM-1, M88 Hercules — Xe cứu kéo công binh có lưỡi ủi và cần cẩu | E65: Giữ | G65: Khớp vũ khí và vai trò.
A79: ammo_carrier | B79: Xe tiếp đạn | C79: Tên | D79: Xe tiếp đạn | E79: Giữ | F79: Xe tiếp đạn · ngắn: Tiếp đạn · EN: Ammo Carrier | G79: Giữ.
A80: ammo_carrier | B80: Xe tiếp đạn | C80: Máu | D80: 1144 | E80: Giữ | G80: Máu/CP 1.47 × trung vị lớp Hỗ trợ.
A81: ammo_carrier | B81: Xe tiếp đạn | C81: Giáp (T/H/S/N) | D81: cấp 0 (Không giáp) | E81: Giữ | G81: Khớp mẫu thật theo thang 0–4.
A82: ammo_carrier | B82: Xe tiếp đạn | C82: Tốc độ | D82: 8.5 | E82: Giữ | G82: Gần tốc độ thật × hệ số nén (9.8).
A83: ammo_carrier | B83: Xe tiếp đạn | C83: Tốc độ xoay thân / tháp | D83: 2 / 3 | E83: Giữ | G83: Hợp lý so với loại xe.
A84: ammo_carrier | B84: Xe tiếp đạn | C84: Kích thước model (dài × rộng × cao) | D84: 6.9 × 2.4 × 3.2 | E84: Giữ | G84: Khớp tỷ lệ chung (mẫu thật 10.2 m).
A85: ammo_carrier | B85: Xe tiếp đạn | C85: Tầm nhìn | D85: 30 | E85: Giữ | G85: Khớp vai trò.
A86: ammo_carrier | B86: Xe tiếp đạn | C86: Tầm bắn | D86: 15 | E86: Giữ | G86: Thứ tự tầm hợp lý trong nhóm.
A87: ammo_carrier | B87: Xe tiếp đạn | C87: Giá (CP) | D87: 4 | E87: Giữ | G87: Hiệu quả trong khoảng ±25% trung vị, thứ tự giá hợp ngoài đời (sheet Giá CP).
A88: ammo_carrier | B88: Xe tiếp đạn | C88: Vũ khí | D88: 1 | E88: Giữ | G88: Bộ vũ khí khớp mẫu thật và vai trò.
A89: ammo_carrier | B89: Xe tiếp đạn | C89: Hành vi | D89: Đi sau tuyến đầu, cạnh các xe nó phục vụ | E89: Giữ | G89: Hợp vai trò.
A90: ammo_carrier | B90: Xe tiếp đạn | C90: Nổ khi bị phá (bán kính) | D90: 7 m · 180 sát thương | E90: Giữ | G90: Hợp với cỡ xe.
A91: ammo_carrier | B91: Xe tiếp đạn | C91: Tham khảo / model | D91: M977 HEMTT, KamAZ-5350, M2 Browning 12,7 mm — ước đoán: xe tải hậu cần chở đạn, súng máy t | E91: Giữ | G91: Khớp vũ khí và vai trò.
A105: ew_jammer | B105: Xe tác chiến điện tử | C105: Tên | D105: Xe tác chiến điện tử | E105: Đổi | F105: Xe gây nhiễu điện tử · ngắn: Gây nhiễu · EN: EW Jammer | G105: "Tác chiến điện tử" dài; bảng DPS đã dùng "Gây nhiễu". | H105: Thấp
A106: ew_jammer | B106: Xe tác chiến điện tử | C106: Máu | D106: 836 | E106: Giữ | G106: Máu/CP 0.86 × trung vị lớp Hỗ trợ.
A107: ew_jammer | B107: Xe tác chiến điện tử | C107: Giáp (T/H/S/N) | D107: 1/0/0/0 | E107: Giữ | G107: Giả tưởng / máy bay; khớp vai trò.
A108: ew_jammer | B108: Xe tác chiến điện tử | C108: Tốc độ | D108: 8 | E108: Giữ | G108: Gần tốc độ thật × hệ số nén (8.9).
A109: ew_jammer | B109: Xe tác chiến điện tử | C109: Tốc độ xoay thân / tháp | D109: 2 / 3 | E109: Giữ | G109: Hợp lý so với loại xe.
A110: ew_jammer | B110: Xe tác chiến điện tử | C110: Kích thước model (dài × rộng × cao) | D110: 7.9 × 2.9 × 5.1 | E110: Giữ | G110: Khớp tỷ lệ chung (mẫu thật 11.0 m).
A111: ew_jammer | B111: Xe tác chiến điện tử | C111: Tầm nhìn | D111: 40 | E111: Giữ | G111: Khớp vai trò.
A112: ew_jammer | B112: Xe tác chiến điện tử | C112: Tầm bắn | D112: 15 | E112: Giữ | G112: Thứ tự tầm hợp lý trong nhóm.
A113: ew_jammer | B113: Xe tác chiến điện tử | C113: Giá (CP) | D113: 5 | E113: Giữ | G113: Hiệu quả trong khoảng ±25% trung vị, thứ tự giá hợp ngoài đời (sheet Giá CP).
A114: ew_jammer | B114: Xe tác chiến điện tử | C114: Vũ khí | D114: 1 | E114: Giữ | G114: Bộ vũ khí khớp mẫu thật và vai trò.
A115: ew_jammer | B115: Xe tác chiến điện tử | C115: Hành vi | D115: Đi sau tuyến đầu, cạnh các xe nó phục vụ | E115: Giữ | G115: Hợp vai trò.
A116: ew_jammer | B116: Xe tác chiến điện tử | C116: Nổ khi bị phá (bán kính) | D116: 7 m · 160 sát thương | E116: Giữ | G116: Hợp với cỡ xe.
A117: ew_jammer | B117: Xe tác chiến điện tử | C117: Tham khảo / model | D117: Krasukha-4, Leer-3 — Xe tác chiến điện tử 6x6, cột ăng-ten gây nhiễu | E117: Giữ | G117: Khớp vũ khí và vai trò.
A118: mine_layer | B118: Xe rải mìn | C118: Tên | D118: Xe rải mìn | E118: Giữ | F118: Xe rải mìn · ngắn: Rải mìn · EN: Minelayer | G118: Giữ.
A119: mine_layer | B119: Xe rải mìn | C119: Máu | D119: 924 | E119: Giữ | G119: Máu/CP 0.95 × trung vị lớp Hỗ trợ.
A120: mine_layer | B120: Xe rải mìn | C120: Giáp (T/H/S/N) | D120: 1/0/0/0 | E120: Đổi | F120: 1/1/0/0 | G120: Khung bọc thép nhẹ. | H120: Trung
A121: mine_layer | B121: Xe rải mìn | C121: Tốc độ | D121: 8 | E121: Xem lại | F121: Mẫu thật × hệ số map ≈ 5.5 m/s | G121: Lệch hơn 35% so với tốc độ thật nhân hệ số nén của map (xích 0,33, bánh 0,4, trực thăng 0,17, máy bay 0,16). Có thể giữ nếu là chủ đích.
A122: mine_layer | B122: Xe rải mìn | C122: Tốc độ xoay thân / tháp | D122: 2 / 3 | E122: Giữ | G122: Hợp lý so với loại xe.
A123: mine_layer | B123: Xe rải mìn | C123: Kích thước model (dài × rộng × cao) | D123: 6.6 × 2.6 × 3.0 | E123: Giữ | G123: Khớp tỷ lệ chung (mẫu thật 9.3 m).
A124: mine_layer | B124: Xe rải mìn | C124: Tầm nhìn | D124: 30 | E124: Giữ | G124: Khớp vai trò.
A125: mine_layer | B125: Xe rải mìn | C125: Tầm bắn | D125: 15 | E125: Giữ | G125: Thứ tự tầm hợp lý trong nhóm.
A126: mine_layer | B126: Xe rải mìn | C126: Giá (CP) | D126: 5 | E126: Giữ | G126: Hiệu quả trong khoảng ±25% trung vị, thứ tự giá hợp ngoài đời (sheet Giá CP).
...

Sheet Cân bằng lần 2
A1: id | B1: Đơn vị | C1: Nhóm (9b) | D1: CP hiện | E1: CP sau đợt 1 | F1: DPS lý thuyết đề xuất / CP | G1: Hệ số so trung vị nhóm (DPS) | H1: Giá trị thực chiến / CP (sau đổi giá) | I1: Hệ số so trung vị nhóm (thực chiến) | J1: Kết luận | K1: Đề xuất đợt 2
A2: armored_car | B2: Xe bọc thép | C2: Light | D2: 3 | E2: 3 | F2: 17.4 | G2: 1.05 | H2: 138 | I2: 0.88 | J2: Ổn | K2: Trong khoảng mục tiêu.
A3: ifv | B3: Xe chiến đấu bộ binh | C3: Light | D3: 6 | E3: 6 | F3: 15.6 | G3: 0.95 | H3: 174 | I3: 1.12 | J3: Ổn | K3: Trong khoảng mục tiêu.
A4: engineer_vehicle | B4: Xe công binh | C4: Support | D4: 3 | E4: 3 | F4: 16.7 | G4: 1.67 | H4: 0 | I4: 0 | J4: Ổn | K4: Xe hỗ trợ: giá trị chiến đấu thấp là đúng.
A6: ammo_carrier | B6: Xe tiếp đạn | C6: Support | D6: 4 | E6: 4 | F6: 12.5 | G6: 1.25 | H6: 0 | I6: 0 | J6: Ổn | K6: Xe hỗ trợ: giá trị chiến đấu thấp là đúng.
A8: ew_jammer | B8: Xe tác chiến điện tử | C8: Support | D8: 5 | E8: 5 | F8: 10 | G8: 1 | H8: 0 | I8: 0 | J8: Ổn | K8: Xe hỗ trợ: giá trị chiến đấu thấp là đúng.
A9: mine_layer | B9: Xe rải mìn | C9: Support | D9: 5 | E9: 5 | F9: 10 | G9: 1 | H9: 102 | I9: 0.62 | J9: Ổn | K9: Xe hỗ trợ: giá trị chiến đấu thấp là đúng.
A10: command_vehicle | B10: Xe chỉ huy | C10: Support | D10: 6 | E10: 6 | F10: 8.4 | G10: 0.83 | H10: 0 | I10: 0 | J10: Ổn | K10: Xe hỗ trợ: giá trị chiến đấu thấp là đúng.
A11: shield_carrier | B11: Xe phát khiên | C11: Support | D11: 7 | E11: 7 | F11: 7.2 | G11: 0.71 | H11: 0 | I11: 0 | J11: Ổn | K11: Xe hỗ trợ: giá trị chiến đấu thấp là đúng.
A12: scout_jeep | B12: Xe trinh sát | C12: Scout | D12: 2 | E12: 2 | F12: 25.1 | G12: 0.15 | H12: 84 | I12: 1.04 | J12: Ổn | K12: Trinh sát: đo bằng tầm nhìn và thời gian sống, không phải DPS.
A13: vbied | B13: Xe bom tự sát bọc thép | C13: Scout | D13: 3 | E13: 3 | F13: 308 | G13: 1.85 | H13: 78 | I13: 0.96 | J13: Ổn | K13: Trinh sát: đo bằng tầm nhìn và thời gian sống, không phải DPS.
A14: light_tank | B14: Tăng hạng nhẹ | C14: Tank | D14: 3 | E14: 3 | F14: 13 | G14: 1 | H14: 222 | I14: 0.48 | J14: Ổn | K14: Trong khoảng mục tiêu.
A15: flame_tank | B15: Tăng phun lửa | C15: Heavy | D15: 5 | E15: 5 | F15: 14.3 | G15: 1.18 | H15: 258 | I15: 0.66 | J15: Ổn | K15: Trong khoảng mục tiêu.
... A56: laser_tank | B56: Xe la-de tập trung | C56: TankHunter | D56: 10 | E56: 9 | F56: 11.7 | G56: 1.1 | H56: 372 | I56: 0.8 | J56: Ổn | K56: Trong khoảng mục tiêu.
A57: Ngoài đời · kiểm tra lại | B57: — | C57: — | J57: Còn lại | K57: Sau khi áp đợt 1: (1) tên lửa phòng không nhanh hơn mọi máy bay; (2) mọi đạn cùng loại cùng tốc độ và bán kính; (3) nhịp bắn các pháo CIWS và cao xạ đã thành luồng; (4) các xe bỏ súng máy không có thật (Buk, Iskander, Smerch, HIMARS) cần hộ tống — theo dõi tỷ lệ bị xe nhẹ áp sát diệt; (5) kích thước đổi theo tỷ lệ 0,8/0,4 phải chạy lại test xe kẹt và vùng va chạm; (6) máu boss mới là máu gốc trước scale chiến dịch.

Sheet Việc cho agent
A1: Mã | B1: Nhóm | C1: Việc | D1: Sheet nguồn | E1: Tiêu chí đạt | F1: Ưu tiên
A2: A1 | B2: Dữ liệu | C2: Áp mọi dòng của sheet Thay đổi chi tiết vào balance.json theo thứ tự ưu tiên Cao → Trung → Thấp; mỗi nhóm một commit. | D2: Thay đổi chi tiết | E2: Test cũ pass; bảng 9 và 9b tạo lại từ dữ liệu mới | F2: Cao
A3: A2 | B3: Dữ liệu | C3: Áp các cột "đề xuất" của sheet Vũ khí đề xuất (sát thương, chế độ, viên/s, băng/loạt, nạp, tầm, tốc độ, nổ lan, xuyên). | D3: Vũ khí đề xuất | E3: DPS duy trì trong game khớp cột DPS đề xuất ±5% | F3: Cao
A4: A3 | B4: Dữ liệu | C4: Thống nhất mọi vũ khí cùng loại (cùng tên thật) về cùng tốc độ bay, bán kính nổ, model đạn; gom thành "họ vũ khí" trong dữ liệu để sửa một chỗ. | D4: Tốc độ tên lửa, Vũ khí đề xuất | E4: Test quét: không có hai vũ khí cùng tên thật khác tốc độ hoặc bán kính | F4: Cao
A5: A4 | B5: Hệ thống | C5: Luật tên lửa phòng không: tốc độ ≥ 1,3 × mục tiêu nhanh nhất; test tự động bắn tiêm kích và drone hộ vệ ở tầm tối đa. | D5: Tốc độ tên lửa | E5: Tỷ lệ trúng khi không có pháo sáng ≥ 90% | F5: Cao
A6: A5 | B6: Hệ thống | C6: Bán kính nổ tính từ khối lượng thuốc nổ (luật ở Tổng quan) và hiệu ứng nổ trên màn hình bằng đúng bán kính gây sát thương. | D6: Tổng quan, Vũ khí đề xuất | E6: Test so hiệu ứng với bán kính | F6: Trung
A7: B1 | B7: Model | C7: Đổi kích thước theo tỷ lệ chung (mặt đất 0,8, trên không 0,4) cho các dòng "Kích thước" cần đổi; cập nhật vùng va chạm; chạy lại test xe kẹt trên mọi map. | D7: Kiểm tra từng mục | E7: Không xe kẹt; thứ tự to nhỏ đúng trong cùng lớp | F7: Cao
A8: B2 | B8: Model | C8: Dựng lại model theo cột Hình dạng và sheet Hướng dẫn vẽ; ưu tiên: Tăng chủ lực, Su-27, máy bay mẹ (cùng khung với pháo hạm), Apache, Icarus, Daedalus. | D8: Phương tiện, Boss, Hướng dẫn vẽ | E8: Ảnh bóng từ trên xuống nhận ra được; lưu ảnh trước/sau | F8: Trung
A9: B3 | B9: Model | C9: Model đạn riêng cho Kh-29L và GBU-39 SDB; đạn 203 mm dùng tỷ lệ 1,3; kích thước đạn theo sheet Kích thước đạn. | D9: Kích thước đạn | E9: Không vũ khí nào dùng nhầm model | F9: Thấp
A10: C1 | B10: Boss | C10: Áp máu và DPS theo sheet Boss đề xuất; chỉ boss chủ lực có siêu vũ khí; bỏ đòn lớn của mini boss. | D10: Boss đề xuất | E10: Test: mini boss không có siêu vũ khí; chu kỳ siêu vũ khí đúng; thời lượng trận trong mục tiêu | F10: Cao
A11: C2 | B11: Boss | C11: Hiển thị vũ khí chính còn thiếu (pháo 80 cm của Gungnir, bánh gầu của Kronos) trong dữ liệu và tài liệu. | D11: Boss | E11: Có trong bảng vũ khí | F11: Thấp
A12: D1 | B12: Tên | C12: Áp sheet Tên đề xuất vào localization (tên đầy đủ, tên ngắn, tiếng Anh); một đơn vị một tên ở mọi bảng. | D12: Tên đề xuất | E12: Test quét: không còn tên cũ, không có hai tên cho một id | F12: Trung
... A18: F2 | B18: Nội dung mới | C18: Làm theo thứ tự ưu tiên: công trình Cao (Tường chắn đạn, Mồi nhử, Trung tâm điều khiển hỏa lực, Ụ pháo chống tăng, Flak 88) rồi thẻ hỗ trợ mới rồi xe mới. | D18: Công trình mới, Thẻ hỗ trợ mới, Đề xuất thêm | E18: Mỗi thứ mới có test hành vi, thẻ Hướng dẫn, model | F18: Thấp

Sheet Phương tiện
A1: id | B1: Tên | C1: Lớp | D1: Miêu tả | E1: Hình dạng (cho AI vẽ) | F1: Mở khóa hiện tại | G1: Mở khóa đề xuất | H1: Mua sớm | I1: CP | J1: Máu | K1: Giáp T/H/S/N | L1: Tốc độ (m/s) | M1: Tầm nhìn (m) | N1: DPS nhẹ | O1: DPS nặng | P1: DPS bay | Q1: DPS công trình | R1: DPS nặng / CP | S1: Máu / CP | T1: Giá trị vs xe nhẹ | U1: vs xe tăng | V1: vs công sự | W1: vs máy bay | X1: vs tăng + PK | Y1: Thời gian bắn | Z1: Sống (s) | AA1: Hiệu quả so với trung vị vai trò | AB1: Tham khảo (ngoài đời / game) | AC1: Mạnh với | AD1: Yếu trước | AE1: Cách đánh | AF1: Hành vi | AG1: Vũ khí | AH1: Đề xuất | AI1: Lý do thay đổi | AJ1: Ưu tiên
A2: hover_gunboat | B2: Xuồng cao tốc đệm khí | C2: Xe nhẹ | D2: pháo 30 mm sáu nòng trên thân đệm khí nhỏ; nó chạy cạnh tàu đệm khí đổ bộ trên cả đất liền lẫn mặt nước. nhanh, khó bắt, nhưng giáp mỏng: xe tăng hay pháo tự động nào cũng hạ được. | E2: Thân xuồng đệm khí thấp, váy cao su đen quanh đáy, 2 quạt đẩy lớn phía sau trong vòng bảo vệ, tháp pháo 6 nòng nhỏ phía trước. Từ trên xuống: hình giọt nước, hai vòng quạt tròn ở đuôi. Kích thước hiện 14.0 × 3.9 × 4.4 m. Vũ khí nhìn thấy: AK-630 30 mm. Vạch màu phe trên nóc và hai hông; không dùng phù hiệu, cờ hay logo quốc gia thật. | F2: thắng màn mở khóa trong chiến dịch, hoặc mua sớm 300 xu | G2: Không mở (hộ tống boss) | H2: — | I2: 0 | J2: 1144 | K2: 1/0/0/0 | L2: 8.5 | M2: 46 | N2: 22 | O2: 11 | P2: 7 | Q2: 11 | R2: =IFERROR(O2/I2,"") | S2: =IFERROR(J2/I2,"") | AB2: tàu tấn công nhanh vỏ lướt, AK-630 30 mm — Xuồng pháo hộ tống tàu đệm khí | AC2: giáp 0, giáp 1, giáp 2 | AD2: súng máy hạng nặng, lửa, pháo tự động, nổ mạnh, năng lượng, đánh nóc, nổ lõm, pháo xe tăng | AE2: pháo 30 mm sáu nòng trên thân đệm khí nhỏ; nó chạy cạnh tàu đệm khí đổ bộ trên cả đất liền lẫn mặt nước. | AF2: Vừa chạy vừa bắn; Bắn hết 15 viên thì thay băng; Xe bọc thép | AG2: AK-630 30 mm [Động năng, xuyên 2, đạn pháo động năng (pháo tự động)] 22/phát · băng 15 viên, 60 viên/s, thay 14.71 s · tầm 34 m · Tất cả | AH2: • Vũ khí: AK-630 30 mm: 12/phát · 60 viên/s · băng 60 · nạp 5 s · DPS duy trì ~85 | AI2: • Vũ khí: AK-630 30 mm: Bắn 0,25 s rồi im 14,7 s: không giống CIWS, và hộ tống boss gần như vô hại. | AJ2: Thấp
A3: armored_car | B3: Xe bọc thép | C3: Xe nhẹ | D3: pháo 25 mm vừa chạy vừa bắn cả đất lẫn trời, mạnh nhất với xe nhẹ và trực thăng; chiếm cứ điểm nhanh gấp đôi. thắng trinh sát, pháo binh, xe phòng không và xe hỗ trợ; đạn nảy khỏi xe tăng và tháp canh nên thua chúng. | E3: Xe 6 bánh lộ ngoài, thân hình hộp vát nghiêng phía trước, tháp pháo nhỏ ở giữa với nòng 25 mm dài. Từ trên xuống: chữ nhật hẹp, 3 cặp bánh nhô ra hai bên, tháp tròn giữa thân. Kích thước đề xuất khoảng 4.6 × 2.0 × 1.4 m (dài × rộng × cao; 0,8 × mẫu thật Pandur I 6x6). Vũ khí nhìn thấy: M242 Bushmaster 25 mm, PKT / M240 7.62 mm. Vạch màu phe trên nóc và hai hông; không dùng phù hiệu, cờ hay logo quốc gia thật. | F3: có sẵn từ đầu | G3: Có sẵn | H3: — | I3: 3 | J3: 660 | K3: 1/0/0/0 | L3: 11.5 | M3: 36 | N3: 78 | O3: 32 | P3: 12 | Q3: 35 | R3: =IFERROR(O3/I3,"") | S3: =IFERROR(J3/I3,"") | T3: 207 | U3: 69 | V3: 43 | W3: 2 | X3: 84 | Y3: 59% | Z3: 22 | AA3: 0.88 | AB3: Pandur I 6x6, M242 Bushmaster 25 mm — ước đoán: xe bọc thép 6x6 bánh lộ ngoài, tháp pháo tự động nhỏ | AC3: giáp 0, giáp 1, giáp 2 | AD3: súng máy hạng nặng, lửa, pháo tự động, nổ mạnh, năng lượng, đánh nóc, nổ lõm, pháo xe tăng | AE3: pháo 25 mm vừa chạy vừa bắn cả đất lẫn trời, mạnh nhất với xe nhẹ và trực thăng; chiếm cứ điểm nhanh gấp đôi. | AF3: Vừa chạy vừa bắn; Bắn hết 19 viên thì thay băng; Xe chiến đấu bộ binh | AG3: M242 Bushmaster 25 mm [Động năng, xuyên 2, đạn pháo động năng (pháo tự động)] 17/phát · băng 19 viên, 4 viên/s, thay 1 s · tầm 30 m · Mặt đất PKT / M240 7.62 mm [Động năng, xuyên 0, đạn súng] 6/phát · băng 41 viên, 12 viên/s, thay 1.59 s · tầm 20 m · Tất cả | AH3: • Tầm nhìn: 42 m | AI3: • Tầm nhìn: Xe bánh lốp trinh sát đi trước tuyến; hiện nhìn kém cả xuồng (46). | AJ3: Thấp
A4: ifv | B4: Xe chiến đấu bộ binh | C4: Xe nhẹ | D4: pháo tự động vừa chạy vừa bắn xe nhẹ và máy bay, kèm tên lửa chống tăng TOW (34 m) cho xe tăng; chiếm cứ điểm nhanh gấp 3, thắng trinh sát, xe nhẹ, pháo binh và phòng không, gây sát thương cả xe tăng; đấu tay đôi với tăng vẫn thua. | E4: Xe xích 6 bánh chịu lực, thân cao hơn tăng, tháp lệch trái có nòng 30 mm ngắn và hộp phóng TOW gắn bên hông tháp, cửa đuôi lớn. Từ trên xuống: thân chữ nhật, hộp tên lửa vuông bên hông tháp. Kích thước đề xuất khoảng 5.2 × 2.9 × 2.4 m (dài × rộng × cao; 0,8 × mẫu thật M2 Bradley). Vũ khí nhìn thấy: 2A42 30 mm, PKT / M240 7.62 mm, BGM-71 TOW-2. Vạch màu phe trên nóc và hai hông; không dùng phù hiệu, cờ hay logo quốc gia thật. | F4: có sẵn từ đầu | G4: Có sẵn | H4: — | I4: 6 | J4: 1144 | K4: 2/1/0/0 | L4: 9 | M4: 34 | N4: 136 | O4: 67 | P4: 12 | Q4: 66 | R4: =IFERROR(O4/I4,"") | S4: =IFERROR(J4/I4,"") | T4: 238 | U4: 110 | V4: 53 | W4: 1 | X4: 129 | Y4: 51% | Z4: 32 | AA4: 1.12 | AB4: M2 Bradley, BMP-3, 2A42 30 mm, BGM-71 TOW-2 — Xe chiến đấu bộ binh bánh xích, pháo 30 mm và bệ TOW | AC4: giáp 0, giáp 1, giáp 2, giáp 3, giáp 4, công trình | AD4: lửa, pháo tự động, nổ mạnh, năng lượng, đánh nóc, nổ lõm, pháo xe tăng | AE4: pháo tự động vừa chạy vừa bắn xe nhẹ và máy bay, kèm tên lửa chống tăng TOW (34 m) cho xe tăng; chiếm cứ điểm nhanh gấp 3, | AF4: Vừa chạy vừa bắn; Bắn hết 26 viên thì thay băng; Khói: khi bị bắn (mỗi 30 giây); Hỗ trợ (9); Xe tiếp tế | AG4: 2A42 30 mm [Động năng, xuyên 2, đạn pháo động năng (pháo tự động)] 22/phát · băng 26 viên, 5 viên/s, thay 1 s · tầm 30 m · Mặt đất PKT / M240 7.62 mm [Động năng, xuyên 0, đạn súng] 6/phát · băng 41 viên, 12 viên/s, thay 1.59 s · tầm 20 m · Tất cả BGM-71 TOW-2 [Nổ lõm, xuyên 4, tên lửa chống tăng dẫn đường] 190/phát · hồi 12.33 s · tầm 34 m · Mặt đất | AH4: • Vũ khí: 2A42 30 mm: 22/phát · loạt 10 viên ở 9 viên/s · nghỉ 1,5 s · DPS duy trì giữ ~94 • Vũ khí: TOW-2: tầm 40 m · tốc độ 20 (bay 2,0 s tới tầm tối đa) | AI4: • Vũ khí: 2A42 30 mm: Ngoài đời 2A42 bắn loạt nhanh; cảm giác "xả loạt" khác súng máy. • Vũ khí: TOW-2: Tên lửa chống tăng phải bắn xa hơn pháo xe tăng (34 m), nếu không thì không có lý do mang. | AJ4: Trung
A5: supply_truck | B5: Xe tiếp tế | C5: Hỗ trợ | D5: chỉ có súng máy nhẹ; nó chạy theo lộ trình tới kho và không chiếm được cứ điểm. đủ giáp để chịu vài phát, nhưng không đánh lại được thứ gì đáng kể. | E5: Xe tải 8 bánh, ca-bin phía trước, thùng hàng phủ bạt với thùng gỗ và thùng đạn nhìn thấy, súng máy trên vòng nóc ca-bin. Từ trên xuống: dài, ca-bin nhỏ, thùng hàng chiếm 2/3. Kích thước đề xuất khoảng 8.2 × 2.0 × 2.1 m (dài × rộng × cao; 0,8 × mẫu thật M977 HEMTT). Vũ khí nhìn thấy: M2 Browning 12.7 mm. Vạch màu phe trên nóc và hai hông; không dùng phù hiệu, cờ hay logo quốc gia thật. | F5: thắng màn mở khóa trong chiến dịch, hoặc mua sớm 300 xu | G5: Nhiệm vụ (không vào bộ bài) | H5: — | I5: 0 | J5: 1540 | K5: cấp 0 (Không giáp) | L5: 3.6 | M5: 26 | N5: 46 | O5: 14 | P5: 16 | Q5: 16 | R5: =IFERROR(O5/I5,"") | S5: =IFERROR(J5/I5,"") | AB5: M977 HEMTT, KamAZ-5350, M2 Browning 12,7 mm — ước đoán: xe tải tiếp tế, súng máy trên vòng nóc | AC5: giáp 0, giáp 1 | AD5: súng bộ binh, súng máy hạng nặng, lửa, mảnh, pháo tự động, nổ mạnh, năng lượng, nổ lõm, pháo xe tăng | AE5: chỉ có súng máy nhẹ; nó chạy theo lộ trình tới kho và không chiếm được cứ điểm. | AF5: Đi sau tuyến đầu, cạnh các xe nó phục vụ; Bắn hết 28 viên thì thay băng; Xe công binh | AG5: M2 Browning 12.7 mm [Động năng, xuyên 1, đạn súng (cỡ lớn)] 10/phát · băng 28 viên, 9 viên/s, thay 1.94 s · tầm 22 m · Tất cả | AH5: Giữ. | AI5: Xe hỗ trợ, chưa có chỉ số đo; giữ. | AJ5: Thấp
A6: engineer_vehicle | B6: Xe công binh | C6: Hỗ trợ | D6: chỉ có súng máy nóc; sửa chữa xe ta trong vòng 14 m (2,5% máu mỗi giây) và tháp ta chậm bằng nửa, gỡ mìn nó thấy, phá vật cản giúp tuyến xe tăng và căn cứ đang giữ trụ lâu hơn hẳn; tự đánh thì yếu, trinh sát và xe bọc thép dễ bắt nạt nó. | E6: Khung xe tăng không tháp, cần cẩu gập trên nóc, lưỡi ủi phía trước. Từ trên xuống: cần cẩu chéo dọc thân, lưỡi ủi rộng hơn thân. Kích thước đề xuất khoảng 6.9 × 3.0 × 2.6 m (dài × rộng × cao; 0,8 × mẫu thật M88A2 / BREM-1). Vũ khí nhìn thấy: M2 Browning 12.7 mm. Vạch màu phe trên nóc và hai hông; không dùng phù hiệu, cờ hay logo quốc gia thật. | F6: thắng màn mở khóa trong chiến dịch, hoặc mua sớm 750 xu | G6: Chương 1 | H6: 300 xu | I6: 3 | J6: 1760 | K6: 2/1/0/0 | L6: 7 | M6: 30 | N6: 46 | O6: 13 | P6: 16 | Q6: 16 | R6: =IFERROR(O6/I6,"") | S6: =IFERROR(J6/I6,"") | T6: 0 | U6: 0 | V6: 0 | W6: 0 | X6: 0 | Y6: 0% | Z6: 90 | AB6: BREM-1, M88 Hercules — Xe cứu kéo công binh có lưỡi ủi và cần cẩu | AC6: giáp 0, giáp 1 | AD6: lửa, pháo tự động, nổ mạnh, năng lượng, đánh nóc, nổ lõm, pháo xe tăng | AE6: chỉ có súng máy nóc; sửa chữa xe ta trong vòng 14 m (2,5% máu mỗi giây) và tháp ta chậm bằng nửa, gỡ mìn nó thấy, phá vật cản | AF6: Đi sau tuyến đầu, cạnh các xe nó phục vụ; Bắn hết 28 viên thì thay băng; Sửa xe ta trong 14 m (2,5% máu mỗi giây; tháp một nửa); Xe tạo khói | AG6: M2 Browning 12.7 mm [Động năng, xuyên 1, đạn súng (cỡ lớn)] 10/phát · băng 28 viên, 9 viên/s, thay 2.02 s · tầm 15 m · Tất cả | AH6: Giữ. | AI6: Xe hỗ trợ, chưa có chỉ số đo; giữ. | AJ6: Thấp
A8: ammo_carrier | B8: Xe tiếp đạn | C8: Hỗ trợ | D8: chỉ có súng máy nóc; bệ phóng và xe tên lửa hết đạn trong vòng 14 m nạp nhanh gấp ba, trực thăng trong vòng 12 m hồi tên lửa và giữ pháo phản lực và trực thăng bắn liên tục; giáp mỏng và nổ rất mạnh, nên giữ xa chỗ giao tranh. | E8: Xe tải 8 bánh chở giá đạn kim loại mở, thùng đạn xếp tầng màu ô-liu, cần cẩu nhỏ phía sau. Từ trên xuống: các thùng đạn xếp lưới. Kích thước đề xuất khoảng 8.2 × 2.0 × 2.1 m (dài × rộng × cao; 0,8 × mẫu thật M977 HEMTT). Vũ khí nhìn thấy: M2 Browning 12.7 mm. Vạch màu phe trên nóc và hai hông; không dùng phù hiệu, cờ hay logo quốc gia thật. | F8: thắng màn mở khóa trong chiến dịch, hoặc mua sớm 900 xu | G8: Chương 2 | H8: 300 xu | I8: 4 | J8: 1144 | K8: cấp 0 (Không giáp) | L8: 8.5 | M8: 30 | N8: 46 | O8: 13 | P8: 16 | Q8: 16 | R8: =IFERROR(O8/I8,"") | S8: =IFERROR(J8/I8,"") | T8: 0 | U8: 0 | V8: 0 | W8: 0 | X8: 0 | Y8: 0% | Z8: 90 | AB8: M977 HEMTT, KamAZ-5350, M2 Browning 12,7 mm — ước đoán: xe tải hậu cần chở đạn, súng máy trên vòng nóc | AC8: giáp 0, giáp 1 | AD8: súng bộ binh, súng máy hạng nặng, lửa, mảnh, pháo tự động, nổ mạnh, năng lượng, nổ lõm, pháo xe tăng | AE8: chỉ có súng máy nóc; bệ phóng và xe tên lửa hết đạn trong vòng 14 m nạp nhanh gấp ba, trực thăng trong vòng 12 m hồi tên lửa và | AF8: Đi sau tuyến đầu, cạnh các xe nó phục vụ M2; Bắn hết 28 viên thì thay băng Sá; Xe phóng trong 14 m được thêm một phát mỗi 4 giây ngoài tốc độ nạp của nó Bă; Trực thăng trong 12 m hồi đạn nhanh gấp 2 lần Tầ; M2; Radar phản pháo | AG8: M2 Browning 12.7 mm [Động năng, xuyên 1, đạn súng (cỡ lớn)] 10/phát · băng 28 viên, 9 viên/s, thay 2.02 s · tầm 15 m · Tất cả | AH8: Giữ. | AI8: Xe hỗ trợ, chưa có chỉ số đo; giữ. | AJ8: Thấp
A10: ew_jammer | B10: Xe tác chiến điện tử | C10: Hỗ trợ | D10: chỉ có súng máy nóc; tên lửa, drone và hỏa lực yểm trợ của địch nhắm vào vùng gây nhiễu 32 m đều bị lệch. khắc chế xe tên lửa chống tăng, xe drone, trực thăng và đòn yểm trợ địch; vô dụng trước súng và đạn pháo thường. | E10: Xe tải 8 bánh mang đĩa ăng-ten lớn hình chảo hoặc cột ăng-ten lưới cao, thân phẳng. Từ trên xuống: chảo tròn lớn. Kích thước đề xuất khoảng 8.8 × 2.4 × 3.2 m (dài × rộng × cao; 0,8 × mẫu thật Krasukha-4 (BAZ-6910)). Vũ khí nhìn thấy: M2 Browning 12.7 mm. Vạch màu phe trên nóc và hai hông; không dùng phù hiệu, cờ hay logo quốc gia thật. | F10: thắng màn mở khóa trong chiến dịch, hoặc mua sớm 1.050 xu | G10: Chương 5 | H10: 800 xu | I10: 5 | J10: 836 | K10: 1/0/0/0 | L10: 8 | M10: 40 | N10: 46 | O10: 13 | P10: 16 | Q10: 16 | R10: =IFERROR(O10/I10,"") | S10: =IFERROR(J10/I10,"") | T10: 0 | U10: 0 | V10: 0 | W10: 0 | X10: 0 | Y10: 0% | Z10: 90 | AB10: Krasukha-4, Leer-3 — Xe tác chiến điện tử 6x6, cột ăng-ten gây nhiễu | AC10: giáp 0, giáp 1 | AD10: súng máy hạng nặng, lửa, pháo tự động, nổ mạnh, năng lượng, đánh nóc, nổ lõm, pháo xe tăng | AE10: chỉ có súng máy nóc; tên lửa, drone và hỏa lực yểm trợ của địch nhắm vào vùng gây nhiễu 32 m đều bị lệch. | AF10: Đi sau tuyến đầu, cạnh các xe nó phục vụ M; Bắn hết 28 viên thì thay băng S; Gây nhiễu vũ khí dẫn đường và hỏa lực yểm trợ địch trong 32 m B; T; M; Xe rải mìn | AG10: M2 Browning 12.7 mm [Động năng, xuyên 1, đạn súng (cỡ lớn)] 10/phát · băng 28 viên, 9 viên/s, thay 2.02 s · tầm 15 m · Tất cả | AH10: Giữ. | AI10: Xe hỗ trợ, chưa có chỉ số đo; giữ. | AJ10: Thấp
A11: mine_layer | B11: Xe rải mìn | C11: Hỗ trợ | D11: có súng máy nóc; khi chạy, cứ 6 giây thả một quả mìn chống tăng (tối đa 8), xe địch cán phải là nổ tung. trừng phạt xe tăng và đoàn xe đi theo một lối; xe tăng rùa có trục lăn phá mìn, máy bay thì không sợ. | E11: Khung xích thấp, máng thả mìn nghiêng ở đuôi, thùng mìn xếp trên nóc. Từ trên xuống: máng dài ở sau. Kích thước đề xuất khoảng 7.4 × 2.6 × 2.0 m (dài × rộng × cao; 0,8 × mẫu thật GMZ-3). Vũ khí nhìn thấy: M2 Browning 12.7 mm. Vạch màu phe trên nóc và hai hông; không dùng phù hiệu, cờ hay logo quốc gia thật. | F11: thắng màn mở khóa trong chiến dịch, hoặc mua sớm 1.050 xu | G11: Chương 3 | H11: 300 xu | I11: 5 | J11: 924 | K11: 1/0/0/0 | L11: 8 | M11: 30 | N11: 46 | O11: 13 | P11: 16 | Q11: 16 | R11: =IFERROR(O11/I11,"") | S11: =IFERROR(J11/I11,"") | T11: 102 | U11: 77 | V11: 9 | W11: 7 | X11: 102 | Y11: 51% | Z11: 28 | AA11: 0.62 | AB11: GMZ-3, MT-LB — Xe rải mìn bánh xích, máng thả mìn phía sau | AC11: giáp 0, giáp 1 | AD11: súng máy hạng nặng, lửa, pháo tự động, nổ mạnh, năng lượng, đánh nóc, nổ lõm, pháo xe tăng | AE11: có súng máy nóc; khi chạy, cứ 6 giây thả một quả mìn chống tăng (tối đa 8), xe địch cán phải là nổ tung. | AF11: Đi sau tuyến đầu, cạnh các xe nó phục vụ M; Bắn hết 28 viên thì thay băng S; Rải một quả mìn mỗi 6 giây (tối đa 8) B; T; M; Xe chỉ huy | AG11: M2 Browning 12.7 mm [Động năng, xuyên 1, đạn súng (cỡ lớn)] 10/phát · băng 28 viên, 9 viên/s, thay 2.02 s · tầm 15 m · Tất cả | AH11: Giữ. | AI11: Giá trị thực chiến nằm trong khoảng mục tiêu (hiệu quả 0.62 × trung vị vai trò). | AJ11: Thấp
A12: command_vehicle | B12: Xe chỉ huy | C12: Hỗ trợ | D12: chỉ có súng máy trên nóc; quân ta trong 25 m bắn nhanh hơn 10%; đứng yên 5 giây là thành bãi thả dù tiền tuyến, quân mới đáp làm mọi cụm quân quanh nó mạnh hơn và đưa quân tiếp viện ra tận tiền tuyến; thứ gì với tới cũng hạ nó nhanh. | E12: Xe 8 bánh, thân cao, nhiều cột ăng-ten roi và một cột kính viễn vọng gập, lều chỉ huy gắn sau. Từ trên xuống: nhiều chấm ăng-ten, cột dài nằm dọc. Kích thước đề xuất khoảng 5.6 × 2.2 × 2.1 m (dài × rộng × cao; 0,8 × mẫu thật Stryker CV). Vũ khí nhìn thấy: M2 Browning 12.7 mm. Vạch màu phe trên nóc và hai hông; không dùng phù hiệu, cờ hay logo quốc gia thật. | F12: thắng màn mở khóa trong chiến dịch, hoặc mua sớm 1.200 xu | G12: Chương 4 | H12: 800 xu | I12: 6 | J12: 1232 | K12: 2/1/0/0 | L12: 8 | M12: 44 | N12: 46 | O12: 13 | P12: 16 | Q12: 16 | R12: =IFERROR(O12/I12,"") | S12: =IFERROR(J12/I12,"") | T12: 0 | U12: 0 | V12: 0 | W12: 0 | X12: 0 | Y12: 0% | Z12: 90 | AB12: M1130 Stryker CV, BTR-80 KShM, LAV-C2 — Xe chỉ huy 8x8, cột ăng-ten kính viễn vọng gập | AC12: giáp 0, giáp 1 | AD12: lửa, pháo tự động, nổ mạnh, năng lượng, đánh nóc, nổ lõm, pháo xe tăng | AE12: chỉ có súng máy trên nóc; quân ta trong 25 m bắn nhanh hơn 10%; đứng yên 5 giây là thành bãi thả dù tiền tuyến, quân mới đáp | AF12: Đi sau tuyến đầu, cạnh các xe nó phục vụ; Bắn hết 28 viên thì thay băng; Xe phát khiên | AG12: M2 Browning 12.7 mm [Động năng, xuyên 1, đạn súng (cỡ lớn)] 10/phát · băng 28 viên, 9 viên/s, thay 2.02 s · tầm 15 m · Tất cả | AH12: Giữ. | AI12: Xe hỗ trợ, chưa có chỉ số đo; giữ. | AJ12: Thấp
A13: shield_carrier | B13: Xe phát khiên | C13: Hỗ trợ | D13: vòm khiên 12 m quanh xe hấp thụ 1.000 sát thương từ đạn pháo, đạn súng, bom và tên lửa cho mọi đơn vị phe ta bên trong, rồi vỡ; giúp tuyến xe tăng áp sát dưới làn đạn; vũ khí năng lượng xuyên thẳng qua, nhiều vòm không cộng dồn, và bản thân xe giáp mỏng. | E13: Xe 8 bánh mang bệ phát khiên hình vòm/kim loại có vòng phát sáng màu phe; khi hoạt động có vòm bán trong suốt 12 m. Từ trên xuống: đĩa tròn phát sáng giữa thân. Kích thước đề xuất khoảng 6.3 × 2.4 × 1.9 m (dài × rộng × cao; 0,8 × mẫu thật Boxer 8x8 (khung)). Vũ khí nhìn thấy: M2 Browning 12.7 mm. Vạch màu phe trên nóc và hai hông; không dùng phù hiệu, cờ hay logo quốc gia thật. | F13: thắng màn mở khóa trong chiến dịch, hoặc mua sớm 1.350 xu | G13: Xen kẽ II | H13: 1.500 xu | I13: 7 | J13: 1056 | K13: 1/0/0/0 | L13: 8.5 | M13: 36 | N13: 46 | O13: 13 | P13: 16 | Q13: 16 | R13: =IFERROR(O13/I13,"") | S13: =IFERROR(J13/I13,"") | T13: 0 | U13: 0 | V13: 0 | W13: 0 | X13: 0 | Y13: 0% | Z13: 90 | AB13: xe 8x8 kiểu Boxer / Stryker · Shield Battery (StarCraft II), Bubble Shield (Halo 3) — ước đoán: xe 8x8 mang máy phát khiên năng lượng | AC13: giáp 0, giáp 1 | AD13: súng máy hạng nặng, lửa, pháo tự động, nổ mạnh, năng lượng, đánh nóc, nổ lõm, pháo xe tăng | AE13: vòm khiên 12 m quanh xe hấp thụ 1.000 sát thương từ đạn pháo, đạn súng, bom và tên lửa cho mọi đơn vị phe ta bên trong, rồi vỡ; | AF13: Đi sau tuyến đầu, cạnh các xe nó phục vụ; Bắn hết 28 viên thì thay băng; Vòm khiên 12 m: hấp thụ 1000 sát thương cho phe ta bên trong (trừ năng lượng), hồi lại 20; giây sau đòn cuối; các vòm không cộng dồn; Trinh sát (2); Xe trinh sát | AG13: M2 Browning 12.7 mm [Động năng, xuyên 1, đạn súng (cỡ lớn)] 10/phát · băng 28 viên, 9 viên/s, thay 2.02 s · tầm 15 m · Tất cả | AH13: Giữ. | AI13: Xe hỗ trợ, chưa có chỉ số đo; giữ. | AJ13: Thấp
A14: scout_jeep | B14: Xe trinh sát | C14: Trinh sát | D14: súng máy tầm gần, vừa chạy vừa bắn. Nhìn xa để phát hiện địch cho cả quân, chiếm cứ điểm nhanh gấp đôi. diệt được pháo binh và xe hỗ trợ đi lẻ; thua mọi xe bọc thép, xe tăng và tháp canh. | E14: Xe 4x4 mui trần nhỏ, khung chống lật, súng máy trên chốt giữa, can nhiên liệu sau. Từ trên xuống: nhỏ nhất game, thấy rõ người lái và súng. Kích thước đề xuất khoảng 2.7 × 1.3 × 1.4 m (dài × rộng × cao; 0,8 × mẫu thật M151 / LRV). Vũ khí nhìn thấy: M2 Browning 12.7 mm. Vạch màu phe trên nóc và hai hông; không dùng phù hiệu, cờ hay logo quốc gia thật. | F14: có sẵn từ đầu | G14: Có sẵn | H14: — | I14: 2 | J14: 264 | K14: cấp 0 (Không giáp) | L14: 12 | M14: 35 | N14: 46 | O14: 14 | P14: 16 | Q14: 16 | R14: =IFERROR(O14/I14,"") | S14: =IFERROR(J14/I14,"") | T14: 84 | U14: 9 | V14: 7 | W14: 3 | X14: 19 | Y14: 34% | Z14: 12 | AA14: 1.04 | AB14: M151 MUTT, Land Rover WMIK, M2 Browning 12,7 mm — ước đoán: xe trinh sát 4x4 mui trần gắn súng máy trên chốt | AC14: giáp 0, giáp 1 | AD14: súng bộ binh, súng máy hạng nặng, lửa, mảnh, pháo tự động, nổ mạnh, năng lượng, nổ lõm, pháo xe tăng | AE14: súng máy tầm gần, vừa chạy vừa bắn. Nhìn xa để phát hiện địch cho cả quân, chiếm cứ điểm nhanh gấp đôi. | AF14: Vừa chạy vừa bắn; Bắn hết 28 viên thì thay băng; Xe bom tự sát bọc thép | AG14: M2 Browning 12.7 mm [Động năng, xuyên 1, đạn súng (cỡ lớn)] 10/phát · băng 28 viên, 9 viên/s, thay 1.94 s · tầm 22 m · Tất cả | AH14: • Tầm nhìn: 55 m • Hành vi: Ẩn khi đứng yên (chỉ lộ ở 60% tầm nhìn địch), lộ khi bắn | AI14: • Tầm nhìn: Trinh sát đang nhìn kém xe bọc thép; không làm được việc trinh sát. • Hành vi: Trinh sát thật dựa vào ngụy trang và đứng quan sát. | AJ14: Cao
A15: vbied | B15: Xe bom tự sát bọc thép | C15: Trinh sát | D15: lao thẳng vào địch rồi tự nổ: 700 sát thương trong bán kính 7,5 m, một nửa lên tháp và công trình. Bị bắn hạ giữa đường thì nổ phá nát pháo binh, xe hỗ trợ và cụm xe nhẹ; súng bắn nhanh và xe bọc thép chặn được nó, và căn cứ chịu được cả dòng xe bom. | E15: Bán tải dân sự hàn tấm thép chắp vá phủ gần kín, khe nhìn nhỏ, tấm thép mặt trước dày hơn, không vũ khí nhìn thấy. Từ trên xuống: hộp thép thô, mép tấm không đều. Kích thước đề xuất khoảng 4.2 × 1.5 × 1.8 m (dài × rộng × cao; 0,8 × mẫu thật bán tải bọc thép chắp vá). Vũ khí nhìn thấy: car bomb (900 kg) 900 mm. Vạch màu phe trên nóc và hai hông; không dùng phù hiệu, cờ hay logo quốc gia thật. | F15: thắng màn mở khóa trong chiến dịch, hoặc mua sớm 750 xu | G15: Chương 2 | H15: 300 xu | I15: 3 | J15: 572 | K15: cấp 0 (Không giáp) | L15: 13 | M15: 30 | N15: 924 | O15: 770 | P15: 0 | Q15: 693 | R15: =IFERROR(O15/I15,"") | S15: =IFERROR(J15/I15,"") | T15: 78 | U15: 29 | V15: 128 | W15: 0 | X15: 25 | Y15: 4% | Z15: 10 | AA15: 0.96 | AB15: xe bom tự sát bọc thép ở Mosul 2016-17 ('Iron Coffin') — Xe bán tải bom tự sát bọc thép hàn chắp vá | AC15: giáp 0, giáp 1, giáp 2, giáp 3, giáp 4, công trình | AD15: súng bộ binh, súng máy hạng nặng, lửa, mảnh, pháo tự động, nổ mạnh, năng lượng, nổ lõm, pháo xe tăng | AE15: lao thẳng vào địch rồi tự nổ: 700 sát thương trong bán kính 7,5 m, một nửa lên tháp và công trình. Bị bắn hạ giữa đường thì nổ | AF15: Lao thẳng vào mục tiêu và tự nổ; Xe tăng (4); Tăng hạng nhẹ | AG15: car bomb (900 kg) 900 mm [Nổ mạnh, xuyên 4, bom hạng nặng (xe bom) nổ lan] 770/phát · hồi 1 s · tầm 3m · Mặt đất | AH15: • Giáp: trước 2 / hông 1 / sau 0 / nóc 0 • Máu, nổ lan: 800 máu · nổ lan 10 m | AI15: • Giáp: Tên "bọc thép" nhưng giáp 0; chỉ gây sát thương 4% thời gian vì chết trước khi tới. • Máu, nổ lan: Cần sống đủ tới mục tiêu; 900 kg thuốc nổ theo thang bom phải nổ rộng hơn bom 250 kg (8 m). | AJ15: Trung
A16: light_tank | B16: Tăng hạng nhẹ | C16: Xe tăng | D16: pháo 57 mm xuyên giáp vừa chạy vừa bắn, tầm ngắn nhất trong các xe tăng; súng đồng trục bắn máy bay khi mặt đất đã sạch. thắng xe nhẹ, trinh sát và xe phòng không; thua tăng nặng hơn, xe diệt tăng và trực thăng tấn công. | E16: Tăng nhẹ thân thấp dạng thuyền (lội nước), tháp nhỏ đặt lệch trước, nòng 57 mm dài và mảnh. Từ trên xuống: mũi vát như thuyền. Kích thước đề xuất khoảng 6.1 × 2.6 × 1.8 m (dài × rộng × cao; 0,8 × mẫu thật PT-76 / ZBD-05). Vũ khí nhìn thấy: S-60 57 mm (2A91), PKT / M240 7.62 mm. Vạch màu phe trên nóc và hai hông; không dùng phù hiệu, cờ hay logo quốc gia thật. | F16: có sẵn từ đầu | G16: Chương 1 | H16: 300 xu | I16: 3 | J16: 1012 | K16: 2/1/0/0 | L16: 9 | M16: 30 | N16: 54 | O16: 20 | P16: 12 | Q16: 23 | R16: =IFERROR(O16/I16,"") | S16: =IFERROR(J16/I16,"") | T16: 354 | U16: 90 | V16: 47 | W16: 2 | X16: 114 | Y16: 57% | Z16: 45 | AA16: 0.48 | AB16: PT-76, ZBD-05, AU-220M 57 mm (mô-đun không người lái) — Xe tăng nhẹ lội nước, mô-đun 57 mm đặt lệch về trước | AC16: giáp 0, giáp 1, giáp 2 | AD16: lửa, pháo tự động, nổ mạnh, năng lượng, đánh nóc, nổ lõm, pháo xe tăng | AE16: pháo 57 mm xuyên giáp vừa chạy vừa bắn, tầm ngắn nhất trong các xe tăng; súng đồng trục bắn máy bay khi mặt đất đã sạch. | AF16: Vừa chạy vừa bắn; Tăng phun lửa | AG16: S-60 57 mm (2A91) [Động năng, xuyên 2, đạn pháo động năng] 77/phát · hồi 2.53 s · tầm 28 m · Mặt đất PKT / M240 7.62 mm [Động năng, xuyên 0, đạn súng] 6/phát · băng 41 viên, 12 viên/s, thay 1.59 s · tầm 20 m · Tất cả | AH16: • Vũ khí: 57 mm: 77/phát · loạt 2 phát ở 2 phát/s · nghỉ 3,5 s · DPS duy trì ~35 • Tầm nhìn: 36 m | AI16: • Vũ khí: 57 mm: Pháo 57 mm tự động nhưng đang bắn như pháo nạp tay. • Tầm nhìn: Tăng nhẹ lội nước thường làm trinh sát cho tuyến. | AJ16: Thấp
A17: flame_tank | B17: Tăng phun lửa | C17: Xe tăng | D17: súng phun lửa phải áp sát mới bắn; luồng lửa lan ra cả nhóm, cực mạnh với xe nhẹ và lô cốt. thiêu rụi xe nhẹ, trinh sát và tháp canh khi áp sát; xe tăng và mọi thứ bắn xa hơn hạ nó trước khi tới nơi. | E17: Tăng thân T-55, tháp tròn, vòi phun ngắn to thay nòng pháo, 2 bình nhiên liệu bọc giáp trên sàn sau. Từ trên xuống: vòi ngắn, hai bình tròn đỏ sẫm ở đuôi. Kích thước đề xuất khoảng 7.2 × 2.6 × 1.9 m (dài × rộng × cao; 0,8 × mẫu thật TO-55 (khung T-55)). Vũ khí nhìn thấy: flamethrower, PKT / M240 7.62 mm. Vạch màu phe trên nóc và hai hông; không dùng phù hiệu, cờ hay logo quốc gia thật. | F17: thắng màn mở khóa trong chiến dịch, hoặc mua sớm 1.050 xu | G17: Chương 2 | H17: 300 xu | I17: 5 | J17: 1320 | K17: 3/2/1/1 | L17: 6.5 | M17: 26 | N17: 143 | O17: 40 | P17: 12 | Q17: 54 | R17: =IFERROR(O17/I17,"") | S17: =IFERROR(J17/I17,"") | T17: 587 | U17: 133 | V17: 53 | W17: 2 | X17: 105 | Y17: 48% | Z17: 50 | AA17: 0.66 | AB17: M67 Zippo, TO-55 · Flame Tank (Command & Conquer) — ước đoán: xe tăng phun lửa, thùng nhiên liệu bọc giáp sau tháp | AC17: giáp 0, giáp 1, giáp 2 | AD17: nổ mạnh, đánh nóc, nổ lõm, pháo xe tăng | AE17: súng phun lửa phải áp sát mới bắn; luồng lửa lan ra cả nhóm, cực mạnh với xe nhẹ và lô cốt. | AF17: Vừa chạy vừa bắn; Xe tăng rùa | AG17: flamethrower [Lửa, xuyên 1, lửa nổ lan] 24/phát · hồi 0.25 s · tầm 13 m · Mặt đất PKT / M240 7.62 mm [Động năng, xuyên 0, đạn súng] 6/phát · băng 41 viên, 12 viên/s, thay 1.59 s · tầm 20 m · Tất cả | AH17: • Vũ khí: súng phun lửa: sát thương −10% lên xe nhẹ; giữ giá 5 CP | AI17: • Vũ khí: súng phun lửa: Mạnh nhất theo CP khi đánh gần xe nhẹ; nhưng yếu với tăng và công sự nên giữ giá. | AJ17: Thấp
A20: rocket_technical | B20: Bán tải rốc-két | C20: Pháo binh | D20: dừng lại rồi phóng một loạt tám rốc-két khá tản mát tới 48 m; hết sáu loạt phải đứng yên nạp lại. Có thêm súng máy. phá tháp canh và cụm địch với giá rẻ; chết trước gần như mọi khẩu súng với tới nó. | E20: Bán tải dân sự, giàn rốc-két 12 ống nhỏ trên thùng sau. Từ trên xuống: lưới ống tròn nhỏ ở thùng sau. Kích thước đề xuất khoảng 4.2 × 1.4 × 1.6 m (dài × rộng × cao; 0,8 × mẫu thật Toyota Hilux + Type 63). Vũ khí nhìn thấy: Type 63 107 mm, M2 Browning 12.7 mm. Vạch màu phe trên nóc và hai hông; không dùng phù hiệu, cờ hay logo quốc gia thật. | F20: thắng màn mở khóa trong chiến dịch, hoặc mua sớm 750 xu | G20: Chương 1 | H20: 300 xu | I20: 3 | J20: 506 | K20: cấp 0 (Không giáp) | L20: 13 | M20: 30 | N20: 71 | O20: 38 | P20: 16 | Q20: 35 | R20: =IFERROR(O20/I20,"") | S20: =IFERROR(J20/I20,"") | T20: 204 | U20: 184 | V20: 322 | W20: 2 | X20: 38 | Y20: 48% | Z20: 51 | AA20: 0.56 | AB20: Toyota Hilux 'technical', Type 63 107 mm — Xe bán tải dân sự gắn giàn rốc-két 12 ống | AC20: giáp 0, giáp 1, giáp 2, công trình | AD20: súng bộ binh, súng máy hạng nặng, lửa, mảnh, pháo tự động, nổ mạnh, năng lượng, nổ lõm, pháo xe tăng | AE20: dừng lại rồi phóng một loạt tám rốc-két khá tản mát tới 48 m; hết sáu loạt phải đứng yên nạp lại. Có thêm súng máy. | AF20: Dừng lại mới bắn, từ 12-48 m; cần ta nhìn thấy mục tiêu (tự nó hoặc quân bạn); Hết đạn thì nạp lại tại chỗ, hoặc tới Xe tiếp đạn hay về nhà khi nhanh hơn; Xe súng cối | AG20: Type 63 107 mm [Nổ mạnh, xuyên 2, rốc-két đánh nóc] nổ lan/phát · 50 · tầm loạt 5, hồi 5.1 s · 48 m (tối thiểu 12) M2 Browning 12.7 mm [Động năng, xuyên 1, đạn súng (cỡ lớn)] 10/phát · băng 28 viên, 9 viên/s, thay 1.94 s · tầm 13 m · Tất cả | AH20: Giữ. | AI20: Giá trị thực chiến nằm trong khoảng mục tiêu (hiệu quả 0.56 × trung vị vai trò). | AJ20: Thấp
A21: mortar_carrier | B21: Xe súng cối | C21: Pháo binh | D21: dừng lại rồi bắn đạn cối 120 mm nổ mạnh qua tường và nhà; tầm nhìn ngắn nên bắn vào mục tiêu đồng đội phát hiện. tốt với tháp canh, xe diệt tăng và thiết giáp đứng yên; bó tay khi bị áp sát. | E21: Khung M113, cửa nóc sau mở rộng, cối 120 mm chĩa lên qua cửa. Từ trên xuống: lỗ cửa nóc lớn và nòng cối. Kích thước đề xuất khoảng 3.9 × 2.2 × 2.0 m (dài × rộng × cao; 0,8 × mẫu thật M1064 (M113)). Vũ khí nhìn thấy: 2B11 120 mm, M2 Browning 12.7 mm. Vạch màu phe trên nóc và hai hông; không dùng phù hiệu, cờ hay logo quốc gia thật. | F21: thắng màn mở khóa trong chiến dịch, hoặc mua sớm 900 xu | G21: Chương 1 | H21: 300 xu | I21: 4 | J21: 704 | K21: 1/0/0/0 | L21: 8 | M21: 26 | N21: 65 | O21: 33 | P21: 16 | Q21: 41 | R21: =IFERROR(O21/I21,"") | S21: =IFERROR(J21/I21,"") | T21: 280 | U21: 307 | V21: 342 | W21: 4 | X21: 206 | Y21: 78% | Z21: 77 | AA21: 0.72 | AB21: M1064 (M113 mang cối 120 mm), 2B11 120 mm — Xe bọc thép M113 bắn cối qua cửa nóc | AC21: giáp 0, giáp 1, giáp 2, công trình | AD21: súng máy hạng nặng, lửa, pháo tự động, nổ mạnh, năng lượng, đánh nóc, nổ lõm, pháo xe tăng | AE21: dừng lại rồi bắn đạn cối 120 mm nổ mạnh qua tường và nhà; tầm nhìn ngắn nên bắn vào mục tiêu đồng đội phát hiện. | AF21: Dừng lại mới bắn, từ 10-55 m; cần ta nhìn thấy mục tiêu (tự nó hoặc quân bạn); Hết đạn thì nạp lại tại chỗ, hoặc tới Xe tiếp đạn hay về nhà khi nhanh hơn; Pháo tự hành | AG21: 2B11 120 mm [Nổ mạnh, xuyên 2, đạn pháo nổ mạnh (cối) đánh nóc] nổ lan/phát · 150 · tầm hồi 5.827 s · 55 m (tối thiểu 10) M2 Browning 12.7 mm [Động năng, xuyên 1, đạn súng (cỡ lớn)] 10/phát · băng 28 viên, 9 viên/s, thay 2.02 s · tầm 18 m · Tất cả | AH21: • Vũ khí: cối 120 mm: 0,2 phát/s | AI21: • Vũ khí: cối 120 mm: Cối 120 bắn nhanh ngoài đời; cảm giác "mưa cối". | AJ21: Thấp
A22: artillery | B22: Pháo tự hành | C22: Pháo binh | D22: dừng lại, nã ba quả đạn 155 mm nổ mạnh cầu vồng qua vật cản rồi dời 15–20 m mới bắn tiếp, nên đạn phản pháo rơi vào chỗ phá công sự, tăng hạng nặng và xe diệt tăng từ xa, bắn mục tiêu bị đánh dấu (chỉ thị la-de, radar phản pháo, UAV quét) gần như | E22: Lựu pháo tự hành xích (M109A7): tháp lớn vuông phía sau, nòng 155 mm rất dài (hơn nửa chiều dài xe), giá đỡ nòng ở mũi. Từ trên xuống: tháp to, nòng dài vượt mũi xe. Kích thước đề xuất khoảng 7.8 × 3.1 × 2.9 m (dài × rộng × cao; 0,8 × mẫu thật M109A7 (đề xuất đổi từ CAESAR)). Vũ khí nhìn thấy: M284 155 mm, M2 Browning 12.7 mm. Vạch màu phe trên nóc và hai hông; không dùng phù hiệu, cờ hay logo quốc gia thật. | F22: có sẵn từ đầu | G22: Chương 2 | H22: 300 xu | I22: 6 | J22: 660 | K22: 1/0/0/0 | L22: 7 | M22: 30 | N22: 72 | O22: 40 | P22: 16 | Q22: 0 | R22: =IFERROR(O22/I22,"") | S22: =IFERROR(J22/I22,"") | T22: 269 | U22: 265 | V22: 397 | W22: 0 | X22: 271 | Y22: 84% | Z22: 90 | AA22: 0.74 | AB22: CAESAR 155 mm, M284 155 mm (M109A6/A7) — Lựu pháo tự hành bánh lốp 6x6, nòng 155 mm đặt sau sàn xe | AC22: giáp 0, giáp 1, giáp 2, giáp 3, công trình | AD22: súng máy hạng nặng, lửa, pháo tự động, nổ mạnh, năng lượng, đánh nóc, nổ lõm, pháo xe tăng | AE22: dừng lại, nã ba quả đạn 155 mm nổ mạnh cầu vồng qua vật cản rồi dời 15–20 m mới bắn tiếp, nên đạn phản pháo rơi vào chỗ | AF22: Dừng lại mới bắn, từ 25-90 m; cần ta nhìn thấy mục tiêu (tự nó hoặc quân bạn); Bắn 3 loạt rồi dời vị trí 15-20 m; Hết đạn thì nạp lại tại chỗ, hoặc tới Xe tiếp đạn hay về nhà khi nhanh hơn; Pháo phản lực | AG22: M284 155 mm [Nổ mạnh, xuyên 3, đạn pháo nổ mạnh đánh nóc] nổ lan/phát · 320 · tầm hồi 10.23 s · 90 m (tối thiểu 25) M2 Browning 12.7 mm [Động năng, xuyên 1, đạn súng (cỡ lớn)] 10/phát · băng 28 viên, 9 viên/s, thay 2.02 s · tầm 15 m · Tất cả | AH22: • Vũ khí: lựu pháo 155 mm: 0,14 phát/s · bắn 3 loạt rồi dời vị trí (giữ) • Model và tham khảo: Đổi model sang M109A7 xích; giáp trước 1→2; tốc độ 7→6 | AI22: • Vũ khí: lựu pháo 155 mm: Pháo tự hành đang kém hẳn pháo phản lực 6 CP (331 so với 510 theo vai trò). • Model và tham khảo: Để CAESAR cho thẻ "Pháo bánh lốp bắn rồi chạy" sau này, không vướng danh sách giữ lại. | AJ22: Cao
A23: mlrs | B23: Pháo phản lực | C23: Pháo binh | D23: dừng lại rồi phóng một loạt sáu rốc-két chính xác từ tới 110 m; sau bốn loạt phải đứng yên nạp đạn. phá công sự, tăng hạng nặng và trận địa pháo từ ngoài tầm với; bất kỳ xe nhanh nào áp sát cũng hạ được nó. | E23: Xe tải 6 bánh, khối 6 ống phóng hình hộp lớn phía sau có thể nâng xoay. Từ trên xuống: hộp phóng chữ nhật chiếm nửa sau. Kích thước đề xuất khoảng 5.6 × 1.9 × 2.6 m (dài × rộng × cao; 0,8 × mẫu thật M142 HIMARS). Vũ khí nhìn thấy: M31 GMLRS 227 mm, M2 Browning 12.7 mm. Vạch màu phe trên nóc và hai hông; không dùng phù hiệu, cờ hay logo quốc gia thật. | F23: thắng màn mở khóa trong chiến dịch, hoặc mua sớm 1.200 xu | G23: Chương 4 | H23: 800 xu | I23: 6 | J23: 704 | K23: 1/0/0/0 | L23: 6 | M23: 30 | N23: 79 | O23: 47 | P23: 16 | Q23: 8 | R23: =IFERROR(O23/I23,"") | S23: =IFERROR(J23/I23,"") | T23: 267 | U23: 452 | V23: 568 | W23: 0 | X23: 426 | Y23: 82% | Z23: 90 | AA23: 1.14 | AB23: M142 HIMARS, M270 MLRS, M31 GMLRS 227 mm — Xe phóng rốc-két, nâng khối ống lên để bắn | AC23: giáp 0, giáp 1, giáp 2, giáp 3, công trình | AD23: súng máy hạng nặng, lửa, pháo tự động, nổ mạnh, năng lượng, đánh nóc, nổ lõm, pháo xe tăng | AE23: dừng lại rồi phóng một loạt sáu rốc-két chính xác từ tới 110 m; sau bốn loạt phải đứng yên nạp đạn. | AF23: Dừng lại mới bắn, từ 20-110 m; cần ta nhìn thấy mục tiêu (tự nó hoặc quân bạn); Hết đạn thì nạp lại tại chỗ, hoặc tới Xe tiếp đạn hay về nhà khi nhanh hơn; Xe phóng Shahed | AG23: M31 GMLRS 227 mm [Nổ mạnh, xuyên 3, rốc-két (cỡ lớn) đánh nóc] nổ lan/phát · 100 · tầm loạt 5, hồi 9.944 s · 110 m (tối thiểu 20) M2 Browning 12.7 mm [Động năng, xuyên 1, đạn súng (cỡ lớn)] 10/phát · băng 28 viên, 9 viên/s, thay 2.02 s · tầm 15 m · Tất cả | AH23: • Hành vi: Bắn xong một loạt thì dời vị trí 15–20 m (như Pháo tự hành) • Giá: 7 CP | AI23: • Hành vi: HIMARS nổi tiếng với chiến thuật bắn rồi chạy. • Giá: Mạnh hơn pháo tự hành cùng giá; HIMARS ngoài đời đắt hơn lựu pháo. | AJ23: Trung
A24: shahed_truck | B24: Xe phóng Shahed | C24: Pháo binh | D24: dừng lại rồi phóng lần lượt từng chiếc drone cảm tử bay chậm xa tới 150 m, vài giây một chiếc, chuyên đánh công trình. phá tháp canh, ụ pháo và pháo binh đứng yên ở xa; APS và la-de phòng không bắn hạ drone chậm, xe gây nhiễu làm chúng lạc. | E24: Xe tải mang giàn 5 ray nghiêng, mỗi ray một drone cánh tam giác trắng. Từ trên xuống: 5 tam giác xếp cạnh nhau. Kích thước đề xuất khoảng 6.4 × 2.0 × 2.8 m (dài × rộng × cao; 0,8 × mẫu thật xe tải phóng Shahed). Vũ khí nhìn thấy: Shahed-136 (50 kg), M2 Browning 12.7 mm. Vạch màu phe trên nóc và hai hông; không dùng phù hiệu, cờ hay logo quốc gia thật. | F24: thắng màn mở khóa trong chiến dịch, hoặc mua sớm 1.500 xu | G24: Chương 5 | H24: 800 xu | I24: 8 | J24: 880 | K24: 1/0/0/0 | L24: 8 | M24: 30 | N24: 79 | O24: 47 | P24: 16 | Q24: 67 | R24: =IFERROR(O24/I24,"") | S24: =IFERROR(J24/I24,"") | T24: 178 | U24: 427 | V24: 516 | W24: 0 | X24: 336 | Y24: 83% | Z24: 90 | AA24: 1.05 | AB24: Shahed-136 (Geran-2) — Xe tải phóng drone cánh tam giác Shahed trên giàn 5 ray | AC24: giáp 0, giáp 1, giáp 2, giáp 3, công trình | AD24: súng máy hạng nặng, lửa, pháo tự động, nổ mạnh, năng lượng, đánh nóc, nổ lõm, pháo xe tăng | AE24: dừng lại rồi phóng lần lượt từng chiếc drone cảm tử bay chậm xa tới 150 m, vài giây một chiếc, chuyên đánh công trình. | AF24: Dừng lại mới bắn, từ 20-150 m; cần ta nhìn thấy mục tiêu (tự nó hoặc quân bạn); Hết đạn thì nạp lại tại chỗ, hoặc tới Xe tiếp đạn hay về nhà khi nhanh hơn; Pháo phản lực nhiệt áp | AG24: Shahed-136 (50 kg) [Nổ mạnh, xuyên 3, drone (Shahed) đánh nóc] dẫn đường/phát · nổ lan · tầm 344 · hồi 8.5 s M2 Browning 12.7 mm [Động năng, xuyên 1, đạn súng (cỡ lớn)] 10/phát · băng 28 viên, 9 viên/s, thay 2.02 s · tầm 15 m · Tất cả | AH24: • Vũ khí: Shahed-136: nổ lan 4,5 m | AI24: • Vũ khí: Shahed-136: Đầu nổ 40–50 kg phải nổ nhỏ hơn bom SDB và FAB-250. | AJ24: Thấp
A25: thermobaric_launcher | B25: Pháo phản lực nhiệt áp | C25: Pháo binh | D25: dừng lại rồi phóng 12 rốc-két nhiệt áp phủ kín một vùng cách 12–38 m; bốn loạt rồi phải đứng yên nạp lại. quét sạch cụm địch, tháp canh và mọi thứ đứng dồn; phải tiến khá gần, dễ bị máy bay bắt. | E25: Khung T-72, khối 24 ống phóng lớn hình hộp đặt trên bệ nâng giữa thân. Từ trên xuống: khối ống vuông to. Kích thước đề xuất khoảng 7.6 × 2.9 × 1.8 m (dài × rộng × cao; 0,8 × mẫu thật TOS-1A). Vũ khí nhìn thấy: TOS-1A 220 mm thermobaric, M2 Browning 12.7 mm. Vạch màu phe trên nóc và hai hông; không dùng phù hiệu, cờ hay logo quốc gia thật. | F25: thắng màn mở khóa trong chiến dịch, hoặc mua sớm 1.500 xu | G25: Chương 7 | H25: 1.500 xu | I25: 8 | J25: 1980 | K25: 3/2/1/1 | L25: 5.5 | M25: 30 | N25: 93 | O25: 61 | P25: 16 | Q25: 111 | R25: =IFERROR(O25/I25,"") | S25: =IFERROR(J25/I25,"") | T25: 349 | U25: 299 | V25: 745 | W25: 3 | X25: 223 | Y25: 54% | Z25: 78 | AA25: 1.16 | AB25: TOS-1A Solntsepyok (khung T-72) — Giàn phóng rốc-két nhiệt áp 24 ống trên khung xe tăng | AC25: giáp 0, giáp 1, giáp 2, giáp 3, công trình | AD25: nổ mạnh, đánh nóc, nổ lõm, pháo xe tăng | AE25: dừng lại rồi phóng 12 rốc-két nhiệt áp phủ kín một vùng cách 12–38 m; bốn loạt rồi phải đứng yên nạp lại. | AF25: Dừng lại mới bắn, từ 12-48 m; cần ta nhìn thấy mục tiêu (tự nó hoặc quân bạn); Hết đạn thì nạp lại tại chỗ, hoặc tới Xe tiếp đạn hay về nhà khi nhanh hơn; Xe phóng tên lửa đạn đạo | AG25: TOS-1A 220 mm thermobaric [Nổ mạnh, xuyên 3, rốc-két (cỡ lớn) đánh nóc] nổ lan/phát · Nhiệt áp · tầm 97 · loạt 9, hồi 10.55 s M2 Browning 12.7 mm [Động năng, xuyên 1, đạn súng (cỡ lớn)] 10/phát · băng 28 viên, 9 viên/s, thay 2.02 s · tầm 18 m · Tất cả | AH25: • Giá: 9 CP | AI25: • Giá: Mạnh nhất nhóm pháo với công sự sau khi sửa hệ số nhiệt áp. | AJ25: Thấp
A26: ballistic_launcher | B26: Xe phóng tên lửa đạn đạo | C26: Pháo binh | D26: dừng lại rồi phóng một cặp tên lửa đạn đạo vào mục tiêu cách 40–180 m, mỗi quả nổ cực lớn; hai cặp rồi nạp lại lâu. xóa sổ công sự, trận địa pháo và cụm quân đông; bắn chậm và bó tay khi bị áp sát. | E26: Xe 8 bánh dài, một tên lửa lớn nằm trong vỏ trên sàn, dựng thẳng đứng khi phóng. Từ trên xuống: tên lửa dài giữa thân. Kích thước đề xuất khoảng 10.5 × 2.5 × 2.6 m (dài × rộng × cao; 0,8 × mẫu thật 9K720 Iskander). Vũ khí nhìn thấy: 9M723 Iskander (700 kg), M2 Browning 12.7 mm. Vạch màu phe trên nóc và hai hông; không dùng phù hiệu, cờ hay logo quốc gia thật. | F26: thẻ cao cấp, mua 5.000 xu | G26: Chương 8 | H26: 1.500 xu | I26: 11 | J26: 990 | K26: 1/0/0/0 | L26: 6.5 | M26: 26 | N26: 86 | O26: 54 | P26: 16 | Q26: 77 | R26: =IFERROR(O26/I26,"") | S26: =IFERROR(J26/I26,"") | T26: 332 | U26: 309 | V26: 545 | W26: 0 | X26: 361 | Y26: 82% | Z26: 90 | AA26: 0.95 | AB26: 9K720 Iskander (9M723) — Xe phóng tên lửa đạn đạo, dựng đứng tên lửa khi phóng | AC26: giáp 0, giáp 1, giáp 2, giáp 3, giáp 4, công trình | AD26: súng máy hạng nặng, lửa, pháo tự động, nổ mạnh, năng lượng, đánh nóc, nổ lõm, pháo xe tăng | AE26: dừng lại rồi phóng một cặp tên lửa đạn đạo vào mục tiêu cách 40–180 m, mỗi quả nổ cực lớn; hai cặp rồi nạp lại lâu. | AF26: Dừng lại mới bắn, từ 40-180 m; cần ta nhìn thấy mục tiêu (tự nó hoặc quân bạn); Hết đạn thì nạp lại tại chỗ, hoặc tới Xe tiếp đạn hay về nhà khi nhanh hơn; Pháo phản lực hạng nặng | AG26: 9M723 Iskander (700 kg) [Nổ mạnh, xuyên 4, tên lửa đạn đạo đánh nóc] nổ lan/phát · 630 · tầm loạt 2, hồi 21.21 s · 180 m (tối thiểu 40) M2 Browning 12.7 mm [Động năng, xuyên 1, đạn súng (cỡ lớn)] 10/phát · băng 28 viên, 9 viên/s, thay 2.02 s · tầm 15 m · Tất cả | AH26: • Vũ khí: Iskander: tốc độ 50 (bay 3,6 s) · nổ lan 10 m | AI26: • Vũ khí: Iskander: Tên lửa đạn đạo phải là thứ nhanh nhất; vẫn đủ thời gian cho PAC-3 đánh chặn. | AJ26: Trung
A27: heavy_rocket_artillery | B27: Pháo phản lực hạng nặng | C27: Pháo binh | D27: dừng lại rồi phóng 12 rốc-két 300 mm vào vùng cách 30–140 m, sức nổ lớn; ba loạt rồi nạp lại lâu tại chỗ. đánh công sự, pháo binh và cụm thiết giáp từ bên kia bản đồ; không có khả năng tự vệ khi bị áp sát. | E27: Xe 8 bánh dài, khối 12 ống phóng cỡ lớn (300 mm) phía sau. Từ trên xuống: 12 ống tròn to xếp 3 hàng. Kích thước đề xuất khoảng 9.7 × 2.4 × 2.4 m (dài × rộng × cao; 0,8 × mẫu thật BM-30 Smerch). Vũ khí nhìn thấy: 9M55 Smerch 300 mm, M2 Browning 12.7 mm. Vạch màu phe trên nóc và hai hông; không dùng phù hiệu, cờ hay logo quốc gia thật. | F27: thắng màn mở khóa trong chiến dịch, hoặc mua sớm 1.950 xu | G27: Chương 8 | H27: 1.500 xu | I27: 11 | J27: 924 | K27: 1/0/0/0 | L27: 6.5 | M27: 30 | N27: 110 | O27: 78 | P27: 16 | Q27: 113 | R27: =IFERROR(O27/I27,"") | S27: =IFERROR(J27/I27,"") | T27: 315 | U27: 401 | V27: 642 | W27: 0 | X27: 430 | Y27: 82% | Z27: 90 | AA27: 1.16 | AB27: BM-30 Smerch (9M55 300 mm) — Xe phóng rốc-két 300 mm 8x8, 12 ống | AC27: giáp 0, giáp 1, giáp 2, giáp 3, công trình | AD27: súng máy hạng nặng, lửa, pháo tự động, nổ mạnh, năng lượng, đánh nóc, nổ lõm, pháo xe tăng | AE27: dừng lại rồi phóng 12 rốc-két 300 mm vào vùng cách 30–140 m, sức nổ lớn; ba loạt rồi nạp lại lâu tại chỗ. | AF27: Dừng lại mới bắn, từ 30-140 m; cần ta nhìn thấy mục tiêu (tự nó hoặc quân bạn); Hết đạn thì nạp lại tại chỗ, hoặc tới Xe tiếp đạn hay về nhà khi nhanh hơn; Tăng công thành | AG27: 9M55 Smerch 300 mm [Nổ mạnh, xuyên 3, rốc-két (cỡ lớn) đánh nóc] nổ lan/phát · 145 · tầm loạt 11, hồi 15.76 s · 140 m (tối thiểu 30) M2 Browning 12.7 mm [Động năng, xuyên 1, đạn súng (cỡ lớn)] 10/phát · băng 28 viên, 9 viên/s, thay 2.02 s · tầm 15 m · Tất cả | AH27: • Vũ khí: Smerch 300 mm: tốc độ 55 (bay 2,5 s) • Giá: 12 CP | AI27: • Vũ khí: Smerch 300 mm: Rốc-két cỡ lớn bay nhanh và xa nhất; hiện chậm ngược. • Giá: Mạnh hơn đạn đạo cùng giá. | AJ27: Thấp
... A40: attack_helicopter | B40: Trực thăng tấn công | C40: Trực thăng · bay | D40: tên lửa chống tăng Hellfire Longbow bắn cặp từ 55 m; nó treo ở rìa tầm đó, vòng sang phía tránh phòng không tầm ngắn; pháo 30 hạ xe tăng, tăng nặng và pháo binh từ ngoài tầm pháo cao xạ và tên lửa tầm ngắn; tên lửa phòng không tầm xa, Patriot và tiêm | E40: Trực thăng tấn công thân hẹp, 2 buồng lái nối tiếp, cánh ngắn hai bên mang tên lửa và rốc-két, pháo dưới mũi, rô-to 4 cánh. Từ trên xuống: thân mảnh, cánh ngắn chữ thập. Kích thước đề xuất khoảng 7.1 × 5.8 × 1.8 m (dài × rộng × cao; 0,4 × mẫu thật AH-64D Apache). Vũ khí nhìn thấy: AGM-114L Hellfire Longbow, M230 30 mm, Hydra 70 mm, FIM-92 Stinger (ATAS). Vạch màu phe trên nóc và hai hông; không dùng phù hiệu, cờ hay logo quốc gia thật. | F40: thắng màn mở khóa trong chiến dịch, hoặc mua sớm 1.950 xu | G40: Chương 3 | H40: 300 xu | I40: 11 | J40: 1760 | K40: cấp 1 (Mỏng) | L40: 13 | M40: 40 | N40: 166 | O40: 104 | P40: 40 | Q40: 110 | R40: =IFERROR(O40/I40,"") | S40: =IFERROR(J40/I40,"") | T40: 336 | U40: 422 | V40: 257 | W40: 150 | X40: 353 | Y40: 87% | Z40: 87 | AA40: 0.66 | AB40: AH-64D Apache Longbow, AGM-114L Hellfire Longbow, Ka-52 Alligator (model thay thế) — Trực thăng tấn công hai chỗ ngồi nối | AC40: giáp 0, giáp 1, giáp 2, giáp 3, giáp 4, trên không, công trình | AD40: mảnh, năng lượng | AE40: tên lửa chống tăng Hellfire Longbow bắn cặp từ 55 m; nó treo ở rìa tầm đó, vòng sang phía tránh phòng không tầm ngắn; pháo 30 | AF40: Treo trên không ở rìa tầm bắn và nhả đạn; Ưu tiên xe tăng, tăng hạng nặng, pháo binh; Hết đạn thì làm xong lượt tấn công, rồi ra vòng chờ sau tuyến quân ta; quay lại khi hồi được; một nửa; Máu thấp thì bay về Bãi đáp (không có thì về sở chỉ huy) để sửa; Pháo sáng: khi có tên lửa lao tới (mỗi 20 giây); Tiêm kích | AG40: AGM-114L Hellfire Longbow [Nổ lõm, xuyên 4, tên lửa chống tăng dẫn đường] 260/phát · loạt 2, hồi 7.1 s · tầm 55 m · Mặt đất M230 30 mm [Động năng, xuyên 2, đạn pháo động năng (pháo tự động)] 22/phát · băng 21 viên, 4 viên/s, thay 1 s · tầm 26 m · Tất cả Hydra 70 mm [Nổ mạnh, xuyên 2, rốc-két nổ lan] 30/phát · loạt 11, hồi 7.31 s · tầm 30 m · Mặt đất FIM-92 Stinger (ATAS) [Mảnh, xuyên 2, tên lửa phòng không dẫn đường] nổ lan/phát · 178 · tầm hồi 9.07 s · 30 m | AH40: • Giá: 9 CP • Vũ khí: Hellfire, Stinger ATAS: Hellfire 26 (bay 2,1 s ở 55 m) · ATAS 42 | AI40: • Giá: Yếu hơn các trực thăng khác tính theo CP. • Vũ khí: Hellfire, Stinger ATAS: Thống nhất Hellfire mọi nơi; ATAS đủ nhanh để bắn trực thăng địch. | AJ40: Cao
A41: fighter_jet | B41: Tiêm kích | C41: Máy bay · bay | D41: tên lửa không đối không từ 60 m, tên lửa cận chiến và pháo; đánh chặn máy bay địch ở xa vị trí gác, có thể lơ lửng để bắn. khắc tinh của trực thăng, oanh tạc cơ và mọi máy bay; gần như vô hại với mặt đất, vẫn sợ tên lửa phòng không. | E41: Tiêm kích 2 động cơ, 2 đuôi đứng, cánh tam giác cắt, tên lửa dưới cánh. Dài hơn Cường kích rõ rệt. Từ trên xuống: mũi dài nhọn, 2 đuôi. Kích thước đề xuất khoảng 8.8 × 5.9 × 2.4 m (dài × rộng × cao; 0,4 × mẫu thật Su-27). Vũ khí nhìn thấy: AIM-120 AMRAAM, AIM-9X Sidewinder, GAU-22/A 25 mm. Vạch màu phe trên nóc và hai hông; không dùng phù hiệu, cờ hay logo quốc gia thật. | F41: thắng màn mở khóa trong chiến dịch, hoặc mua sớm 2.100 xu | G41: Chương 3 (khi Hawk gia nhập) | H41: 300 xu | I41: 12 | J41: 1144 | K41: cấp 0 (Không giáp) | L41: 40 | M41: 72 | N41: 67 | O41: 33 | P41: 269 | Q41: 11 | R41: =IFERROR(O41/I41,"") | S41: =IFERROR(J41/I41,"") | T41: 0 | U41: 0 | V41: 0 | W41: 351 | X41: 0 | Y41: 11% | Z41: 52 | AB41: Su-27 Flanker, F-15 Eagle, AIM-120 AMRAAM, AIM-9X Sidewinder — Tiêm kích chiếm ưu thế trên không hai động cơ | AC41: giáp 0, trên không | AD41: mảnh, năng lượng | AE41: tên lửa không đối không từ 60 m, tên lửa cận chiến và pháo; đánh chặn máy bay địch ở xa vị trí gác, có thể lơ lửng để bắn. | AF41: Săn máy bay địch; Sau mỗi lượt nó vòng lại và vào lượt mới; Ưu tiên máy bay; Hết đạn thì làm xong lượt tấn công, rồi ra vòng chờ sau tuyến quân ta; quay lại khi hồi được; một nửa; Máu thấp thì bay về Bãi đáp (không có thì về sở chỉ huy) để sửa; Pháo sáng: khi có tên lửa lao tới (mỗi 16 giây); Tiêm kích tàng hình | AG41: AIM-120 AMRAAM [Mảnh, xuyên 3, tên lửa phòng không dẫn đường] nổ lan/phát · 294 · tầm hồi 3.99 s · 60 m AIM-9X Sidewinder [Mảnh, xuyên 2, tên lửa phòng không dẫn đường] nổ lan/phát · 231 · tầm hồi 2.12 s · 30 m GAU-22/A 25 mm [Mảnh, xuyên 2, đạn pháo động năng (pháo tự động)] 18/phát · băng 44 viên, 9 viên/s, thay 1 s · tầm 30 m · Tất cả | AH41: • Vũ khí: AIM-120, AIM-9X: AIM-120: 60 (bay 1 s) · AIM-9X: 55 | AI41: • Vũ khí: AIM-120, AIM-9X: Tên lửa phải bắt kịp mục tiêu nhanh nhất. | AJ41: Cao
A42: stealth_fighter | B42: Tiêm kích tàng hình | C42: Máy bay · bay | D42: tàng hình: địch chỉ thấy ở 40% tầm nhìn, và trong 2,5 giây sau mỗi lần khai hỏa; trạm radar, tháp canh và UAV quét làm lộ nó. Bốn dọn sạch bầu trời và SAM trước khi máy bay cường kích tới; mang ít đạn hơn tiêm kích thường nên về hồi đạn sớm hơn. | E42: Tiêm kích tàng hình mặt phẳng góc cạnh, 2 đuôi nghiêng ra ngoài, cửa hút khí vát, không treo vũ khí ngoài. Từ trên xuống: hình kim cương dẹt. Kích thước đề xuất khoảng 7.6 × 5.4 × 2.0 m (dài × rộng × cao; 0,4 × mẫu thật F-22 / Su-57). Vũ khí nhìn thấy: AIM-120 AMRAAM, GBU-39 SDB (110 kg), GAU-22/A 25 mm. Vạch màu phe trên nóc và hai hông; không dùng phù hiệu, cờ hay logo quốc gia thật. | F42: thắng màn mở khóa trong chiến dịch, hoặc mua sớm 2.400 xu | G42: Chương 7 | H42: 1.500 xu | I42: 14 | J42: 1056 | K42: cấp 0 (Không giáp) | L42: 40 | M42: 76 | N42: 84 | O42: 51 | P42: 230 | Q42: 37 | R42: =IFERROR(O42/I42,"") | S42: =IFERROR(J42/I42,"") | T42: 173 | U42: 176 | V42: 221 | W42: 219 | X42: 9 | Y42: 53% | Z42: 57 | AA42: 0.33 | AB42: F-22 Raptor, Su-57, GAU-22/A 25 mm — Tiêm kích tàng hình hai đuôi | AC42: giáp 0, giáp 1, giáp 2, giáp 3, trên không, công trình | AD42: mảnh, năng lượng | AE42: tàng hình: địch chỉ thấy ở 40% tầm nhìn, và trong 2,5 giây sau mỗi lần khai hỏa; trạm radar, tháp canh và UAV quét làm lộ nó. Bốn | AF42: Săn máy bay địch; Sau mỗi lượt nó vòng lại và vào lượt mới; Ưu tiên máy bay; Hết đạn thì làm xong lượt tấn công, rồi ra vòng chờ sau tuyến quân ta; quay lại khi hồi được; một nửa; Máu thấp thì bay về Bãi đáp (không có thì về sở chỉ huy) để sửa; Pháo sáng: khi có tên lửa lao tới (mỗi 16 giây); Khó phát hiện: địch chỉ thấy ở 40% tầm nhìn | AG42: AIM-120 AMRAAM [Mảnh, xuyên 3, tên lửa phòng không dẫn đường] nổ lan/phát · 294 · tầm hồi 3.99 s · 60 m GBU-39 SDB (110 kg) [Nổ mạnh, xuyên 3, bom dẫn đường đánh nóc] nổ lan/phát · 210 · tầm hồi 6.651 s · 30 m GAU-22/A 25 mm [Mảnh, xuyên 2, đạn pháo động năng (pháo tự động)] 18/phát · băng 44 viên, 9 viên/s, thay 1 s · tầm 30 m · Tất cả | AH42: • Vũ khí và giá: +1 AIM-120 mỗi lần đầy đạn; giá 14→13 | AI42: • Vũ khí và giá: Đắt hơn nhưng kém tiêm kích thường ở vai trò chính. | AJ42: Trung
A44: attack_jet | B44: Máy bay cường kích | C44: Máy bay · bay | D44: bổ nhào càn quét bằng pháo 30 mm, giàn rốc-két 80 mm và bom 250 kg, kèm hai tên lửa chống tăng Kh-29 từ 40 m; hai R-60 chỉ đập nát xe nhẹ, xe tăng, tăng nặng, pháo binh và công sự, chịu đòn tốt hơn máy bay khác; xe phòng không, tên lửa phòng không | E44: Cường kích cánh thẳng, 2 động cơ ở gốc cánh, nhiều giá treo dưới cánh. Từ trên xuống: cánh thẳng rộng, ngắn hơn tiêm kích. Kích thước đề xuất khoảng 6.2 × 5.8 × 1.9 m (dài × rộng × cao; 0,4 × mẫu thật Su-25). Vũ khí nhìn thấy: GSh-30-2 30 mm, S-8 80 mm, FAB-250 (250 kg), Kh-29L, R-60. Vạch màu phe trên nóc và hai hông; không dùng phù hiệu, cờ hay logo quốc gia thật. | F44: thắng màn mở khóa trong chiến dịch, hoặc mua sớm 2.700 xu | G44: Chương 7 | H44: 1.500 xu | I44: 16 | J44: 1870 | K44: cấp 2 (Vừa) | L44: 32 | M44: 50 | N44: 441 | O44: 244 | P44: 17 | Q44: 265 | R44: =IFERROR(O44/I44,"") | S44: =IFERROR(J44/I44,"") | T44: 781 | U44: 913 | V44: 526 | W44: 47 | X44: 84 | Y44: 54% | Z44: 60 | AA44: 1.27 | AB44: Su-25 Frogfoot, A-10 Thunderbolt II (model tank_buster), GSh-30-2 30 mm — Máy bay cường kích yểm trợ mặt đất | AC44: giáp 0, giáp 1, giáp 2, giáp 3, giáp 4, trên không, công trình | AD44: mảnh, năng lượng | AE44: bổ nhào càn quét bằng pháo 30 mm, giàn rốc-két 80 mm và bom 250 kg, kèm hai tên lửa chống tăng Kh-29 từ 40 m; hai R-60 chỉ | AF44: Bổ nhào xả hỏa lực vào mục tiêu, rồi vòng lại lượt khác; Sau mỗi lượt nó vòng lại và vào lượt mới; Bắn hết 94 viên thì thay băng; Ưu tiên xe bọc thép nhẹ, xe tăng, tăng hạng nặng, pháo binh, công sự; Hết đạn thì làm xong lượt tấn công, rồi ra vòng chờ sau tuyến quân ta; quay lại khi hồi được; một nửa; Máu thấp thì bay về Bãi đáp (không có thì về sở chỉ huy) để sửa; Pháo sáng: khi có tên lửa lao tới (mỗi 16 giây) | AG44: GSh-30-2 30 mm [Động năng, xuyên 2, đạn pháo động năng (pháo tự động)] 23/phát · băng 94 viên, 19 viên/s, thay 1 s · tầm 30 m · Mặt đất S-8 80 mm [Nổ mạnh, xuyên 2, rốc-két nổ lan] 32/phát · loạt 8, hồi 4.05 s · tầm 34 m · Mặt đất FAB-250 (250 kg) [Nổ mạnh, xuyên 2, bom thường đánh nóc] nổ lan/phát · 310 · tầm loạt 2, hồi 10.05 s · 26 m Kh-29L [Nổ lõm, xuyên 4, tên lửa chống tăng dẫn đường] 378/phát · hồi 7.86 s · tầm 40 m · Mặt đất R-60 [Mảnh, xuyên 2, tên lửa phòng không dẫn đường] nổ lan/phát · 184 · tầm hồi 7 s · 28 m | AH44: • Vũ khí: FAB-250: 1 quả • Vũ khí: Kh-29L, R-60: Kh-29L: 32 (bay 1,25 s) · R-60: 42 • Giá: 18 CP • Vũ khí: GSh-30-2: băng 70 viên, nạp 1,5 s | AI44: • Vũ khí: FAB-250: Giá trị lên công sự 1.156 cao nhất nhóm cùng giá. • Vũ khí: Kh-29L, R-60: Tên lửa không đối đất nặng và tên lửa không đối không đang chậm nhất game. • Giá: Mạnh nhất nhóm máy bay tính theo CP. • Vũ khí: GSh-30-2: Lần cân bằng 2: vẫn mạnh sau khi tăng giá và bớt bom. | AJ44: Cao
A45: stealth_bomber | B45: Máy bay ném bom tàng hình | C45: Máy bay · bay | D45: mỗi lượt thả ba quả bom cực lớn, phóng tên lửa JASSM từ 90 m; tàng hình: chỉ bị thấy ở gần hoặc ngay sau khi bắn. phá hủy công sự, tăng hạng nặng và pháo binh; một khi lộ diện, tên lửa phòng không và tiêm kích vẫn hạ được. | E45: Cánh bay hình chữ W răng cưa, không đuôi, rất rộng so với chiều dài. Từ trên xuống: hình boomerang răng cưa. Kích thước đề xuất khoảng 8.4 × 21.0 × 2.1 m (dài × rộng × cao; 0,4 × mẫu thật B-2 Spirit). Vũ khí nhìn thấy: GBU-31 JDAM (907 kg), AGM-158 JASSM (450 kg). Vạch màu phe trên nóc và hai hông; không dùng phù hiệu, cờ hay logo quốc gia thật. | F45: thẻ cao cấp, mua 5.000 xu | G45: Chương 10 | H45: 2.500 xu | I45: 18 | J45: 1980 | K45: cấp 0 (Không giáp) | L45: 28 | M45: 60 | N45: 114 | O45: 98 | P45: 0 | Q45: 157 | R45: =IFERROR(O45/I45,"") | S45: =IFERROR(J45/I45,"") | T45: 336 | U45: 546 | V45: 862 | W45: 0 | X45: 286 | Y45: 19% | Z45: 80 | AA45: 1 | AB45: B-2 Spirit, GBU-31 JDAM, AGM-158 JASSM — Máy bay ném bom tàng hình cánh bay | AC45: giáp 0, giáp 1, giáp 2, giáp 3, giáp 4, công trình | AD45: mảnh, năng lượng | AE45: mỗi lượt thả ba quả bom cực lớn, phóng tên lửa JASSM từ 90 m; tàng hình: chỉ bị thấy ở gần hoặc ngay sau khi bắn. | AF45: Bay qua mục tiêu và thả bom theo lượt; Sau mỗi lượt nó vòng lại và vào lượt mới; Ưu tiên cụm xe và công trình; không ném bom gần quân ta; Chỉ vào lượt ném khi có đủ 2/3 số bom; thiếu thì chờ ở vòng chờ; Máu thấp thì bay về Bãi đáp (không có thì về sở chỉ huy) để sửa; Pháo sáng: khi có tên lửa lao tới (mỗi 11 giây); Khó phát hiện: địch chỉ thấy ở 40% tầm nhìn; Oanh tạc cơ hạng nặng | AG45: GBU-31 JDAM (907 kg) [Nổ mạnh, xuyên 4, bom hạng nặng đánh nóc] nổ lan/phát · 892 · tầm loạt 2, hồi 14 s · 30 m AGM-158 JASSM (450 kg) [Nổ mạnh, xuyên 3, tên lửa hành trình dẫn đường] nổ lan/phát · 410 · tầm loạt 2, hồi 9.24 s · 90 m | AH45: • Giá: 21 CP • Vũ khí: JASSM: nổ lan 9 m · tốc độ 20 (bay 4,5 s, đủ để bị đánh chặn) | AI45: • Giá: Máy bay ném bom tàng hình đắt nhất thế giới lại rẻ hơn B-52; hiệu quả sau đổi giá vẫn gần trung vị. • Vũ khí: JASSM: Đầu nổ 450 kg đang nổ nhỏ hơn bom 250 kg. | AJ45: Trung
A46: heavy_bomber | B46: Oanh tạc cơ hạng nặng | C46: Máy bay · bay | D46: bay qua và thả một hàng 12 quả bom nặng; phóng tên lửa hành trình từ 110 m; súng đuôi bắn máy bay. san phẳng công sự, pháo binh và cụm xe nhẹ; sợ tên lửa phòng không và tiêm kích. | E46: Oanh tạc cơ 8 động cơ treo thành 4 cặp dưới cánh xuôi dài, thân dài, đuôi cao. Lớn nhất trong máy bay của người chơi. Từ trên xuống: cánh xuôi dài với 4 cặp động cơ. Kích thước đề xuất khoảng 19.4 × 22.6 × 5.0 m (dài × rộng × cao; 0,4 × mẫu thật B-52). Vũ khí nhìn thấy: FAB-500 (500 kg), M3 12.7 mm (quad tail), Kh-101 (400 kg). Vạch màu phe trên nóc và hai hông; không dùng phù hiệu, cờ hay logo quốc gia thật. | F46: thẻ cao cấp, mua 4.000 xu | G46: Chương 9 | H46: 1.500 xu | I46: 22 | J46: 3300 | K46: cấp 0 (Không giáp) | L46: 22 | M46: 50 | N46: 156 | O46: 149 | P46: 23 | Q46: 228 | R46: =IFERROR(O46/I46,"") | S46: =IFERROR(J46/I46,"") | T46: 399 | U46: 600 | V46: 971 | W46: 28 | X46: 218 | Y46: 33% | Z46: 71 | AA46: 1.13 | AB46: B-52 Stratofortress, FAB-500, Kh-101 — Máy bay ném bom chiến lược tám động cơ | AC46: giáp 0, giáp 1, giáp 2, giáp 3, công trình | AD46: mảnh, năng lượng | AE46: bay qua và thả một hàng 12 quả bom nặng; phóng tên lửa hành trình từ 110 m; súng đuôi bắn máy bay. | AF46: Bay qua mục tiêu và thả bom theo lượt; Sau mỗi lượt nó vòng lại và vào lượt mới; Ưu tiên cụm xe và công trình; không ném bom gần quân ta; Chỉ vào lượt ném khi có đủ 2/3 số bom; thiếu thì chờ ở vòng chờ; Máu thấp thì bay về Bãi đáp (không có thì về sở chỉ huy) để sửa; Pháo sáng: khi có tên lửa lao tới (mỗi 11 giây); Pháo hạm AC-130 | AG46: FAB-500 (500 kg) [Nổ mạnh, xuyên 3, bom thường đánh nóc] nổ lan/phát · 420 · tầm loạt 9, hồi 11 s · 28 m M3 12.7 mm (quad tail) [Động năng, xuyên 1, đạn súng (cỡ lớn)] 10/phát · băng 26 viên, 60 viên/s, thay 2.78 s · tầm 30 m · Trên không Kh-101 (400 kg) [Nổ mạnh, xuyên 3, tên lửa hành trình dẫn đường] nổ lan/phát · 378 · tầm hồi 11.2 s · 110 m | AH46: • Vũ khí: Kh-101: nổ lan 9 m · tốc độ 22 (bay 5 s) • Vũ khí: FAB-500: 7 quả mỗi lượt | AI46: • Vũ khí: Kh-101: Như JASSM. • Vũ khí: FAB-500: Lần cân bằng 2: vẫn mạnh hơn trung vị máy bay cả khi đo DPS và giá trị thực chiến. | AJ46: Trung
A47: sky_gunship | B47: Pháo hạm AC-130 | C47: Máy bay · bay | D47: bay tới nơi bạn chỉ định và bay vòng ngược chiều kim đồng hồ quanh địch ở đó, cách chừng 22 m, pháo 105, 40 và 25 mm cùng bắn nghiền nát xe nhẹ, xe tăng, pháo binh và tháp; không bắn được máy bay nên sợ tên lửa phòng không và tiêm kích. | E47: Máy bay vận tải 4 động cơ cánh quạt, pháo 105 mm, 40 mm, 25 mm thò ra bên mạn trái. Cùng khung với Máy bay mẹ. Từ trên xuống: như máy bay vận tải, 3 nòng lệch trái. Kích thước đề xuất khoảng 11.9 × 16.2 × 4.6 m (dài × rộng × cao; 0,4 × mẫu thật AC-130). Vũ khí nhìn thấy: M102 105 mm, Bofors L/60 40 mm, GAU-12 Equalizer 25 mm. Vạch màu phe trên nóc và hai hông; không dùng phù hiệu, cờ hay logo quốc gia thật. | F47: thẻ cao cấp, mua 4.500 xu | G47: Chương 10 | H47: 2.500 xu | I47: 22 | J47: 4400 | K47: cấp 0 (Không giáp) | L47: 16 | M47: 64 | N47: 376 | O47: 188 | P47: 0 | Q47: 359 | R47: =IFERROR(O47/I47,"") | S47: =IFERROR(J47/I47,"") | AB47: AC-130U Spooky (M102 105 mm, Bofors 40 mm, GAU-12 25 mm) — Pháo hạm bay bắn sang trái, dàn pháo theo AC-130U | AC47: giáp 0, giáp 1, giáp 2, công trình | AD47: mảnh, năng lượng | AE47: bay tới nơi bạn chỉ định và bay vòng ngược chiều kim đồng hồ quanh địch ở đó, cách chừng 22 m, pháo 105, 40 và 25 mm cùng bắn | AF47: Bay vòng quanh mục tiêu, bắn từ mạn; Ưu tiên xe bọc thép nhẹ, xe tăng, pháo binh; Máu thấp thì bay về Bãi đáp (không có thì về sở chỉ huy) để sửa; Pháo sáng: khi có tên lửa lao tới (mỗi 11 giây); Hạng nặng (6); Xe công sự | AG47: M102 105 mm [Nổ mạnh, xuyên 2, đạn pháo nổ mạnh nổ lan] 200/phát · hồi 2.743 s · tầm 58 m · Mặt đất Bofors L/60 40 mm [Nổ mạnh, xuyên 2, đạn pháo động năng (pháo tự động) nổ lan] 30/phát · băng 29 viên, 6 viên/s, thay 1 s · tầm 55 m · Mặt đất GAU-12 Equalizer 25 mm [Động năng, xuyên 2, đạn pháo động năng (pháo tự động)] 17/phát · băng 56 viên, 11 viên/s, thay 1 s · tầm 50 m · Mặt đất | AH47: Giữ. | AI47: Xe hỗ trợ, chưa có chỉ số đo; giữ. | AJ47: Thấp
A49: armored_bulldozer | B49: Xe ủi bọc thép | C49: Hạng nặng | D49: chỉ có súng máy trên nóc; lưỡi ủi húc tháp, lô cốt và nhà cửa với sát thương gấp ba (4 m), ủi phẳng răng rồng khi lao qua, và chỉ phá công sự ở cự ly gần tốt nhất; gần như không làm gì được xe tăng, và xe diệt tăng, tên lửa chống tăng cùng mọi thứ bắn xa hơn | E49: Xe ủi xích bọc thép hộp, lưỡi ủi rất lớn, ca-bin kính chống đạn có lưới. Từ trên xuống: lưỡi ủi rộng hơn thân. Kích thước đề xuất khoảng 6.5 × 3.7 × 3.2 m (dài × rộng × cao; 0,8 × mẫu thật IDF D9R). Vũ khí nhìn thấy: dozer blade, M2 Browning 12.7 mm. Vạch màu phe trên nóc và hai hông; không dùng phù hiệu, cờ hay logo quốc gia thật. | F49: thắng màn mở khóa trong chiến dịch, hoặc mua sớm 1.350 xu | G49: Chương 4 | H49: 800 xu | I49: 7 | J49: 2860 | K49: 3/3/2/2 | L49: 5 | M49: 30 | N49: 91 | O49: 37 | P49: 16 | Q49: 41 | R49: =IFERROR(O49/I49,"") | S49: =IFERROR(J49/I49,"") | T49: 523 | U49: 227 | V49: 378 | W49: 14 | X49: 239 | Y49: 75% | Z49: 72 | AA49: 0.96 | AB49: IDF Caterpillar D9R — Xe ủi bọc thép chiến đấu | AC49: giáp 0, giáp 1, giáp 2, giáp 3, công trình | AD49: nổ mạnh, đánh nóc, nổ lõm, pháo xe tăng | AE49: chỉ có súng máy trên nóc; lưỡi ủi húc tháp, lô cốt và nhà cửa với sát thương gấp ba (4 m), ủi phẳng răng rồng khi lao qua, và chỉ | AF49: Vừa chạy vừa bắn; Tăng chủ lực | AG49: dozer blade [Động năng, xuyên 3, cận chiến (lưỡi ủi)] 110/phát · hồi 1.6 s · tầm 4.5 m · Mặt đất M2 Browning 12.7 mm [Động năng, xuyên 1, đạn súng (cỡ lớn)] 10/phát · băng 28 viên, 9 viên/s, thay 2.02 s · tầm 30 m · Tất cả | AH49: Giữ. | AI49: Giá trị thực chiến nằm trong khoảng mục tiêu (hiệu quả 0.96 × trung vị vai trò). | AJ49: Thấp
A50: main_battle_tank | B50: Tăng chủ lực | C50: Hạng nặng | D50: pháo 120 mm xuyên giáp vừa chạy vừa bắn ở tầm trung, súng máy trên nóc, súng đồng trục bắn máy bay khi mặt đất đã sạch. thắng xe nhẹ, trinh sát và phòng không; thua tăng hạng nặng, xe diệt tăng và trực thăng. | E50: Tăng chủ lực thân thấp dài, tháp góc cạnh, nòng 120 mm dài (vượt mũi ~1/3 thân), 7 bánh chịu lực. Dài hơn Xe bộ binh khoảng 1,5 lần. Từ trên xuống: tháp to ở giữa, nòng dài. Kích thước đề xuất khoảng 7.7 × 3.0 × 2.2 m (dài × rộng × cao; 0,8 × mẫu thật Leopard 2A4 / M1A1). Vũ khí nhìn thấy: Rh-120 L/44 120 mm, PKT / M240 7.62 mm, M2 Browning 12.7 mm. Vạch màu phe trên nóc và hai hông; không dùng phù hiệu, cờ hay logo quốc gia thật. | F50: có sẵn từ đầu | G50: Có sẵn | H50: — | I50: 7 | J50: 1980 | K50: 3/2/1/1 | L50: 6 | M50: 30 | N50: 126 | O50: 65 | P50: 28 | Q50: 57 | R50: =IFERROR(O50/I50,"") | S50: =IFERROR(J50/I50,"") | T50: 567 | U50: 324 | V50: 104 | W50: 8 | X50: 326 | Y50: 71% | Z50: 57 | AA50: 0.84 | AB50: Leopard 2A4 (Rh-120 L/44), M1A1 Abrams (M256 120 mm) — Xe tăng chủ lực pháo nòng trơn 120 mm, giáp phản ứng nổ | AC50: giáp 0, giáp 1, giáp 2, giáp 3, giáp 4, công trình | AD50: nổ mạnh, đánh nóc, nổ lõm, pháo xe tăng | AE50: pháo 120 mm xuyên giáp vừa chạy vừa bắn ở tầm trung, súng máy trên nóc, súng đồng trục bắn máy bay khi mặt đất đã sạch. | AF50: Vừa chạy vừa bắn R; S; K; T; P; S; B; T | AG50: Rh-120 L/44 120 mm [Động năng, xuyên 4, đạn pháo động năng (≥120 mm) nổ lan] 240/phát · hồi 5.098 s · tầm 32 m · Mặt đất PKT / M240 7.62 mm [Động năng, xuyên 0, đạn súng] 6/phát · băng 41 viên, 12 viên/s, thay 1.59 s · tầm 20 m · Tất cả M2 Browning 12.7 mm [Động năng, xuyên 1, đạn súng (cỡ lớn)] 10/phát · băng 28 viên, 9 viên/s, thay 2.02 s · tầm 30 m · Tất cả | AH50: Giữ. | AI50: Giá trị thực chiến nằm trong khoảng mục tiêu (hiệu quả 0.84 × trung vị vai trò). | AJ50: Thấp
A51: twin_tank | B51: Tăng hai nòng | C51: Hạng nặng | D51: hai pháo 120 mm bắn gần như cùng lúc, một phát đôi ở 34 m, rồi nạp lâu (7 giây); tháp xoay nhanh, chạy nhanh hơn tăng nặng; phát mở màn thắng tay đôi với tăng chủ lực và tăng nặng; bắn lại chậm, nên xe diệt tăng, trực thăng và bầy xe nhẹ bào mòn được | E51: Tăng lớn hơn MBT ~15%, tháp rộng mang 2 nòng song song. Từ trên xuống: 2 nòng song song nổi bật. Kích thước hiện 6.9 × 3.0 × 2.9 m. Vũ khí nhìn thấy: Rh-120 L/44 120 mm (twin), PKT / M240 7.62 mm, M2 Browning 12.7 mm. Vạch màu phe trên nóc và hai hông; không dùng phù hiệu, cờ hay logo quốc gia thật. | F51: thắng màn mở khóa trong chiến dịch, hoặc mua sớm 1.650 xu | G51: Chương 6 | H51: 800 xu | I51: 9 | J51: 2530 | K51: 3/2/1/1 | L51: 6 | M51: 32 | N51: 181 | O51: 111 | P51: 28 | Q51: 90 | R51: =IFERROR(O51/I51,"") | S51: =IFERROR(J51/I51,"") | T51: 611 | U51: 470 | V51: 149 | W51: 8 | X51: 540 | Y51: 71% | Z51: 65 | AA51: 1.04 | AB51: Rh-120 L/44 (hai nòng) · Mammoth Tank (Command & Conquer), Apocalypse Tank (Red Alert 2) — ước đoán: xe tăng hai nòng đặt | AC51: giáp 0, giáp 1, giáp 2, giáp 3, giáp 4, công trình | AD51: nổ mạnh, đánh nóc, nổ lõm, pháo xe tăng | AE51: hai pháo 120 mm bắn gần như cùng lúc, một phát đôi ở 34 m, rồi nạp lâu (7 giây); tháp xoay nhanh, chạy nhanh hơn tăng nặng; | AF51: Vừa chạy vừa bắn R; S; K; T; P; S; B; T | AG51: Rh-120 L/44 120 mm (twin) [Động năng, xuyên 4, đạn pháo động năng (≥120 mm) nổ lan] 240/phát · loạt 2, hồi 5.113 s · tầm 34 m · Mặt đất PKT / M240 7.62 mm [Động năng, xuyên 0, đạn súng] 6/phát · băng 41 viên, 12 viên/s, thay 1.59 s · tầm 20 m · Tất cả M2 Browning 12.7 mm [Động năng, xuyên 1, đạn súng (cỡ lớn)] 10/phát · băng 28 viên, 9 viên/s, thay 2.02 s · tầm 30 m · Tất cả | AH51: Giữ. | AI51: Giá trị thực chiến nằm trong khoảng mục tiêu (hiệu quả 1.04 × trung vị vai trò). | AJ51: Thấp
A52: heavy_tank | B52: Tăng hạng nặng | C52: Hạng nặng | D52: pháo 152 mm tự đổi đạn xuyên khi bắn xe có giáp và đạn nổ mạnh khi bắn công trình hoặc cụm xe nhẹ; pháo 30 mm bên cạnh đáp trụ lâu nhất khi đối đầu và phá công sự mạnh nhất; chậm, nên sợ xe diệt tăng, pháo binh và máy bay. | E52: Tăng rất nặng, thân dài, tháp nhỏ không người lái góc cạnh, nòng 152 mm to và dài, 7 bánh. Từ trên xuống: nòng rất to. Kích thước đề xuất khoảng 8.0 × 2.9 × 2.4 m (dài × rộng × cao; 0,8 × mẫu thật Object 195). Vũ khí nhìn thấy: 2A83 152 mm, 2A42 30 mm, M2 Browning 12.7 mm. Vạch màu phe trên nóc và hai hông; không dùng phù hiệu, cờ hay logo quốc gia thật. | F52: thắng màn mở khóa trong chiến dịch, hoặc mua sớm 2.100 xu | G52: Chương 6 | H52: 800 xu | I52: 12 | J52: 3520 | K52: 4/3/2/2 | L52: 4.2 | M52: 30 | N52: 179 | O52: 102 | P52: 16 | Q52: 90 | R52: =IFERROR(O52/I52,"") | S52: =IFERROR(J52/I52,"") | T52: 556 | U52: 446 | V52: 362 | W52: 9 | X52: 449 | Y52: 74% | Z52: 80 | AA52: 1.16 | AB52: Object 195 / T-95 (2A83 152 mm), T-14 Armata (bản 152 mm) — Siêu tăng bảy bánh chịu lực, tháp góc cạnh, pháo 152 mm | AC52: giáp 0, giáp 1, giáp 2, giáp 3, giáp 4, công trình | AD52: nổ mạnh, đánh nóc, nổ lõm, pháo xe tăng | AE52: pháo 152 mm tự đổi đạn xuyên khi bắn xe có giáp và đạn nổ mạnh khi bắn công trình hoặc cụm xe nhẹ; pháo 30 mm bên cạnh đáp | AF52: Vừa chạy vừa bắn 2A83 15; Sát thư; Không b; Tự đổi; Tầm bắn; 2A42 30; Sát thư; Băng 18 | AG52: 2A83 152 mm [Động năng, xuyên 4, đạn pháo động năng (≥120 mm) nổ lan] 320/phát · hồi 5.714 s · tầm 34 m · Mặt đất 2A42 30 mm [Động năng, xuyên 2, đạn pháo động năng (pháo tự động)] 22/phát · băng 18 viên, 3 viên/s, thay 1 s · tầm 30 m · Mặt đất M2 Browning 12.7 mm [Động năng, xuyên 1, đạn súng (cỡ lớn)] 10/phát · băng 28 viên, 9 viên/s, thay 2.02 s · tầm 30 m · Tất cả | AH52: • Tham khảo, giá: bỏ T-14 khỏi tham khảo, giữ Object 195 / T-95 · giá 13 CP | AI52: • Tham khảo, giá: Tránh vướng danh sách giữ lại; hơi mạnh so với giá. | AJ52: Trung
A53: titan_tank | B53: Siêu tăng Titan | C53: Hạng nặng | D53: pháo đôi 140 mm bắn loạt đôi tới 40 m, kèm tên lửa chống tăng và hai súng máy. nghiền nát xe tăng, xe nhẹ và công sự; bị xe diệt tăng, pháo binh và máy bay bào dần. | E53: Siêu tăng 4 dải xích (2 mỗi bên), tháp lớn với 2 nòng 140 mm, các tháp phụ súng máy. To hơn Tăng hạng nặng ≥ 20%. Từ trên xuống: rộng như 2 xe tăng. Kích thước hiện 10.4 × 3.6 × 3.5 m. Vũ khí nhìn thấy: NPzK 140 mm (twin), PKT / M240 7.62 mm, M2 Browning 12.7 mm, BGM-71 TOW-2. Vạch màu phe trên nóc và hai hông; không dùng phù hiệu, cờ hay logo quốc gia thật. | F53: thẻ cao cấp, mua 3.000 xu | G53: Chương 11 | H53: 2.500 xu | I53: 16 | J53: 5720 | K53: 4/3/2/2 | L53: 4.6 | M53: 34 | N53: 241 | O53: 161 | P53: 28 | Q53: 126 | R53: =IFERROR(O53/I53,"") | S53: =IFERROR(J53/I53,"") | T53: 617 | U53: 642 | V53: 344 | W53: 5 | X53: 647 | Y53: 67% | Z53: 83 | AA53: 1.36 | AB53: Rheinmetall NPzK 140 mm, dáng siêu tăng khái niệm tương lai · Mammoth Tank (Command & Conquer) — ước đoán: siêu tăng hai nòng 140 mm, giáp composite, APS và cảm biến hiện đại, có tháp phụ | AC53: giáp 0, giáp 1, giáp 2, giáp 3, giáp 4, công trình | AD53: nổ mạnh, đánh nóc, nổ lõm, pháo xe tăng | AE53: pháo đôi 140 mm bắn loạt đôi tới 40 m, kèm tên lửa chống tăng và hai súng máy. | AF53: Vừa chạy vừa bắn; Diệt tăng (6); Xe phóng drone FPV | AG53: NPzK 140 mm (twin) [Động năng, xuyên 4, đạn pháo động năng (≥120 mm) nổ lan] 290/phát · loạt 2, hồi 4.487 s · tầm 40 m · Mặt đất PKT / M240 7.62 mm [Động năng, xuyên 0, đạn súng] 6/phát · băng 41 viên, 12 viên/s, thay 1.59 s · tầm 20 m · Tất cả M2 Browning 12.7 mm [Động năng, xuyên 1, đạn súng (cỡ lớn)] 10/phát · băng 28 viên, 9 viên/s, thay 2.02 s · tầm 30 m · Tất cả BGM-71 TOW-2 [Nổ lõm, xuyên 4, tên lửa chống tăng dẫn đường] 190/phát · hồi 12.33 s · tầm 34 m · Mặt đất | AH53: • Tốc độ, giá: 4,0 m/s · 18 CP | AI53: • Tốc độ, giá: Nặng hơn Tăng hạng nặng mà chạy nhanh hơn; hiệu quả cao nhất nhóm hạng nặng. | AJ53: Trung
A54: fpv_carrier | B54: Xe phóng drone FPV | C54: Diệt tăng | D54: dừng lại rồi phóng lần lượt từng chiếc drone cảm tử, vài giây một chiếc, lao xuống xe bọc thép cách 12–75 m; hết mười sáu chiếc thì phá nát xe tăng và tăng nặng từ xa; tăng APS, la-de phòng không và xe gây nhiễu chặn drone, xe tăng rùa gần như miễn nhiễm. | E54: Xe bọc thép MRAP thân cao chữ V, giá phóng drone FPV nhiều ngăn trên nóc sau. Từ trên xuống: lưới ô vuông nhỏ ở sau. Kích thước đề xuất khoảng 7.2 × 2.0 × 2.6 m (dài × rộng × cao; 0,8 × mẫu thật KamAZ Typhoon-K). Vũ khí nhìn thấy: FPV drone (1.5 kg), M2 Browning 12.7 mm. Vạch màu phe trên nóc và hai hông; không dùng phù hiệu, cờ hay logo quốc gia thật. | F54: thắng màn mở khóa trong chiến dịch, hoặc mua sớm 1.200 xu | G54: Chương 5 | H54: 800 xu | I54: 6 | J54: 924 | K54: 1/0/0/0 | L54: 9 | M54: 48 | N54: 87 | O54: 55 | P54: 16 | Q54: 54 | R54: =IFERROR(O54/I54,"") | S54: =IFERROR(J54/I54,"") | T54: 327 | U54: 500 | V54: 442 | W54: 2 | X54: 469 | Y54: 87% | Z54: 79 | AA54: 1.07 | AB54: KamAZ Typhoon-K, RG-33 MRAP, drone FPV (chiến sự Ukraine) — Xe MRAP phóng drone cảm tử FPV | AC54: giáp 0, giáp 1, giáp 2, giáp 3, công trình | AD54: súng máy hạng nặng, lửa, pháo tự động, nổ mạnh, năng lượng, đánh nóc, nổ lõm, pháo xe tăng | AE54: dừng lại rồi phóng lần lượt từng chiếc drone cảm tử, vài giây một chiếc, lao xuống xe bọc thép cách 12–75 m; hết mười sáu chiếc thì | AF54: Dừng lại mới bắn, từ 12-75 m; cần ta nhìn thấy mục tiêu (tự nó hoặc quân bạn); Hết đạn thì nạp lại tại chỗ, hoặc tới Xe tiếp đạn hay về nhà khi nhanh hơn; Xe phóng Lancet | AG54: FPV drone (1.5 kg) [Nổ lõm, xuyên 3, drone (FPV) đánh nóc] dẫn đường/phát · nổ lan · tầm 140 · hồi 2.8 s M2 Browning 12.7 mm [Động năng, xuyên 1, đạn súng (cỡ lớn)] 10/phát · băng 28 viên, 9 viên/s, thay 2.02 s · tầm 18 m · Tất cả | AH54: Giữ. | AI54: Giá trị thực chiến nằm trong khoảng mục tiêu (hiệu quả 1.07 × trung vị vai trò). | AJ54: Thấp
A56: wheeled_gun | B56: Pháo bánh lốp diệt tăng | C56: Diệt tăng | D56: pháo 120 mm xuyên giáp (như Centauro II) vừa chạy vừa bắn tới 38 m, khoảng 70 sát thương mỗi giây lên giáp dày, +25% khi trúng chạy vòng tuyến xe tăng và trừng phạt hai bên sườn; giáp mỏng nên đấu thẳng với tăng là thua, pháo tự động xé nát nó. | E56: Xe 8 bánh, tháp pháo tăng đầy đủ với nòng 120 mm dài. Từ trên xuống: như xe tăng nhưng 4 cặp bánh. Kích thước đề xuất khoảng 7.9 × 2.4 × 2.2 m (dài × rộng × cao; 0,8 × mẫu thật Centauro II). Vũ khí nhìn thấy: Centauro II 120 mm, PKT / M240 7.62 mm. Vạch màu phe trên nóc và hai hông; không dùng phù hiệu, cờ hay logo quốc gia thật. | F56: thắng màn mở khóa trong chiến dịch, hoặc mua sớm 1.200 xu | G56: Chương 4 | H56: 800 xu | I56: 6 | J56: 1914 | K56: 2/1/0/0 | L56: 12 | M56: 38 | N56: 136 | O56: 99 | P56: 12 | Q56: 75 | R56: =IFERROR(O56/I56,"") | S56: =IFERROR(J56/I56,"") | T56: 565 | U56: 469 | V56: 408 | W56: 1 | X56: 513 | Y56: 74% | Z56: 49 | AA56: 1.01 | AB56: Centauro B1 / Centauro II 120 mm, M1128 MGS, Rooikat — Pháo chống tăng bánh lốp 8x8 | AC56: giáp 0, giáp 1, giáp 2, giáp 3, giáp 4, công trình | AD56: lửa, pháo tự động, nổ mạnh, năng lượng, đánh nóc, nổ lõm, pháo xe tăng | AE56: pháo 120 mm xuyên giáp (như Centauro II) vừa chạy vừa bắn tới 38 m, khoảng 70 sát thương mỗi giây lên giáp dày, +25% khi trúng | AF56: Vừa chạy vừa bắn; Pháo chống tăng | AG56: Centauro II 120 mm [Động năng, xuyên 4, đạn pháo động năng (≥120 mm)] 258/phát · hồi 2.75 s · tầm 38 m · Mặt đất PKT / M240 7.62 mm [Động năng, xuyên 0, đạn súng] 6/phát · băng 41 viên, 12 viên/s, thay 1.59 s · tầm 20 m · Tất cả | AH56: • Máu: 1.500 • Vũ khí: 120 mm: 0,27 phát/s (DPS duy trì 94→~70) | AI56: • Máu: Xe bánh lốp giáp nhẹ không thể trâu như tăng. • Vũ khí: 120 mm: Nạp tay không thể nhanh hơn tăng chủ lực; đang lấn át Pháo chống tăng. | AJ56: Cao
A57: tank_destroyer | B57: Pháo chống tăng | C57: Diệt tăng | D57: pháo 125 mm xuyên giáp (như pháo tự hành 2S25), vừa chạy vừa bắn, xa hơn và nạp nhanh hơn pháo tăng chủ lực; súng máy nóc hạ xe tăng, tăng hạng nặng và boss từ ngoài tầm với của chúng; sợ pháo binh và xe nhẹ áp sát. | E57: Pháo chống tăng thân thấp, tháp nhỏ với nòng 125 mm rất dài (gần bằng thân). Từ trên xuống: nòng rất dài so với thân nhỏ. Kích thước đề xuất khoảng 7.8 × 2.5 × 2.4 m (dài × rộng × cao; 0,8 × mẫu thật 2S25 Sprut-SD). Vũ khí nhìn thấy: 2A75 125 mm (2S25 Sprut), M2 Browning 12.7 mm. Vạch màu phe trên nóc và hai hông; không dùng phù hiệu, cờ hay logo quốc gia thật. | F57: thắng màn mở khóa trong chiến dịch, hoặc mua sớm 1.350 xu | G57: Chương 4 | H57: 800 xu | I57: 7 | J57: 1364 | K57: 3/2/1/1 | L57: 7 | M57: 34 | N57: 128 | O57: 82 | P57: 16 | Q57: 66 | R57: =IFERROR(O57/I57,"") | S57: =IFERROR(J57/I57,"") | T57: 552 | U57: 366 | V57: 452 | W57: 5 | X57: 353 | Y57: 73% | Z57: 65 | AA57: 0.78 | AB57: 2S25 Sprut-SD (2A75 125 mm) — Pháo chống tăng thân thấp, tháp hở, nòng rất dài | AC57: giáp 0, giáp 1, giáp 2, giáp 3, giáp 4, công trình | AD57: nổ mạnh, đánh nóc, nổ lõm, pháo xe tăng | AE57: pháo 125 mm xuyên giáp (như pháo tự hành 2S25), vừa chạy vừa bắn, xa hơn và nạp nhanh hơn pháo tăng chủ lực; súng máy nóc | AF57: Vừa chạy vừa bắn; Xe súng điện từ | AG57: 2A75 125 mm (2S25 Sprut) [Động năng, xuyên 4, đạn pháo động năng (≥120 mm)] 260/phát · hồi 3.773 s · tầm 40 m · Mặt đất M2 Browning 12.7 mm [Động năng, xuyên 1, đạn súng (cỡ lớn)] 10/phát · băng 28 viên, 9 viên/s, thay 2.02 s · tầm 30 m · Tất cả | AH57: • Giáp: trước 2 / hông 1 / sau 1 / nóc 0 • Tầm, nhịp, giá: tầm 46 · 0,30 phát/s · 6 CP | AI57: • Giáp: 2S25 Sprut-SD là pháo chống tăng thả dù, giáp rất mỏng. • Tầm, nhịp, giá: Bù lại giáp mỏng bằng tầm bắn tỉa; hiện kém các xe diệt tăng khác. | AJ57: Trung
A58: railgun_truck | B58: Xe súng điện từ | C58: Diệt tăng | D58: đứng yên nạp năng lượng 0,9 giây (cuộn dây phát sáng), rồi bắn viên đạn xuyên thủng mọi xe trên đường bay, xa tới 90 m. xuyên thủng cả hàng xe tăng và tăng nặng từ rất xa; bắn chậm, bị áp sát là thua. | E58: Xe 8 bánh mang 2 ray dẫn song song dài có cuộn tụ điện và tấm tản nhiệt phát sáng xanh. Từ trên xuống: 2 ray dài song song. Kích thước hiện 9.7 × 2.9 × 3.7 m. Vũ khí nhìn thấy: railgun (32 MJ) 32 mm. Vạch màu phe trên nóc và hai hông; không dùng phù hiệu, cờ hay logo quốc gia thật. | F58: thắng màn mở khóa trong chiến dịch, hoặc mua sớm 1.650 xu | G58: Chương 4: chiến lợi phẩm từ xác Tempest | H58: Không mua sớm được | I58: 9 | J58: 924 | K58: 1/0/0/0 | L58: 6.5 | M58: 40 | N58: 87 | O58: 73 | P58: 0 | Q58: 52 | R58: =IFERROR(O58/I58,"") | S58: =IFERROR(J58/I58,"") | T58: 445 | U58: 570 | V58: 348 | W58: 0 | X58: 578 | Y58: 82% | Z58: 79 | AA58: 1.22 | AB58: ATLA railgun (Nhật Bản), US Navy EMRG — Xe tải 8x8 mang pháo điện từ ray kép | AC58: giáp 0, giáp 1, giáp 2, giáp 3, giáp 4, công trình | AD58: súng máy hạng nặng, lửa, pháo tự động, nổ mạnh, năng lượng, đánh nóc, nổ lõm, pháo xe tăng | AE58: đứng yên nạp năng lượng 0,9 giây (cuộn dây phát sáng), rồi bắn viên đạn xuyên thủng mọi xe trên đường bay, xa tới 90 m. | AF58: Dừng lại mới bắn; Xe la-de tập trung | AG58: railgun (32 MJ) 32 mm [Động năng, xuyên 4, đạn pháo động năng (điện từ)] 510/phát · hồi 7 s · tầm 90 m · Mặt đất | AH58: • Giá: 10 CP | AI58: • Giá: Mạnh nhất nhóm diệt tăng. | AJ58: Thấp
A59: laser_tank | B59: Xe la-de tập trung | C59: Diệt tăng | D59: tia năng lượng (40 m) tăng từ ×0,3 lên ×2 trong 6 giây trên cùng một mục tiêu, đổi mục tiêu thì về lại mức thấp; xuyên cả giáp dày nung chảy xe tăng nặng và boss; APS, giáp phản ứng nổ và lồng chắn không cản được, nhưng màn khói cắt 80% tia và bầy xe nhỏ | E59: Khung xích mang đầu phát laser trên giá chạc, gương tròn lớn, tấm tản nhiệt hai bên. Từ trên xuống: đĩa gương tròn trên giá chạc. Kích thước hiện 6.3 × 2.7 × 2.6 m. Vũ khí nhìn thấy: focused laser (300 kW) 300 mm. Vạch màu phe trên nóc và hai hông; không dùng phù hiệu, cờ hay logo quốc gia thật. | F59: thắng màn mở khóa trong chiến dịch, hoặc mua sớm 1.800 xu | G59: Chương 9 | H59: 1.500 xu | I59: 10 | J59: 1540 | K59: 3/2/1/1 | L59: 6.5 | M59: 38 | N59: 128 | O59: 106 | P59: 0 | Q59: 64 | R59: =IFERROR(O59/I59,"") | S59: =IFERROR(J59/I59,"") | T59: 358 | U59: 335 | V59: 510 | W59: 0 | X59: 274 | Y59: 65% | Z59: 57 | AA59: 0.72 | AB59: Rheinmetall HEL, DE M-SHORAD (laser trên Stryker) — Pháo chống tăng laser: đầu phát tia trên giá chạc | AC59: giáp 0, giáp 1, giáp 2, giáp 3, giáp 4, công trình | AD59: nổ mạnh, đánh nóc, nổ lõm, pháo xe tăng | AE59: tia năng lượng (40 m) tăng từ ×0,3 lên ×2 trong 6 giây trên cùng một mục tiêu, đổi mục tiêu thì về lại mức thấp; xuyên cả giáp dày | AF59: Vừa chạy vừa bắn; Bắn hết 80 viên thì thay băng; Ưu tiên tăng hạng nặng, xe tăng, boss | AG59: focused laser (300 kW) 300 mm [Năng lượng, xuyên 4, năng lượng] 12/phát · băng 80 viên, 10 viên/s, thay 1.5 s · tầm 40 m · Mặt đất | AH59: • Giá, tăng dần: 9 CP · đạt ×2 sau 4 s | AI59: • Giá, tăng dần: Kém Pháo điện từ rẻ hơn ở chính vai trò diệt tăng. | AJ59: Trung

Sheet Công trình
A1: id | B1: Tên | C1: Miêu tả | D1: Hình dạng (cho AI vẽ) | E1: Ô / dựng lại | F1: Máu | G1: Giáp | H1: Tầm nhìn (m) | I1: DPS nhẹ | J1: DPS nặng | K1: DPS bay | L1: Tham khảo (ngoài đời / game) | M1: Mạnh với | N1: Yếu trước | O1: Cách đánh | P1: Hành vi | Q1: Vũ khí | R1: Đề xuất | S1: Lý do thay đổi | T1: Ưu tiên
A2: aa_turret | B2: Tháp phòng không | C2: pháo đôi 30 mm cao xạ tới 42 m và tên lửa phòng không (44 m); cũng bắn mặt đất nhưng chẳng mấy tác dụng. xé nát trực thăng và máy bay; lực lượng mặt đất phá nó dễ dàng. | D2: Ụ bao cát tròn với pháo phòng không 2 nòng trên bệ xoay và 2 ống tên lửa nhỏ. Kích thước hiện 5.4 × 4.5 × 3.2 m. Nhìn rõ từ camera chéo 45–60°; hình dạng hai nhánh phải khác nhau rõ ở zoom mặc định; vạch màu phe. | E2: tháp ô nhỏ của căn cứ; bị phá thì xây lại 2 CP sau 25 s; mở khóa: có sẵn từ đầu | F2: 2420 | G2: cấp 2 (Vừa) · công trình | H2: 60 | I2: 46 | J2: 19 | K2: 300 | L2: Oerlikon GDF 35 mm (Skyguard), Stinger — ước đoán: pháo phòng không hai nòng 35 mm trên ụ bao cát | M2: giáp 0, trên không | N2: nổ mạnh, nổ lõm, pháo xe tăng | O2: pháo đôi 30 mm cao xạ tới 42 m và tên lửa phòng không (44 m); cũng bắn mặt đất nhưng chẳng mấy tác dụng. | P2: Đứng yên tại chỗ, bắn mọi mục tiêu trong tầm; Tháp phòng không · nhánh Tháp cao xạ | Q2: 2A38 30 mm (twin) [Mảnh, xuyên 2, đạn nổ trên không nổ lan] 22/phát · băng 46 viên, 11 viên/s, thay 1.2 s · tầm 42 m · Tất cả Starstreak / Stinger SHORAD [Mảnh, xuyên 2, tên lửa phòng không dẫn đường] nổ lan/phát · 170 · tầm hồi 4.452 s · 44 m | R2: • Vũ khí và tham khảo: chọn một: đổi vũ khí thành Oerlikon 35 mm hoặc đổi tham khảo sang 2A38; chống máy bay 300→240 | S2: • Vũ khí và tham khảo: Tham khảo lệch vũ khí; tháp ô nhỏ đang mạnh hơn Patriot ô lớn. | T2: Cao
A3: aa_turret.flak | B3: Tháp phòng không · nhánh Tháp cao xạ | D3: Ụ bao cát tròn với pháo phòng không 2 nòng trên bệ xoay và 2 ống tên lửa nhỏ. Nhánh: Đổi thành pháo 4 nòng có radar nhỏ. Kích thước hiện 5.4 × 4.5 × 3.2 m. Nhìn rõ từ camera chéo 45–60°; hình dạng hai nhánh phải khác nhau rõ ở zoom mặc định; vạch màu phe. | E3: tháp ô nhỏ của căn cứ; bị phá thì xây lại 2 CP sau 25 s; mở khóa: thắng màn mở khóa trong chiến dịch, hoặc mua sớm 300 x | F3: 2420 | G3: cấp 2 (Vừa) · công trình | H3: 60 | I3: 100 | J3: 29 | K3: 305 | L3: ZSU-23-4 Shilka (23 mm bốn nòng) — Nhánh pháo phòng không bốn nòng | M3: trên không | N3: nổ mạnh, nổ lõm, pháo xe tăng | P3: Đứng yên tại chỗ, bắn mọi mục tiêu trong tầm; Tháp phòng không · nhánh Trạm tên lửa | Q3: ZSU-23-4 23 mm (quad) [Mảnh, xuyên 1, đạn nổ trên không nổ lan] 14/phát · băng 54 viên, 31 viên/s, thay 1.5 s · tầm 46 m · Tất cả | R3: Giữ. | S3: ZSU-23-4 bốn nòng, ổn. | T3: Thấp
A4: aa_turret.sam | B4: Tháp phòng không · nhánh Trạm tên lửa | D4: Ụ bao cát tròn với pháo phòng không 2 nòng trên bệ xoay và 2 ống tên lửa nhỏ. Nhánh: Thay nòng pháo bằng hộp phóng 4 ống tên lửa. Kích thước hiện 5.4 × 4.5 × 3.2 m. Nhìn rõ từ camera chéo 45–60°; hình dạng hai nhánh phải khác nhau rõ ở zoom mặc định; vạch màu phe. | E4: tháp ô nhỏ của căn cứ; bị phá thì xây lại 2 CP sau 25 s; mở khóa: thắng màn mở khóa trong chiến dịch, hoặc mua sớm 300 x | F4: 2420 | G4: cấp 2 (Vừa) · công trình | H4: 64 | I4: 0 | J4: 0 | K4: 213 | L4: 9K37 Buk (9M317) — Nhánh trạm tên lửa phòng không | M4: trên không | N4: nổ mạnh, nổ lõm, pháo xe tăng | P4: Đứng yên tại chỗ, bắn mọi mục tiêu trong tầm; Trạm tiếp tế CP | Q4: 9M317 Buk [Mảnh, xuyên 3, tên lửa phòng không dẫn đường] nổ lan/phát · 320 · tầm loạt 2, hồi 3.4 s · 60 m | R4: • Tham khảo: Mistral / RBS-70 / Starstreak LML (bệ nhỏ) | S4: • Tham khảo: Buk là hệ thống cỡ tiểu đoàn, không hợp tháp ô nhỏ. | T4: Trung
A5: cp_relay | B5: Trạm tiếp tế CP | C5: không có súng; +0,1 CP mỗi giây cho phe mình, trạm thứ hai +0,06, trạm thứ ba không thêm gì; bị bắn thì ngừng trả 5 giây. thêm CP cho căn cứ yên ổn; chiếm một ô phòng thủ nhỏ, và quân địch tấn công căn cứ sẽ nhắm nó trước. | D5: Cột lưới thép với 2 chảo ăng-ten và thùng thiết bị. Kích thước hiện 4.0 × 4.0 × 7.8 m. Nhìn rõ từ camera chéo 45–60°; hình dạng hai nhánh phải khác nhau rõ ở zoom mặc định; vạch màu phe. | E5: tháp ô nhỏ của căn cứ; bị phá thì xây lại 2 CP sau 25 s; mở khóa: thắng màn mở khóa trong chiến dịch, hoặc mua sớm 300 x | F5: 1320 | G5: cấp 1 (Mỏng) · công trình | H5: 30 | I5: 0 | J5: 0 | K5: 0 | L5: trạm tiếp sóng thông tin dã chiến — Trạm tiếp sóng CP, cột lưới hai chảo ăng-ten | N5: lửa, pháo tự động, nổ mạnh, nổ lõm, pháo xe tăng | O5: không có súng; +0,1 CP mỗi giây cho phe mình, trạm thứ hai +0,06, trạm thứ ba không thêm gì; bị bắn thì ngừng trả 5 giây. | P5: Đứng yên tại chỗ, phục vụ phe ta; Phe mình kiếm thêm 0,1 CP mỗi giây (trạm thứ hai 0,1); ngừng 5 giây sau khi bị bắn; tối đa hai; trạm mỗi căn cứ, không đặt ở tiền đồn; Trạm tiếp tế CP · nhánh Trạm tiếp tế | R5: Giữ. | S5: Ổn. | T5: Thấp
A6: cp_relay.hardened | B6: Trạm tiếp tế CP · nhánh Trạm tiếp tế | D6: Cột lưới thép với 2 chảo ăng-ten và thùng thiết bị. Nhánh: Ốp bê tông dày. Kích thước hiện 4.0 × 4.0 × 7.8 m. Nhìn rõ từ camera chéo 45–60°; hình dạng hai nhánh phải khác nhau rõ ở zoom mặc định; vạch màu phe. | E6: tháp ô nhỏ của căn cứ; bị phá thì xây lại 2 CP sau 25 s; mở khóa: thắng màn mở khóa trong chiến dịch, hoặc mua sớm 300 x | F6: 2420 | G6: cấp 2 (Vừa) · công trình | H6: 30 | I6: 0 | J6: 0 | K6: 0 | L6: trạm tiếp tế kiên cố — ước đoán: nhánh trạm tiếp tế | N6: nổ mạnh, nổ lõm, pháo xe tăng | P6: Đứng yên tại chỗ, phục vụ phe ta; Phe mình kiếm thêm 0,1 CP mỗi giây (trạm thứ hai 0,1); ngừng 5 giây sau khi bị bắn; tối đa hai; trạm mỗi căn cứ, không đặt ở tiền đồn; Trạm tiếp tế CP · nhánh Kho chiến lợi phẩm | R6: Giữ. | S6: Ổn. | T6: Thấp
A7: cp_relay.loot | B7: Trạm tiếp tế CP · nhánh Kho chiến lợi phẩm | D7: Cột lưới thép với 2 chảo ăng-ten và thùng thiết bị. Nhánh: Cần cẩu và đống container. Kích thước hiện 4.0 × 4.0 × 7.8 m. Nhìn rõ từ camera chéo 45–60°; hình dạng hai nhánh phải khác nhau rõ ở zoom mặc định; vạch màu phe. | E7: tháp ô nhỏ của căn cứ; bị phá thì xây lại 2 CP sau 25 s; mở khóa: thắng màn mở khóa trong chiến dịch, hoặc mua sớm 300 x | F7: 1320 | G7: cấp 1 (Mỏng) · công trình | H7: 30 | I7: 0 | J7: 0 | K7: 0 | L7: kho chiến lợi phẩm — ước đoán: nhánh kho chiến lợi phẩm | N7: lửa, pháo tự động, nổ mạnh, nổ lõm, pháo xe tăng | P7: Đứng yên tại chỗ, phục vụ phe ta; Răng rồng | R7: Giữ. | S7: Ổn. | T7: Thấp
A11: ew_tower | B11: Tháp gây nhiễu EW | C11: tên lửa điều khiển, drone và hỏa lực yểm trợ nhắm vào trong vòng 30 m quanh nó bị lệch; không có súng. làm cùn tên lửa chống tăng, Lancet và các đòn không kích vào căn cứ; thứ gì chỉ cần lái tới bắn là hạ được nó. | D11: Cột ăng-ten cao (~10 m) với các tấm và chảo nhỏ. Kích thước hiện 4.0 × 4.0 × 10.1 m. Nhìn rõ từ camera chéo 45–60°; hình dạng hai nhánh phải khác nhau rõ ở zoom mặc định; vạch màu phe. | E11: tháp ô nhỏ của căn cứ; bị phá thì xây lại 2 CP sau 25 s; mở khóa: thắng màn mở khóa trong chiến dịch, hoặc mua sớm 300 x | F11: 1760 | G11: cấp 1 (Mỏng) · công trình | H11: 50 | I11: 0 | J11: 0 | K11: 0 | L11: Murmansk-BN, cột ăng-ten tác chiến điện tử — ước đoán: cột lưới thép gây nhiễu điện tử | N11: lửa, pháo tự động, nổ mạnh, nổ lõm, pháo xe tăng | O11: tên lửa điều khiển, drone và hỏa lực yểm trợ nhắm vào trong vòng 30 m quanh nó bị lệch; không có súng. | P11: Đứng yên tại chỗ, phục vụ phe ta; Gây nhiễu vũ khí dẫn đường và hỏa lực yểm trợ địch trong 30 m; Tháp gây nhiễu EW · nhánh Máy gây nhiễu drone | R11: Giữ. | S11: Ổn. | T11: Thấp
A12: ew_tower.drone | B12: Tháp gây nhiễu EW · nhánh Máy gây nhiễu drone | D12: Cột ăng-ten cao (~10 m) với các tấm và chảo nhỏ. Nhánh: Vòm ăng-ten với vòng sóng. Kích thước hiện 4.0 × 4.0 × 10.1 m. Nhìn rõ từ camera chéo 45–60°; hình dạng hai nhánh phải khác nhau rõ ở zoom mặc định; vạch màu phe. | E12: tháp ô nhỏ của căn cứ; bị phá thì xây lại 2 CP sau 25 s; mở khóa: thắng màn mở khóa trong chiến dịch, hoặc mua sớm 300 x | F12: 1760 | G12: cấp 1 (Mỏng) · công trình | H12: 50 | I12: 0 | J12: 0 | K12: 0 | L12: Rafael Drone Dome, Bukovel-AD — ước đoán: nhánh gây nhiễu drone | N12: lửa, pháo tự động, nổ mạnh, nổ lõm, pháo xe tăng | P12: Đứng yên tại chỗ, phục vụ phe ta; Gây nhiễu vũ khí dẫn đường và hỏa lực yểm trợ địch trong 45 m; Tháp gây nhiễu EW · nhánh Máy đánh lừa radar | R12: Giữ. | S12: Ổn. | T12: Thấp
A13: ew_tower.spoof | B13: Tháp gây nhiễu EW · nhánh Máy đánh lừa radar | D13: Cột ăng-ten cao (~10 m) với các tấm và chảo nhỏ. Nhánh: Tấm radar mảng pha phẳng. Kích thước hiện 4.0 × 4.0 × 10.1 m. Nhìn rõ từ camera chéo 45–60°; hình dạng hai nhánh phải khác nhau rõ ở zoom mặc định; vạch màu phe. | E13: tháp ô nhỏ của căn cứ; bị phá thì xây lại 2 CP sau 25 s; mở khóa: thắng màn mở khóa trong chiến dịch, hoặc mua sớm 300 x | F13: 1760 | G13: cấp 1 (Mỏng) · công trình | H13: 50 | I13: 0 | J13: 0 | K13: 0 | L13: Pole-21, mồi nhử radar — ước đoán: nhánh đánh lừa radar và tên lửa | N13: lửa, pháo tự động, nổ mạnh, nổ lõm, pháo xe tăng | P13: Đứng yên tại chỗ, phục vụ phe ta; Gây nhiễu vũ khí dẫn đường và hỏa lực yểm trợ địch trong 30 m; Định vị pháo địch đang bắn trong 80 m; Tháp canh | R13: Giữ. | S13: Ổn. | T13: Thấp
A14: guard_tower | B14: Tháp canh | C14: súng máy nặng (30 m, bắn cả máy bay); tầm nhìn 60 m giúp soi quân ta cho pháo địch. chặn trinh sát và xe nhẹ; là tháp yếu nhất, gục nhanh trước xe tăng và đạn nổ mạnh. | D14: Tháp gỗ-thép cao (~11 m) có chòi lợp mái, súng máy và đèn pha trên chòi. Kích thước hiện 3.5 × 3.8 × 11.6 m. Nhìn rõ từ camera chéo 45–60°; hình dạng hai nhánh phải khác nhau rõ ở zoom mặc định; vạch màu phe. | E14: tháp ô nhỏ của căn cứ; bị phá thì xây lại 2 CP sau 25 s; mở khóa: có sẵn từ đầu | F14: 1540 | G14: cấp 1 (Mỏng) · công trình | H14: 60 | I14: 75 | J14: 22 | K14: 27 | L14: M2 Browning 12,7 mm, Mk 19 40 mm — Tháp canh thép 11 m trên lô cốt | M14: giáp 0, giáp 1 | N14: lửa, pháo tự động, nổ mạnh, nổ lõm, pháo xe tăng | O14: súng máy nặng (30 m, bắn cả máy bay); tầm nhìn 60 m giúp soi quân ta cho pháo địch. | P14: Đứng yên tại chỗ, bắn mọi mục tiêu trong tầm; Tháp canh · nhánh Tháp quan sát | Q14: M2 Browning 12.7 mm [Động năng, xuyên 1, đạn súng (cỡ lớn)] 10/phát · băng 46 viên, 12 viên/s, thay 1.1 s · tầm 30 m · Tất cả | R14: Giữ. | S14: Đã tăng (75/22/27), đạt mục tiêu. | T14: Thấp
A15: guard_tower.watch | B15: Tháp canh · nhánh Tháp quan sát | D15: Tháp gỗ-thép cao (~11 m) có chòi lợp mái, súng máy và đèn pha trên chòi. Nhánh: Thêm cột radar và đèn pha xoay trên chòi. Kích thước hiện 3.5 × 3.8 × 11.6 m. Nhìn rõ từ camera chéo 45–60°; hình dạng hai nhánh phải khác nhau rõ ở zoom mặc định; vạch màu phe. | E15: tháp ô nhỏ của căn cứ; bị phá thì xây lại 2 CP sau 25 s; mở khóa: thắng màn mở khóa trong chiến dịch, hoặc mua sớm 300 x | F15: 1540 | G15: cấp 1 (Mỏng) · công trình | H15: 78 | I15: 75 | J15: 22 | K15: 27 | L15: tháp quan sát biên giới có khí tài quang học — ước đoán: nhánh quan sát của tháp canh | M15: giáp 0, giáp 1 | N15: lửa, pháo tự động, nổ mạnh, nổ lõm, pháo xe tăng | P15: Đứng yên tại chỗ, bắn mọi mục tiêu trong tầm; Tháp canh · nhánh Ổ súng | Q15: M2 Browning 12.7 mm [Động năng, xuyên 1, đạn súng (cỡ lớn)] 10/phát · băng 46 viên, 12 viên/s, thay 1.1 s · tầm 30 m · Tất cả | R15: Giữ. | S15: Ổn. | T15: Thấp
A16: guard_tower.nest | B16: Tháp canh · nhánh Ổ súng | D16: Tháp gỗ-thép cao (~11 m) có chòi lợp mái, súng máy và đèn pha trên chòi. Nhánh: Chòi thấp có bao cát, nòng 25 mm. Kích thước hiện 3.5 × 3.8 × 11.6 m. Nhìn rõ từ camera chéo 45–60°; hình dạng hai nhánh phải khác nhau rõ ở zoom mặc định; vạch màu phe. | E16: tháp ô nhỏ của căn cứ; bị phá thì xây lại 2 CP sau 25 s; mở khóa: thắng màn mở khóa trong chiến dịch, hoặc mua sớm 300 x | F16: 1540 | G16: cấp 1 (Mỏng) · công trình | H16: 48 | I16: 69 | J16: 34 | K16: 0 | L16: M242 Bushmaster 25 mm — Tháp canh nhánh ổ pháo 25 mm | M16: giáp 0, giáp 1, giáp 2 | N16: lửa, pháo tự động, nổ mạnh, nổ lõm, pháo xe tăng | P16: Đứng yên tại chỗ, bắn mọi mục tiêu trong tầm; Sở chỉ huy | Q16: M242 Bushmaster 25 mm [Động năng, xuyên 2, đạn pháo động năng (pháo tự động)] 17/phát · băng 10 viên, 8 viên/s, thay 1.3 s · tầm 30 m · Mặt đất | R16: Giữ. | S16: Ổn. | T16: Thấp
A17: headquarters | B17: Sở chỉ huy | C17: pháo nặng hai nòng bắn loạt đôi tới 40 m, pháo phòng không đôi 30 mm và súng máy đồng trục canh bầu trời; quân mới được thả cực lì; ở Chiếm cứ điểm, Giữ đồi và Tử chiến nó không thể bị phá, ở Tấn công và Công thành nó là mục tiêu, ở Phòng thủ và Vô tận | D17: Nhà chỉ huy bê tông nhiều khối, ăng-ten, cờ phe, bao cát quanh. Kích thước hiện 12.7 × 14.1 × 9.4 m. Nhìn rõ từ camera chéo 45–60°; hình dạng hai nhánh phải khác nhau rõ ở zoom mặc định; vạch màu phe. | E17: công sự trung lập hoặc của bản đồ, không mua được | F17: 19800 | G17: cấp 4 (Rất dày) · công trình | H17: 50 | I17: 327 | J17: 206 | K17: 419 | L17: sở chỉ huy bê tông kiên cố, 2A83 152 mm, 2A38 30 mm · Construction Yard (Command & Conquer) — ước đoán: khối chỉ huy bê tông | M17: giáp 0, giáp 1, giáp 2, giáp 3, giáp 4, trên không, công trình | O17: pháo nặng hai nòng bắn loạt đôi tới 40 m, pháo phòng không đôi 30 mm và súng máy đồng trục canh bầu trời; quân mới được thả | P17: Đứng yên tại chỗ, bắn mọi mục tiêu trong tầm; Lô cốt súng máy | Q17: 2A83 152 mm (twin) [Động năng, xuyên 4, đạn pháo động năng (≥120 mm) nổ lan] 320/phát · loạt 2, hồi 5.16 s · tầm 40 m · Mặt đất 2A38 30 mm (twin) [Mảnh, xuyên 2, đạn nổ trên không nổ lan] 22/phát · băng 36 viên, 9 viên/s, thay 1.21 s · tầm 42 m · Tất cả 2A38 30 mm (twin) [Mảnh, xuyên 2, đạn nổ trên không nổ lan] 22/phát · băng 36 viên, 9 viên/s, thay 1.21 s · tầm 42 m · Tất cả PKT / M240 7.62 mm [Động năng, xuyên 0, đạn súng] 6/phát · băng 41 viên, 12 viên/s, thay 1.59 s · tầm 20 m · Tất cả | R17: Giữ; kiểm tra lại HQ không làm căn cứ miễn nhiễm hoàn toàn với máy bay. | S17: 19.800 máu, chống máy bay 419. | T17: Thấp
A18: mg_bunker | B18: Lô cốt súng máy | C18: súng máy nặng bắn nhanh (32 m, bắn cả máy bay). quét sạch trinh sát và xe nhẹ; gần như không làm xước xe tăng. | D18: Lô cốt bê tông thấp tròn hoặc lục giác, lỗ châu mai, nòng súng thò ra. Kích thước hiện 4.4 × 4.4 × 3.3 m. Nhìn rõ từ camera chéo 45–60°; hình dạng hai nhánh phải khác nhau rõ ở zoom mặc định; vạch màu phe. | E18: tháp ô nhỏ của căn cứ; bị phá thì xây lại 2 CP sau 25 s; mở khóa: có sẵn từ đầu | F18: 3300 | G18: 3/2/2/2 | H18: 36 | I18: 102 | J18: 30 | K18: 36 | L18: NSV 12,7 mm, 9M113 Konkurs, lô cốt hình nấm — Lô cốt tròn có khe bắn quanh thân | M18: giáp 0, giáp 1 | N18: nổ mạnh, đánh nóc, nổ lõm, pháo xe tăng | O18: súng máy nặng bắn nhanh (32 m, bắn cả máy bay). | P18: Đứng yên tại chỗ, bắn mọi mục tiêu trong tầm; Lô cốt súng máy · nhánh Súng máy đôi | Q18: NSV 12.7 mm [Động năng, xuyên 1, đạn súng (cỡ lớn)] 10/phát · băng 45 viên, 16 viên/s, thay 0.85 s · tầm 32 m · Tất cả | R18: Giữ. | S18: Đạt mục tiêu (102). | T18: Thấp
A19: mg_bunker.twin | B19: Lô cốt súng máy · nhánh Súng máy đôi | D19: Lô cốt bê tông thấp tròn hoặc lục giác, lỗ châu mai, nòng súng thò ra. Nhánh: Hai nòng súng máy qua lỗ châu mai. Kích thước hiện 4.4 × 4.4 × 3.3 m. Nhìn rõ từ camera chéo 45–60°; hình dạng hai nhánh phải khác nhau rõ ở zoom mặc định; vạch màu phe. | E19: tháp ô nhỏ của căn cứ; bị phá thì xây lại 2 CP sau 25 s; mở khóa: thắng màn mở khóa trong chiến dịch, hoặc mua sớm 300 x | F19: 3300 | G19: 3/2/2/2 | H19: 36 | I19: 122 | J19: 36 | K19: 43 | L19: NSV 12,7 mm (bệ đôi), lô cốt hình nấm — Lô cốt nhánh súng máy đôi | M19: giáp 0, giáp 1 | N19: nổ mạnh, đánh nóc, nổ lõm, pháo xe tăng | P19: Đứng yên tại chỗ, bắn mọi mục tiêu trong tầm; Lô cốt súng máy · nhánh Lô cốt phun lửa | Q19: NSV 12.7 mm (twin) [Động năng, xuyên 1, đạn súng (cỡ lớn)] 10/phát · băng 51 viên, 20 viên/s, thay 0.87 s · tầm 28 m · Tất cả | R19: Giữ. | S19: Ổn. | T19: Thấp
A20: mg_bunker.flame | B20: Lô cốt súng máy · nhánh Lô cốt phun lửa | D20: Lô cốt bê tông thấp tròn hoặc lục giác, lỗ châu mai, nòng súng thò ra. Nhánh: Vòi phun và bình nhiên liệu phía sau. Kích thước hiện 4.4 × 4.4 × 3.3 m. Nhìn rõ từ camera chéo 45–60°; hình dạng hai nhánh phải khác nhau rõ ở zoom mặc định; vạch màu phe. | E20: tháp ô nhỏ của căn cứ; bị phá thì xây lại 2 CP sau 25 s; mở khóa: thắng màn mở khóa trong chiến dịch, hoặc mua sớm 300 x | F20: 3300 | G20: 3/2/2/2 | H20: 36 | I20: 170 | J20: 50 | K20: 0 | L20: Abwehrflammenwerfer 42, lô cốt súng phun lửa — ước đoán: nhánh lô cốt phun lửa | M20: giáp 0, giáp 1, giáp 2 | N20: nổ mạnh, đánh nóc, nổ lõm, pháo xe tăng | P20: Đứng yên tại chỗ, bắn mọi mục tiêu trong tầm; Bãi mìn | Q20: flamethrower (bunker) [Lửa, xuyên 1, lửa nổ lan] 26/phát · hồi 0.195 s · tầm 16 m · Mặt đất | R20: Giữ. | S20: Ổn. | T20: Thấp
A22: minefield.at | B22: Bãi mìn · nhánh Bãi mìn chống tăng | D22: Vùng đất xới có biển cảnh báo; mìn chỉ phe ta thấy. Nhánh: Ít mìn lớn. Kích thước hiện 4.9 × 4.9 × 1.1 m. Nhìn rõ từ camera chéo 45–60°; hình dạng hai nhánh phải khác nhau rõ ở zoom mặc định; vạch màu phe. | E22: tháp ô nhỏ của căn cứ; bị phá thì xây lại 2 CP sau 25 s; mở khóa: thắng màn mở khóa trong chiến dịch, hoặc mua sớm 300 x | F22: 880 | G22: cấp 0 (Không giáp) · công trình | H22: 10 | I22: 0 | J22: 0 | K22: 0 | L22: TM-62, M15 — ước đoán: nhánh mìn chống tăng | N22: súng máy hạng nặng, lửa, pháo tự động, nổ mạnh, năng lượng, nổ lõm, pháo xe tăng | P22: Đứng yên tại chỗ, phục vụ phe ta; Rải một quả mìn mỗi 45 giây (tối đa 5); Bãi mìn · nhánh Bãi mìn rải | R22: Giữ. | S22: Ổn. | T22: Thấp
A23: minefield.scatter | B23: Bãi mìn · nhánh Bãi mìn rải | D23: Vùng đất xới có biển cảnh báo; mìn chỉ phe ta thấy. Nhánh: Nhiều mìn nhỏ và thùng rải. Kích thước hiện 4.9 × 4.9 × 1.1 m. Nhìn rõ từ camera chéo 45–60°; hình dạng hai nhánh phải khác nhau rõ ở zoom mặc định; vạch màu phe. | E23: tháp ô nhỏ của căn cứ; bị phá thì xây lại 2 CP sau 25 s; mở khóa: thắng màn mở khóa trong chiến dịch, hoặc mua sớm 300 x | F23: 880 | G23: cấp 0 (Không giáp) · công trình | H23: 10 | I23: 0 | J23: 0 | K23: 0 | L23: M139 Volcano, PFM-1 — ước đoán: nhánh mìn rải | N23: súng máy hạng nặng, lửa, pháo tự động, nổ mạnh, năng lượng, nổ lõm, pháo xe tăng | P23: Đứng yên tại chỗ, phục vụ phe ta; Rải một quả mìn mỗi 35 giây (tối đa 10); Tháp ô vừa (19); Sân bay dã chiến | R23: Giữ. | S23: Ổn. | T23: Thấp
A24: airfield | B24: Sân bay dã chiến | C24: máy bay bay trên nó hồi 3% máu mỗi giây và nạp đạn; chỉ huy tự đưa chúng về khi dưới 35% máu hoặc hết đạn. giúp trực thăng và máy bay bay được lâu hơn; chúng vẫn phải ra trận và có thể bị bắn rơi trên đường. | D24: Bãi đáp bê tông phẳng có vạch sơn và đèn. Kích thước hiện 10.0 × 10.0 × 0.1 m. Nhìn rõ từ camera chéo 45–60°; hình dạng hai nhánh phải khác nhau rõ ở zoom mặc định; vạch màu phe. | E24: công sự trung lập hoặc của bản đồ, không mua được | F24: 3520 | G24: cấp 1 (Mỏng) · công trình | H24: 30 | I24: 0 | J24: 0 | K24: 0 | L24: bãi đáp trực thăng (chữ H) — Bãi đáp sửa chữa và nạp đạn cho máy bay | N24: lửa, pháo tự động, nổ mạnh, nổ lõm, pháo xe tăng | O24: máy bay bay trên nó hồi 3% máu mỗi giây và nạp đạn; chỉ huy tự đưa chúng về khi dưới 35% máu hoặc hết đạn. | P24: Đứng yên tại chỗ, phục vụ phe ta; Sân bay dã chiến · Nhà chứa máy bay | R24: Giữ. | S24: Ổn. | T24: Thấp
A25: airfield.hangar | B25: Sân bay dã chiến · Nhà chứa máy bay | D25: Bãi đáp bê tông phẳng có vạch sơn và đèn. Nhánh: Nhà chứa máy bay. Kích thước hiện 10.0 × 10.0 × 0.1 m. Nhìn rõ từ camera chéo 45–60°; hình dạng hai nhánh phải khác nhau rõ ở zoom mặc định; vạch màu phe. | E25: công sự trung lập hoặc của bản đồ, không mua được | F25: 3960 | G25: cấp 2 (Vừa) · công trình | H25: 30 | I25: 0 | J25: 0 | K25: 0 | L25: nhà chứa máy bay dã chiến — ước đoán: nhánh nhà chứa | N25: nổ mạnh, nổ lõm, pháo xe tăng | P25: Đứng yên tại chỗ, phục vụ phe ta; Sân bay dã chiến · Phục vụ nhanh | R25: Giữ. | S25: Ổn. | T25: Thấp
A26: airfield.service | B26: Sân bay dã chiến · Phục vụ nhanh | D26: Bãi đáp bê tông phẳng có vạch sơn và đèn. Nhánh: Xe tiếp nhiên liệu và thùng đạn. Kích thước hiện 10.0 × 10.0 × 0.1 m. Nhìn rõ từ camera chéo 45–60°; hình dạng hai nhánh phải khác nhau rõ ở zoom mặc định; vạch màu phe. | E26: công sự trung lập hoặc của bản đồ, không mua được | F26: 3520 | G26: cấp 1 (Mỏng) · công trình | H26: 30 | I26: 0 | J26: 0 | K26: 0 | L26: FARP (điểm tiếp đạn và nhiên liệu tiền phương) — ước đoán: nhánh phục vụ máy bay | N26: lửa, pháo tự động, nổ mạnh, nổ lõm, pháo xe tăng | P26: Đứng yên tại chỗ, phục vụ phe ta M; Kho đạn | R26: Giữ. | S26: Ổn. | T26: Thấp
A28: atgm_tower | B28: Tháp tên lửa chống tăng | C28: bệ phóng Kornet đôi bắn tên lửa chống tăng theo cặp xa tới 50 m. chặn xe tăng và giáp dày từ xa; APS và la-de phòng không bắn hạ được tên lửa của nó, pháo binh bắn xa hơn nó. | D28: Bệ phóng tên lửa đôi trên tháp thép thấp có tấm chắn. Kích thước hiện 5.2 × 5.2 × 5.0 m. Nhìn rõ từ camera chéo 45–60°; hình dạng hai nhánh phải khác nhau rõ ở zoom mặc định; vạch màu phe. | E28: tháp ô vừa của căn cứ; bị phá thì xây lại 4 CP sau 40 s; mở khóa: thắng màn mở khóa trong chiến dịch, hoặc mua sớm 300 x | F28: 1980 | G28: cấp 2 (Vừa) · công trình | H28: 55 | I28: 45 | J28: 93 | K28: 0 | L28: 9M133 Kornet — Tháp bê tông phóng tên lửa chống tăng | M28: giáp 0, giáp 1, giáp 2, giáp 3, giáp 4, công trình | N28: nổ mạnh, nổ lõm, pháo xe tăng | O28: bệ phóng Kornet đôi bắn tên lửa chống tăng theo cặp xa tới 50 m. | P28: Đứng yên tại chỗ, bắn mọi mục tiêu trong tầm 9; S; K; T; 9; Tháp tên lửa chống tăng · nhánh Tấn công từ trên | Q28: 9M133 Kornet [Nổ lõm, xuyên 4, tên lửa chống tăng dẫn đường] 230/phát · loạt 2, hồi 4.35 s · tầm 50 m · Mặt đất | R28: Giữ. | S28: Đạt mục tiêu (45/93). | T28: Thấp
A29: atgm_tower.top | B29: Tháp tên lửa chống tăng · nhánh Tấn công từ trên | D29: Bệ phóng tên lửa đôi trên tháp thép thấp có tấm chắn. Nhánh: Bệ phóng cao, tên lửa bay vòng lên. Kích thước hiện 5.2 × 5.2 × 5.0 m. Nhìn rõ từ camera chéo 45–60°; hình dạng hai nhánh phải khác nhau rõ ở zoom mặc định; vạch màu phe. | E29: tháp ô vừa của căn cứ; bị phá thì xây lại 4 CP sau 40 s; mở khóa: thắng màn mở khóa trong chiến dịch, hoặc mua sớm 300 x | F29: 1980 | G29: cấp 2 (Vừa) · công trình | H29: 55 | I29: 40 | J29: 100 | K29: 0 | L29: 9M133 Kornet, FGM-148 Javelin (đánh nóc) — ước đoán (Javelin): nhánh tên lửa đánh nóc | M29: giáp 0, giáp 1, giáp 2, giáp 3, giáp 4, công trình | N29: nổ mạnh, nổ lõm, pháo xe tăng | P29: Đứng yên tại chỗ, bắn mọi mục tiêu trong tầm; Tháp tên lửa chống tăng · nhánh Đa năng | Q29: 9M133 Kornet [Nổ lõm, xuyên 4, tên lửa chống tăng đánh nóc] dẫn đường/phát · 230 · tầm loạt 2, hồi 4 s · 50 m | R29: Giữ. | S29: Ổn. | T29: Thấp
A30: atgm_tower.multi | B30: Tháp tên lửa chống tăng · nhánh Đa năng | D30: Bệ phóng tên lửa đôi trên tháp thép thấp có tấm chắn. Nhánh: Bệ xoay 4 ống có cảm biến phòng không. Kích thước hiện 5.2 × 5.2 × 5.0 m. Nhìn rõ từ camera chéo 45–60°; hình dạng hai nhánh phải khác nhau rõ ở zoom mặc định; vạch màu phe. | E30: tháp ô vừa của căn cứ; bị phá thì xây lại 4 CP sau 40 s; mở khóa: thắng màn mở khóa trong chiến dịch, hoặc mua sớm 300 x | F30: 1980 | G30: cấp 2 (Vừa) · công trình | H30: 55 | I30: 67 | J30: 79 | K30: 28 | L30: 9M133 Kornet, Kornet-EM (bệ nhiều ống) — ước đoán (Kornet-EM): nhánh đa năng bốn ống và radar nhỏ | M30: giáp 0, giáp 1, giáp 2, giáp 3, giáp 4, công trình | N30: nổ mạnh, nổ lõm, pháo xe tăng | P30: Đứng yên tại chỗ, bắn mọi mục tiêu trong tầm; Trạm C-RAM | Q30: 9M133 Kornet [Nổ lõm, xuyên 4, tên lửa chống tăng dẫn đường] 230/phát · loạt 2, hồi 4.35 s · tầm 50 m · Tất cả | R30: Giữ. | S30: Ổn. | T30: Thấp
A31: c_ram | B31: Trạm C-RAM | C31: bắn hạ rốc-két, tên lửa, drone và khoảng một phần ba đạn pháo nhắm vào trong 35 m, hai quả đánh chặn cùng lúc; pháo nhiều che căn cứ khỏi pháo binh, rốc-két và drone; không có gì đánh xe mặt đất. | D31: Tháp pháo nhiều nòng màu trắng với vòm radar hình trụ trên đỉnh. Kích thước hiện 5.6 × 5.6 × 5.4 m. Nhìn rõ từ camera chéo 45–60°; hình dạng hai nhánh phải khác nhau rõ ở zoom mặc định; vạch màu phe. | E31: tháp ô vừa của căn cứ; bị phá thì xây lại 4 CP sau 40 s; mở khóa: thắng màn mở khóa trong chiến dịch, hoặc mua sớm 300 x | F31: 2860 | G31: cấp 1 (Mỏng) · công trình | H31: 60 | I31: 0 | J31: 0 | K31: 0 | L31: Centurion C-RAM, Phalanx Block 1B (M61 20 mm) — Pháo phòng thủ tầm gần chống rốc-két, pháo và cối | N31: lửa, pháo tự động, nổ mạnh, nổ lõm, pháo xe tăng | O31: bắn hạ rốc-két, tên lửa, drone và khoảng một phần ba đạn pháo nhắm vào trong 35 m, hai quả đánh chặn cùng lúc; pháo nhiều | P31: Đứng yên tại chỗ, bắn mọi mục tiêu trong tầm; APS: bắn hạ tên lửa, drone và rốc-két bắn thẳng nhắm vào trong 35 m (4 lần liền, hồi một lần; mỗi 0,6 giây); Bắn hạ cả rốc-két pháo binh; Và 30% số đạn pháo; Trạm C-RAM · nhánh Centurion | Q31: Phalanx M61 20 mm [Mảnh, xuyên 1, đạn nổ trên không nổ lan] 13/phát · băng 23 viên, 8 viên/s, thay 1 s · tầm 32 m · Trên không | R31: • Vũ khí: Phalanx 20 mm: 2/phát · 50 viên/s · băng 200 (giữ khả năng đánh chặn) | S31: • Vũ khí: Phalanx 20 mm: Không có cảm giác luồng đạn CIWS. | T31: Trung
A32: c_ram.centurion | B32: Trạm C-RAM · nhánh Centurion | D32: Tháp pháo nhiều nòng màu trắng với vòm radar hình trụ trên đỉnh. Nhánh: Súng nhiều nòng có radar cầu. Kích thước hiện 5.6 × 5.6 × 5.4 m. Nhìn rõ từ camera chéo 45–60°; hình dạng hai nhánh phải khác nhau rõ ở zoom mặc định; vạch màu phe. | E32: tháp ô vừa của căn cứ; bị phá thì xây lại 4 CP sau 40 s; mở khóa: thắng màn mở khóa trong chiến dịch, hoặc mua sớm 300 x | F32: 2860 | G32: cấp 1 (Mỏng) · công trình | H32: 60 | I32: 0 | J32: 0 | K32: 0 | L32: Centurion C-RAM, Phalanx CIWS — Nhánh C-RAM tầm gần | N32: lửa, pháo tự động, nổ mạnh, nổ lõm, pháo xe tăng | P32: Đứng yên tại chỗ, bắn mọi mục tiêu trong tầm; APS: bắn hạ tên lửa, drone và rốc-két bắn thẳng nhắm vào trong 35 m (5 lần liền, hồi một lần; mỗi 0,4 giây); Bắn hạ cả rốc-két pháo binh; Và 40% số đạn pháo; Trạm C-RAM · nhánh Vòm Sắt | Q32: Phalanx M61 20 mm [Mảnh, xuyên 1, đạn nổ trên không nổ lan] 13/phát · băng 23 viên, 8 viên/s, thay 1 s · tầm 32 m · Trên không | R32: Như c_ram. | S32: Ổn. | T32: Thấp
A33: c_ram.dome | B33: Trạm C-RAM · nhánh Vòm Sắt | D33: Tháp pháo nhiều nòng màu trắng với vòm radar hình trụ trên đỉnh. Nhánh: Giàn phóng tên lửa đánh chặn nghiêng. Kích thước hiện 5.6 × 5.6 × 5.4 m. Nhìn rõ từ camera chéo 45–60°; hình dạng hai nhánh phải khác nhau rõ ở zoom mặc định; vạch màu phe. | E33: tháp ô vừa của căn cứ; bị phá thì xây lại 4 CP sau 40 s; mở khóa: thắng màn mở khóa trong chiến dịch, hoặc mua sớm 300 x | F33: 2860 | G33: cấp 1 (Mỏng) · công trình | H33: 64 | I33: 0 | J33: 0 | K33: 21 | L33: Iron Dome (tên lửa Tamir) — Nhánh Vòm Sắt đánh chặn rốc-két | M33: trên không | N33: lửa, pháo tự động, nổ mạnh, nổ lõm, pháo xe tăng | P33: Đứng yên tại chỗ, bắn mọi mục tiêu trong tầm; Tên lửa đánh chặn: bắn hạ đạn nhắm vào trong 60 m (6 quả trong bệ phóng, nạp lại đủ sau 12; giây kể từ lần phóng cuối); Chỉ chặn đạn bay cầu vồng từ xa: rốc-két pháo binh, drone và tên lửa tầm xa; không chặn đạn; bắn thẳng (đạn pháo bắn thẳng, tên lửa chống tăng, ống phóng rốc-két) và Năng lượng; Và 50% số đạn pháo; Tháp pháo | Q33: Tamir interceptor (Iron Dome) [Mảnh, xuyên 2, tên lửa phòng không dẫn đường] nổ lan/phát · 110 · tầm hồi 3.5 s · 60 m | R33: Tốc độ tên lửa Tamir: xem sheet Tốc độ tên lửa. | S33: Ổn. | T33: Thấp
A34: gun_turret | B34: Tháp pháo | C34: pháo 120 mm xuyên giáp của tăng chủ lực đặt trên bệ cố định. thắng xe tăng và xe nhẹ lọt vào tầm 32 m; bị xe diệt tăng và pháo binh bắn xa hơn. | D34: Tháp pháo xe tăng đặt trên bệ bê tông vuông, nòng 120 mm dài. Kích thước hiện 8.9 × 5.0 × 4.0 m. Nhìn rõ từ camera chéo 45–60°; hình dạng hai nhánh phải khác nhau rõ ở zoom mặc định; vạch màu phe. | E34: tháp ô vừa của căn cứ; bị phá thì xây lại 4 CP sau 40 s; mở khóa: có sẵn từ đầu | F34: 3960 | G34: cấp 3 (Dày) · công trình | H34: 42 | I34: 65 | J34: 83 | K34: 0 | L34: Rh-120 L/44 120 mm, tháp xe tăng T-55 / T-72 chôn làm công sự — ước đoán: tháp pháo 120 mm trên công sự chôn | M34: giáp 0, giáp 1, giáp 2, giáp 3, giáp 4, công trình | N34: nổ mạnh, nổ lõm, pháo xe tăng | O34: pháo 120 mm xuyên giáp của tăng chủ lực đặt trên bệ cố định. | P34: Đứng yên tại chỗ, bắn mọi mục tiêu trong tầm; Tháp pháo · nhánh Pháo bắn tỉa | Q34: Rh-120 L/44 120 mm [Động năng, xuyên 4, đạn pháo động năng (≥120 mm) nổ lan] 240/phát · hồi 2.88 s · tầm 32 m · Mặt đất | R34: Giữ. | S34: Đạt mục tiêu (65/83). | T34: Thấp
A35: gun_turret.long | B35: Tháp pháo · nhánh Pháo bắn tỉa | D35: Tháp pháo xe tăng đặt trên bệ bê tông vuông, nòng 120 mm dài. Nhánh: Một nòng rất dài có ống ngắm. Kích thước hiện 8.9 × 5.0 × 4.0 m. Nhìn rõ từ camera chéo 45–60°; hình dạng hai nhánh phải khác nhau rõ ở zoom mặc định; vạch màu phe. | E35: tháp ô vừa của căn cứ; bị phá thì xây lại 4 CP sau 40 s; mở khóa: thắng màn mở khóa trong chiến dịch, hoặc mua sớm 300 x | F35: 3960 | G35: cấp 3 (Dày) · công trình | H35: 42 | I35: 48 | J35: 62 | K35: 0 | L35: Rh-120 L/55 (Leopard 2A6) — Nhánh pháo bắn tỉa 120 mm nòng dài | M35: giáp 0, giáp 1, giáp 2, giáp 3, giáp 4, công trình | N35: nổ mạnh, nổ lõm, pháo xe tăng | P35: Đứng yên tại chỗ, bắn mọi mục tiêu trong tầm; Tháp pháo · nhánh Pháo tự động 57 mm | Q35: Rh-120 L/55 120 mm [Động năng, xuyên 4, đạn pháo động năng (≥120 mm) nổ lan] 240/phát · hồi 3.9 s · tầm 48 m · Mặt đất | R35: • Vũ khí: 120 mm L/55: phát đầu tiên vào mục tiêu mới +50% sát thương, hoặc xuyên +1 cấp | S35: • Vũ khí: 120 mm L/55: Nhánh bắn tỉa cần một ưu thế rõ ngoài tầm. | T35: Trung
A36: gun_turret.auto | B36: Tháp pháo · nhánh Pháo tự động 57 mm | D36: Tháp pháo xe tăng đặt trên bệ bê tông vuông, nòng 120 mm dài. Nhánh: Tháp nhỏ hai nòng ngắn có radar. Kích thước hiện 8.9 × 5.0 × 4.0 m. Nhìn rõ từ camera chéo 45–60°; hình dạng hai nhánh phải khác nhau rõ ở zoom mặc định; vạch màu phe. | E36: tháp ô vừa của căn cứ; bị phá thì xây lại 4 CP sau 40 s; mở khóa: thắng màn mở khóa trong chiến dịch, hoặc mua sớm 300 x | F36: 3960 | G36: cấp 3 (Dày) · công trình | H36: 42 | I36: 86 | J36: 43 | K36: 111 | L36: AU-220M 57 mm — Nhánh pháo tự động 57 mm hai nòng | M36: giáp 0, giáp 1, giáp 2 | N36: nổ mạnh, nổ lõm, pháo xe tăng | P36: Đứng yên tại chỗ, bắn mọi mục tiêu trong tầm; Trạm hậu cần | Q36: AU-220 57 mm (tower) [Động năng, xuyên 2, đạn pháo động năng (pháo tự động) nổ lan] 70/phát · băng 6 viên, 2 viên/s, thay 2.4 s · tầm 40 m · Tất cả | R36: Giữ. | S36: Ổn (86/43/111). | T36: Thấp
A37: logistics_station | B37: Trạm hậu cần | C37: mức tiếp tế của quân ta tăng thêm 8 CP trước khi phí duy trì làm giảm thu nhập. cho đội quân lớn giữ nguyên thu nhập; vô ích với đội quân nhỏ. | D37: Bãi container và xe nâng. Kích thước hiện 8.0 × 10.0 × 3.8 m. Nhìn rõ từ camera chéo 45–60°; hình dạng hai nhánh phải khác nhau rõ ở zoom mặc định; vạch màu phe. | E37: công sự trung lập hoặc của bản đồ, không mua được | F37: 3080 | G37: cấp 1 (Mỏng) · công trình | H37: 30 | I37: 0 | J37: 0 | K37: 0 | L37: kho nhiên liệu dã chiến (bồn nằm trong đê đất) — Trạm hậu cần, thêm tiếp tế cho quân | N37: lửa, pháo tự động, nổ mạnh, nổ lõm, pháo xe tăng | O37: mức tiếp tế của quân ta tăng thêm 8 CP trước khi phí duy trì làm giảm thu nhập. | P37: Đứng yên tại chỗ, phục vụ phe ta; Trạm radar | R37: Giữ. | S37: Ổn. | T37: Thấp
A39: repair_bay | B39: Xưởng sửa chữa | C39: xe trong vòng 35 m quanh sở chỉ huy hồi 1,5% máu mỗi giây, kể cả giữa trận. giữ quân phòng thủ đứng vững; không giúp gì xe ở ngoài chiến trường. | D39: Nhà xưởng mái tôn có cần cẩu cổng. Kích thước hiện 10.1 × 14.2 × 6.4 m. Nhìn rõ từ camera chéo 45–60°; hình dạng hai nhánh phải khác nhau rõ ở zoom mặc định; vạch màu phe. | E39: công sự trung lập hoặc của bản đồ, không mua được | F39: 3520 | G39: cấp 2 (Vừa) · công trình | H39: 30 | I39: 0 | J39: 0 | K39: 0 | L39: nhà vòm thép Quonset / Nissen — ước đoán: xưởng sửa chữa xe dã chiến | N39: nổ mạnh, nổ lõm, pháo xe tăng | O39: xe trong vòng 35 m quanh sở chỉ huy hồi 1,5% máu mỗi giây, kể cả giữa trận. | P39: Đứng yên tại chỗ, phục vụ phe ta; Dàn rốc-két | R39: Giữ. | S39: Ổn. | T39: Thấp
A40: rocket_turret | B40: Dàn rốc-két | C40: phóng loạt sáu rốc-két theo đường cầu vồng vào mục tiêu mặt đất cách 8–55 m, vượt qua tường và vật che (từ sân trong vào quân trừng phạt cụm xe nhẹ và pháo binh; xe tăng chịu rốc-két khá tốt, đạn nổ mạnh phá nó nhanh. | D40: Giàn rốc-két 40 ống trên bệ xoay thấp. Kích thước hiện 4.7 × 4.7 × 3.4 m. Nhìn rõ từ camera chéo 45–60°; hình dạng hai nhánh phải khác nhau rõ ở zoom mặc định; vạch màu phe. | E40: tháp ô vừa của căn cứ; bị phá thì xây lại 4 CP sau 40 s; mở khóa: thắng màn mở khóa trong chiến dịch, hoặc mua sớm 300 x | F40: 2420 | G40: cấp 1 (Mỏng) · công trình | H40: 55 | I40: 87 | J40: 40 | K40: 0 | L40: BM-21 Grad 122 mm — Giàn phóng rốc-két sau tường chắn | M40: giáp 0, giáp 1, giáp 2, công trình | N40: lửa, pháo tự động, nổ mạnh, nổ lõm, pháo xe tăng | O40: phóng loạt sáu rốc-két theo đường cầu vồng vào mục tiêu mặt đất cách 8–55 m, vượt qua tường và vật che (từ sân trong vào quân | P40: Đứng yên tại chỗ, bắn mọi mục tiêu trong tầm; Dàn rốc-két · nhánh Rốc-két chùm | Q40: BM-21 Grad 122 mm [Nổ mạnh, xuyên 2, rốc-két đánh nóc] nổ lan/phát · 57 · tầm loạt 6, hồi 3.35 s · 55 m (tối thiểu 8) | R40: • Vũ khí: Grad: +15% sát thương hoặc nạp 3,35→2,9 s | S40: • Vũ khí: Grad: Hơi dưới mục tiêu 110/45. | T40: Thấp
A41: rocket_turret.cluster | B41: Dàn rốc-két · nhánh Rốc-két chùm | D41: Giàn rốc-két 40 ống trên bệ xoay thấp. Nhánh: Giàn ray mở nhiều ống. Kích thước hiện 4.7 × 4.7 × 3.4 m. Nhìn rõ từ camera chéo 45–60°; hình dạng hai nhánh phải khác nhau rõ ở zoom mặc định; vạch màu phe. | E41: tháp ô vừa của căn cứ; bị phá thì xây lại 4 CP sau 40 s; mở khóa: thắng màn mở khóa trong chiến dịch, hoặc mua sớm 300 x | F41: 2420 | G41: cấp 1 (Mỏng) · công trình | H41: 55 | I41: 90 | J41: 41 | K41: 0 | L41: BM-21 Grad 122 mm (đầu đạn chùm) — Nhánh rốc-két chùm | M41: giáp 0, giáp 1, giáp 2, công trình | N41: lửa, pháo tự động, nổ mạnh, nổ lõm, pháo xe tăng | P41: Đứng yên tại chỗ, bắn mọi mục tiêu trong tầm; Dàn rốc-két · nhánh Rốc-két dẫn đường | Q41: BM-21 Grad 122 mm (cluster) [Nổ mạnh, xuyên 2, bom chùm đánh nóc] nổ lan/phát · 57 · tầm loạt 6, hồi 3.2 s · 55 m (tối thiểu 8) | R41: Giữ. | S41: Ổn. | T41: Thấp
A42: rocket_turret.guided | B42: Dàn rốc-két · nhánh Rốc-két dẫn đường | D42: Giàn rốc-két 40 ống trên bệ xoay thấp. Nhánh: Hộp phóng kín. Kích thước hiện 4.7 × 4.7 × 3.4 m. Nhìn rõ từ camera chéo 45–60°; hình dạng hai nhánh phải khác nhau rõ ở zoom mặc định; vạch màu phe. | E42: tháp ô vừa của căn cứ; bị phá thì xây lại 4 CP sau 40 s; mở khóa: thắng màn mở khóa trong chiến dịch, hoặc mua sớm 300 x | F42: 2420 | G42: cấp 1 (Mỏng) · công trình | H42: 95 | I42: 27 | J42: 27 | K42: 0 | L42: M31 GMLRS 227 mm — Nhánh rốc-két dẫn đường tầm xa | M42: giáp 0, giáp 1, giáp 2, giáp 3, công trình | N42: lửa, pháo tự động, nổ mạnh, nổ lõm, pháo xe tăng | P42: Đứng yên tại chỗ, bắn mọi mục tiêu trong tầm; Tháp ô lớn (15); Trận địa pháo | Q42: M31 GMLRS 227 mm (tower) [Nổ mạnh, xuyên 3, rốc-két (cỡ lớn) đánh nóc] nổ lan/phát · 100 · tầm loạt 2, hồi 7 s · 90 m (tối thiểu 20) | R42: • Vũ khí: GMLRS dẫn đường: 160/phát · nổ lan 4,5 m · tốc độ 50 · mục tiêu ~60/60 | S42: • Vũ khí: GMLRS dẫn đường: Nhánh gần như vô dụng; GMLRS thật chính xác và mạnh với công trình. | T42: Cao
A46: drone_hangar | B46: Nhà chứa drone | C46: cứ 20 giây phóng hai drone FPV cảm tử vào địch xa tới 70 m, mạnh lên giáp và công trình. bào mòn thứ gì đứng ngoài tầm các tháp khác; APS, la-de và máy gây nhiễu chặn được drone. | D46: Nhà chứa mái vòm thấp có cửa cuốn và ray phóng drone. Kích thước hiện 8.0 × 8.0 × 5.0 m. Nhìn rõ từ camera chéo 45–60°; hình dạng hai nhánh phải khác nhau rõ ở zoom mặc định; vạch màu phe. | E46: tháp ô lớn của căn cứ; bị phá thì xây lại 7 CP sau 60 s; mở khóa: thắng màn mở khóa trong chiến dịch, hoặc mua sớm 300 x | F46: 4840 | G46: cấp 2 (Vừa) · công trình | H46: 60 | I46: 59 | J46: 59 | K46: 0 | L46: hầm trú ẩn máy bay bê tông dạng vòm, drone FPV — Hầm vòm phủ đất phóng drone FPV | M46: giáp 0, giáp 1, giáp 2, giáp 3, công trình | N46: nổ mạnh, nổ lõm, pháo xe tăng | O46: cứ 20 giây phóng hai drone FPV cảm tử vào địch xa tới 70 m, mạnh lên giáp và công trình. | P46: Đứng yên tại chỗ, bắn mọi mục tiêu trong tầm; Nhà chứa drone · nhánh Nhà chứa Lancet | Q46: FPV drone (1.5 kg) [Nổ lõm, xuyên 3, drone (FPV) đánh nóc] dẫn đường/phát · nổ lan · tầm 140 · loạt 4, hồi 6.5 s | R46: Giữ. | S46: Đạt mục tiêu. | T46: Thấp
A47: drone_hangar.lancet | B47: Nhà chứa drone · nhánh Nhà chứa Lancet | D47: Nhà chứa mái vòm thấp có cửa cuốn và ray phóng drone. Nhánh: Đường ray phóng Lancet. Kích thước hiện 8.0 × 8.0 × 5.0 m. Nhìn rõ từ camera chéo 45–60°; hình dạng hai nhánh phải khác nhau rõ ở zoom mặc định; vạch màu phe. | E47: tháp ô lớn của căn cứ; bị phá thì xây lại 7 CP sau 60 s; mở khóa: thắng màn mở khóa trong chiến dịch, hoặc mua sớm 300 x | F47: 4840 | G47: cấp 2 (Vừa) · công trình | H47: 60 | I47: 67 | J47: 67 | K47: 0 | L47: ZALA Lancet-3 (máy phóng ray) — Nhánh phóng Lancet | M47: giáp 0, giáp 1, giáp 2, giáp 3, giáp 4, công trình | N47: nổ mạnh, nổ lõm, pháo xe tăng | P47: Đứng yên tại chỗ, bắn mọi mục tiêu trong tầm; Nhà chứa drone · nhánh Bầy đàn | Q47: ZALA Lancet-3 (3 kg) [Nổ lõm, xuyên 4, drone (Lancet) đánh nóc] dẫn đường/phát · 240 · tầm hồi 3.6 s · 100 m | R47: Giữ. | S47: Ổn. | T47: Thấp
A48: drone_hangar.swarm | B48: Nhà chứa drone · nhánh Bầy đàn | D48: Nhà chứa mái vòm thấp có cửa cuốn và ray phóng drone. Nhánh: Giá nhiều khoang drone nhỏ. Kích thước hiện 8.0 × 8.0 × 5.0 m. Nhìn rõ từ camera chéo 45–60°; hình dạng hai nhánh phải khác nhau rõ ở zoom mặc định; vạch màu phe. | E48: tháp ô lớn của căn cứ; bị phá thì xây lại 7 CP sau 60 s; mở khóa: thắng màn mở khóa trong chiến dịch, hoặc mua sớm 300 x | F48: 4840 | G48: cấp 2 (Vừa) · công trình | H48: 60 | I48: 77 | J48: 77 | K48: 0 | L48: bầy drone FPV — Nhánh phóng bầy drone | M48: giáp 0, giáp 1, giáp 2, giáp 3, công trình | N48: nổ mạnh, nổ lõm, pháo xe tăng | P48: Đứng yên tại chỗ, bắn mọi mục tiêu trong tầm; Pháo đài hạng nặng | Q48: FPV drone (1.5 kg) [Nổ lõm, xuyên 3, drone (FPV) đánh nóc] dẫn đường/phát · nổ lan · tầm 140 · loạt 4, hồi 5.5 s | R48: Giữ. | S48: Ổn. | T48: Thấp
A49: heavy_turret | B49: Pháo đài hạng nặng | C49: tháp pháo đôi 155 mm xoay chậm, bắn loạt đôi đạn nổ mạnh tới 50 m. phá nát xe nhẹ, cụm quân và xe tăng trong góc bắn; là công trình nên ăn 1,5× sát thương nổ mạnh, sợ ít đạn súng máy. | D49: Tháp pháo đôi 155 mm lớn trên bệ bê tông, ốp giáp. Kích thước hiện 10.3 × 8.0 × 6.1 m. Nhìn rõ từ camera chéo 45–60°; hình dạng hai nhánh phải khác nhau rõ ở zoom mặc định; vạch màu phe. | E49: tháp ô lớn của căn cứ; bị phá thì xây lại 7 CP sau 60 s; mở khóa: thắng màn mở khóa trong chiến dịch, hoặc mua sớm 300 x | F49: 6160 | G49: 4/3/3/3 | H49: 60 | I49: 138 | J49: 98 | K49: 0 | L49: AK-130 130 mm (tháp pháo hạm đặt trên bờ), A-222 Bereg, M284 155 mm — Tháp pháo bờ biển hai nòng 155 mm | M49: giáp 0, giáp 1, giáp 2, giáp 3, công trình | N49: nổ mạnh, đánh nóc | O49: tháp pháo đôi 155 mm xoay chậm, bắn loạt đôi đạn nổ mạnh tới 50 m. | P49: Đứng yên tại chỗ, bắn mọi mục tiêu trong tầm; Pháo đài hạng nặng · nhánh Pháo bờ biển tầm xa | Q49: M284 155 mm (twin) [Nổ mạnh, xuyên 3, đạn pháo nổ mạnh nổ lan] 320/phát · loạt 2, hồi 5.5 s · tầm 50 m · Mặt đất | R49: • Vũ khí: 155 mm đôi: thêm đạn xuyên 155 mm (xuyên 4, ~300/phát), tự đổi như Tăng hạng nặng; nổ lan 4,5→7 m | S49: • Vũ khí: 155 mm đôi: Chống xe nặng dưới mục tiêu 140; bán kính nổ lệch các khẩu 155 khác. | T49: Trung
A50: heavy_turret.coastal | B50: Pháo đài hạng nặng · nhánh Pháo bờ biển tầm xa | D50: Tháp pháo đôi 155 mm lớn trên bệ bê tông, ốp giáp. Nhánh: Tháp đôi nòng dài quay ra xa. Kích thước hiện 10.3 × 8.0 × 6.1 m. Nhìn rõ từ camera chéo 45–60°; hình dạng hai nhánh phải khác nhau rõ ở zoom mặc định; vạch màu phe. | E50: tháp ô lớn của căn cứ; bị phá thì xây lại 7 CP sau 60 s; mở khóa: thắng màn mở khóa trong chiến dịch, hoặc mua sớm 300 x | F50: 6160 | G50: 4/3/3/3 | H50: 60 | I50: 138 | J50: 98 | K50: 0 | L50: A-222 Bereg (240 mm), AK-130 130 mm (tháp pháo hạm đặt trên bờ), K-300P Bastion-P, M284 155 mm (tầm xa) — Nhánh pháo bờ biển tầm xa | M50: giáp 0, giáp 1, giáp 2, giáp 3, công trình | N50: nổ mạnh, đánh nóc | P50: Đứng yên tại chỗ, bắn mọi mục tiêu trong tầm; Pháo đài hạng nặng · nhánh Pháo đài thép | Q50: M284 155 mm (twin, long-range coastal) [Nổ mạnh, xuyên 3, đạn pháo nổ mạnh nổ lan] 320/phát · loạt 2, hồi 5.5 s · tầm 72 m · Mặt đất | R50: Như heavy_turret. | S50: Ổn. | T50: Thấp
A51: heavy_turret.bastion | B51: Pháo đài hạng nặng · nhánh Pháo đài thép | D51: Tháp pháo đôi 155 mm lớn trên bệ bê tông, ốp giáp. Nhánh: Ốp giáp dày, 2 tháp súng phụ nhỏ. Kích thước hiện 10.3 × 8.0 × 6.1 m. Nhìn rõ từ camera chéo 45–60°; hình dạng hai nhánh phải khác nhau rõ ở zoom mặc định; vạch màu phe. | E51: tháp ô lớn của căn cứ; bị phá thì xây lại 7 CP sau 60 s; mở khóa: thắng màn mở khóa trong chiến dịch, hoặc mua sớm 300 x | F51: 9548 | G51: 4/3/3/3 | H51: 60 | I51: 229 | J51: 125 | K51: 32 | L51: pháo đài tuyến Maginot (tháp pháo ở góc) — ước đoán: nhánh pháo đài thép hai tháp nhỏ ở góc | M51: giáp 0, giáp 1, giáp 2, giáp 3, công trình | N51: nổ mạnh, đánh nóc | P51: Đứng yên tại chỗ, bắn mọi mục tiêu trong tầm; Tên lửa Patriot tầm xa | Q51: M284 155 mm (twin) [Nổ mạnh, xuyên 3, đạn pháo nổ mạnh nổ lan] 320/phát · loạt 2, hồi 5.5 s · tầm 50 m · Mặt đất M2 Browning 12.7 mm [Động năng, xuyên 1, đạn súng (cỡ lớn)] 10/phát · băng 28 viên, 9 viên/s, thay 2.02 s · tầm 30 m · Tất cả M2 Browning 12.7 mm [Động năng, xuyên 1, đạn súng (cỡ lớn)] 10/phát · băng 28 viên, 9 viên/s, thay 2.02 s · tầm 30 m · Tất cả | R51: Giữ. | S51: Ổn. | T51: Thấp
A52: missile_battery | B52: Tên lửa Patriot tầm xa | C52: radar nhìn xa 85 m, phóng tên lửa từng cặp vào máy bay cách tới 62 m; không có gì để đánh mặt đất. bắn xa hơn gần như mọi máy bay; nhưng bất kỳ lực lượng mặt đất nào cũng áp sát và phá được nó. | D52: Bệ phóng 4 hộp tên lửa lớn nghiêng cạnh xe radar mảng pha. Kích thước hiện 7.0 × 9.1 × 7.3 m. Nhìn rõ từ camera chéo 45–60°; hình dạng hai nhánh phải khác nhau rõ ở zoom mặc định; vạch màu phe. | E52: tháp ô lớn của căn cứ; bị phá thì xây lại 7 CP sau 60 s; mở khóa: thắng màn mở khóa trong chiến dịch, hoặc mua sớm 300 x | F52: 4180 | G52: cấp 1 (Mỏng) · công trình | H52: 95 | I52: 0 | J52: 0 | K52: 188 | L52: MIM-104 Patriot PAC-2, S-300 — Trận địa tên lửa phòng không bốn ống phóng | M52: trên không | N52: lửa, pháo tự động, nổ mạnh, nổ lõm, pháo xe tăng | O52: radar nhìn xa 85 m, phóng tên lửa từng cặp vào máy bay cách tới 62 m; không có gì để đánh mặt đất. | P52: Đứng yên tại chỗ, bắn mọi mục tiêu trong tầm; Tên lửa Patriot tầm xa · nhánh PAC-3 đánh chặn | Q52: MIM-104 Patriot PAC-2 [Mảnh, xuyên 3, tên lửa phòng không đánh nóc] dẫn đường/phát · nổ lan · tầm 340 · loạt 2, hồi 4.24 s | R52: • Vũ khí: Patriot PAC-2: chống máy bay 300 · tốc độ 60 (bay 1,5 s) | S52: • Vũ khí: Patriot PAC-2: Tháp ô lớn phải mạnh hơn tháp ô nhỏ; tên lửa phải bắt kịp máy bay. | T52: Cao
A53: missile_battery.pac3 | B53: Tên lửa Patriot tầm xa · nhánh PAC-3 đánh chặn | D53: Bệ phóng 4 hộp tên lửa lớn nghiêng cạnh xe radar mảng pha. Nhánh: Hộp phóng nhiều ống nhỏ. Kích thước hiện 7.0 × 9.1 × 7.3 m. Nhìn rõ từ camera chéo 45–60°; hình dạng hai nhánh phải khác nhau rõ ở zoom mặc định; vạch màu phe. | E53: tháp ô lớn của căn cứ; bị phá thì xây lại 7 CP sau 60 s; mở khóa: thắng màn mở khóa trong chiến dịch, hoặc mua sớm 300 x | F53: 4180 | G53: cấp 1 (Mỏng) · công trình | H53: 95 | I53: 0 | J53: 0 | K53: 150 | L53: Patriot PAC-3 MSE — Nhánh tên lửa PAC-3 | M53: trên không | N53: lửa, pháo tự động, nổ mạnh, nổ lõm, pháo xe tăng | P53: Đứng yên tại chỗ, bắn mọi mục tiêu trong tầm; Tên lửa đánh chặn: bắn hạ đạn nhắm vào trong 72 m (4 quả trong bệ phóng, nạp lại đủ sau 16; giây kể từ lần phóng cuối); Chỉ chặn đạn bay cầu vồng từ xa: rốc-két pháo binh, drone và tên lửa tầm xa; không chặn đạn; bắn thẳng (đạn pháo bắn thẳng, tên lửa chống tăng, ống phóng rốc-két) và Năng lượng; Tên lửa Patriot tầm xa · nhánh Radar tầm xa | Q53: Patriot PAC-3 MSE [Mảnh, xuyên 3, tên lửa phòng không đánh nóc] dẫn đường/phát · nổ lan · tầm 360 · loạt 2, hồi 5.8 s | R53: • Vũ khí: PAC-3: tốc độ 65; đo số tên lửa đòn lớn boss bắn hạ được | S53: • Vũ khí: PAC-3: Tên lửa đánh chặn phải nhanh hơn tên lửa hành trình và đạn đạo. | T53: Trung
A54: missile_battery.lrr | B54: Tên lửa Patriot tầm xa · nhánh Radar tầm xa | D54: Bệ phóng 4 hộp tên lửa lớn nghiêng cạnh xe radar mảng pha. Nhánh: Đĩa radar lớn xoay. Kích thước hiện 7.0 × 9.1 × 7.3 m. Nhìn rõ từ camera chéo 45–60°; hình dạng hai nhánh phải khác nhau rõ ở zoom mặc định; vạch màu phe. | E54: tháp ô lớn của căn cứ; bị phá thì xây lại 7 CP sau 60 s; mở khóa: thắng màn mở khóa trong chiến dịch, hoặc mua sớm 300 x | F54: 4180 | G54: cấp 1 (Mỏng) · công trình | H54: 110 | I54: 0 | J54: 0 | K54: 186 | L54: MIM-104 Patriot PAC-2, radar AN/MPQ-65 — Nhánh radar tầm xa | M54: trên không | N54: lửa, pháo tự động, nổ mạnh, nổ lõm, pháo xe tăng | P54: Đứng yên tại chỗ, bắn mọi mục tiêu trong tầm; Máy phát khiên | Q54: MIM-104 Patriot PAC-2 [Mảnh, xuyên 3, tên lửa phòng không đánh nóc] dẫn đường/phát · nổ lan · tầm 340 · loạt 2, hồi 4.3 s | R54: • Vũ khí: chống máy bay 260 | S54: • Vũ khí: Nhánh chống máy bay phải mạnh hơn nhánh đánh chặn ở vai trò chống máy bay. | T54: Trung
A55: shield_tower | B55: Máy phát khiên | C55: không có súng; vòm khiên 25 m hấp thụ 3.000 sát thương từ đạn pháo, bom, đạn súng và tên lửa cho mọi thứ phe ta bên dưới, rồi giữ các tháp quanh nó đứng vững qua trận pháo kích; vũ khí năng lượng xuyên qua, nhiều vòm không cộng dồn, và máy phát là | D55: Tháp phát khiên cao với vòng phát sáng màu phe, vòm bán trong suốt khi hoạt động. Kích thước hiện 7.2 × 7.2 × 9.2 m. Nhìn rõ từ camera chéo 45–60°; hình dạng hai nhánh phải khác nhau rõ ở zoom mặc định; vạch màu phe. | E55: tháp ô lớn của căn cứ; bị phá thì xây lại 7 CP sau 60 s; mở khóa: thắng màn mở khóa trong chiến dịch, hoặc mua sớm 300 x | F55: 4400 | G55: cấp 2 (Vừa) · công trình | H55: 40 | I55: 0 | J55: 0 | K55: 0 | L55: Shield Battery (StarCraft II), Shield Generator (Supreme Commander) — ước đoán: tháp phát khiên năng lượng (viễn tưởng) | N55: nổ mạnh, nổ lõm, pháo xe tăng | O55: không có súng; vòm khiên 25 m hấp thụ 3.000 sát thương từ đạn pháo, bom, đạn súng và tên lửa cho mọi thứ phe ta bên dưới, rồi | P55: Đứng yên tại chỗ, phục vụ phe ta; Vòm khiên 25 m: hấp thụ 3000 sát thương cho phe ta bên trong (trừ năng lượng), hồi lại 30; giây sau đòn cuối; các vòm không cộng dồn; Máy phát khiên · nhánh Vòm khiên | R55: Giữ. | S55: Ổn. | T55: Thấp
A56: shield_tower.bulwark | B56: Máy phát khiên · nhánh Vòm khiên | D56: Tháp phát khiên cao với vòng phát sáng màu phe, vòm bán trong suốt khi hoạt động. Nhánh: Tháp phát trung tâm và vòm. Kích thước hiện 7.2 × 7.2 × 9.2 m. Nhìn rõ từ camera chéo 45–60°; hình dạng hai nhánh phải khác nhau rõ ở zoom mặc định; vạch màu phe. | E56: tháp ô lớn của căn cứ; bị phá thì xây lại 7 CP sau 60 s; mở khóa: thắng màn mở khóa trong chiến dịch, hoặc mua sớm 300 x | F56: 4400 | G56: cấp 2 (Vừa) · công trình | H56: 40 | I56: 0 | J56: 0 | K56: 0 | L56: Shield Generator (Supreme Commander), Bubble Shield (Halo 3) — ước đoán: nhánh vòm khiên | N56: nổ mạnh, nổ lõm, pháo xe tăng | P56: Đứng yên tại chỗ, phục vụ phe ta; Vòm khiên 25 m: hấp thụ 4200 sát thương cho phe ta bên trong (trừ năng lượng), hồi lại 28; giây sau đòn cuối; các vòm không cộng dồn; Máy phát khiên · nhánh Lá chắn tháp | R56: Giữ. | S56: Ổn. | T56: Thấp
A57: shield_tower.ward | B57: Máy phát khiên · nhánh Lá chắn tháp | D57: Tháp phát khiên cao với vòng phát sáng màu phe, vòm bán trong suốt khi hoạt động. Nhánh: Nhiều cột phát nhỏ nối tia sáng tới từng tháp. Kích thước hiện 7.2 × 7.2 × 9.2 m. Nhìn rõ từ camera chéo 45–60°; hình dạng hai nhánh phải khác nhau rõ ở zoom mặc định; vạch màu phe. | E57: tháp ô lớn của căn cứ; bị phá thì xây lại 7 CP sau 60 s; mở khóa: thắng màn mở khóa trong chiến dịch, hoặc mua sớm 300 x | F57: 4400 | G57: cấp 2 (Vừa) · công trình | H57: 40 | I57: 0 | J57: 0 | K57: 0 | L57: Shield Battery (StarCraft II) — ước đoán: nhánh chiếu khiên sang tháp khác | N57: nổ mạnh, nổ lõm, pháo xe tăng | P57: Đứng yên tại chỗ, phục vụ phe ta; Công sự khác (trung lập, pháo đài, boss) (6); Ụ súng tạm | R57: Giữ. | S57: Ổn. | T57: Thấp
A58: bulwark_post | B58: Ụ súng tạm | D58: Ụ súng bao cát nhỏ. Kích thước hiện 3.5 × 3.5 × 2.7 m. Nhìn rõ từ camera chéo 45–60°; hình dạng hai nhánh phải khác nhau rõ ở zoom mặc định; vạch màu phe. | E58: công sự trung lập hoặc của bản đồ, không mua được | F58: 1100 | G58: cấp 1 (Mỏng) · công trình | H58: 34 | I58: 102 | J58: 30 | K58: 36 | L58: NSV 12,7 mm, lô cốt hình nấm — Ụ súng máy tạm sau khi tháp đổ (trang bị Bulwark) | M58: giáp 0, giáp 1 | N58: lửa, pháo tự động, nổ mạnh, nổ lõm, pháo xe tăng | P58: Đứng yên tại chỗ, bắn mọi mục tiêu trong tầm; Trận địa pháo bờ biển | Q58: NSV 12.7 mm [Động năng, xuyên 1, đạn súng (cỡ lớn)] 10/phát · băng 45 viên, 16 viên/s, thay 0.85 s · tầm 32 m · Tất cả | R58: Giữ. | S58: Ổn. | T58: Thấp
A59: coastal_battery | B59: Trận địa pháo bờ biển | D59: Tháp pháo bờ biển trên bệ bê tông ven đá. Kích thước hiện 10.3 × 8.0 × 6.1 m. Nhìn rõ từ camera chéo 45–60°; hình dạng hai nhánh phải khác nhau rõ ở zoom mặc định; vạch màu phe. | E59: công sự trung lập hoặc của bản đồ, không mua được | F59: 6600 | G59: 4/3/3/3 | H59: 130 | I59: 87 | J59: 62 | K59: 0 | L59: A-222 Bereg (240 mm), AK-130 130 mm (tháp pháo hạm đặt trên bờ), K-300P Bastion-P, M284 155 mm — Trận địa pháo bờ biển | M59: giáp 0, giáp 1, giáp 2, giáp 3, công trình | N59: nổ mạnh, đánh nóc | P59: Đứng yên tại chỗ, bắn mọi mục tiêu trong tầm; Gungnir · Pháo đường ray | Q59: M284 155 mm (coastal battery) [Nổ mạnh, xuyên 3, đạn pháo nổ mạnh nổ lan] 320/phát · loạt 2, hồi 8.79 s · tầm 135 m · Mặt đất | R59: Thống nhất bán kính nổ 155 mm với các khẩu 155 khác (7 m). | S59: Ổn. | T59: Thấp
A60: spawn_bastion | B60: Tháp căn cứ | C60: đứng yên; pháo nặng hai nòng bắn loạt đôi tới 40 m. cực lì, giáp dày như xe tăng chứ không phải giáp công trình nên đạn xuyên giáp hiệu quả nhất; thắng xe nhẹ và xe tăng. | D60: Kích thước hiện 10.3 × 8.0 × 6.1 m. Nhìn rõ từ camera chéo 45–60°; hình dạng hai nhánh phải khác nhau rõ ở zoom mặc định; vạch màu phe. | E60: công sự trung lập hoặc của bản đồ, không mua được | F60: 11000 | G60: 4/3/3/3 | H60: 44 | I60: 147 | J60: 123 | K60: 0 | L60: A-222 Bereg (240 mm), AK-130 130 mm (tháp pháo hạm đặt trên bờ), K-300P Bastion-P — Pháo đài canh điểm xuất quân (model tháp pháo hạng nặng) | M60: giáp 0, giáp 1, giáp 2, giáp 3, giáp 4, công trình | N60: nổ mạnh, đánh nóc | O60: đứng yên; pháo nặng hai nòng bắn loạt đôi tới 40 m. | P60: Đứng yên tại chỗ, bắn mọi mục tiêu trong tầm; Siêu pháo | Q60: 2A83 152 mm (twin) [Động năng, xuyên 4, đạn pháo động năng (≥120 mm) nổ lan] 320/phát · loạt 2, hồi 5.16 s · tầm 40 m · Mặt đất | R60: Kiểm tra còn dùng không; nếu không, bỏ khỏi dữ liệu. | S60: Tháp căn cứ kiểu cũ (còn dùng trong nhiệm vụ?). | T60: Thấp
A61: super_gun | B61: Siêu pháo | C61: theo đồng hồ đếm ngược ở đầu màn hình, nó bắn một quả đạn cực lớn vào chỗ quân tấn công đông nhất (vào trại nếu không ai ở một phát xóa sổ cả đoàn xe nhẹ; nó không có súng bắn gần. | D61: Kích thước hiện 18.5 × 14.4 × 11.0 m. Nhìn rõ từ camera chéo 45–60°; hình dạng hai nhánh phải khác nhau rõ ở zoom mặc định; vạch màu phe. | E61: công sự trung lập hoặc của bản đồ, không mua được | F61: 11440 | G61: cấp 3 (Dày) · công trình | H61: 40 | I61: 0 | J61: 0 | K61: 0 | L61: A-222 Bereg (240 mm), AK-130 130 mm (tháp pháo hạm đặt trên bờ), K-300P Bastion-P — Siêu pháo hai nòng của pháo đài (model tháp pháo hạng nặng phóng to) | N61: nổ mạnh, nổ lõm, pháo xe tăng | O61: theo đồng hồ đếm ngược ở đầu màn hình, nó bắn một quả đạn cực lớn vào chỗ quân tấn công đông nhất (vào trại nếu không ai ở | P61: Đứng yên tại chỗ, phục vụ phe ta; Trạm chỉ thị mục tiêu | R61: Giữ. | S61: Ổn. | T61: Thấp
A62: targeting_station | B62: Trạm chỉ thị mục tiêu | D62: Kích thước hiện 6.5 × 8.2 × 11.0 m. Nhìn rõ từ camera chéo 45–60°; hình dạng hai nhánh phải khác nhau rõ ở zoom mặc định; vạch màu phe. | E62: công sự trung lập hoặc của bản đồ, không mua được | F62: 1540 | G62: cấp 1 (Mỏng) · công trình | H62: 110 | I62: 0 | J62: 0 | K62: 0 | L62: radar Würzburg-Riese, trạm đo xa pháo bờ biển — Trạm điều khiển hỏa lực của siêu pháo | N62: lửa, pháo tự động, nổ mạnh, nổ lõm, pháo xe tăng | P62: Đứng yên tại chỗ, phục vụ phe ta; Xe tinh nhuệ; Phiên bản tân trang: +60% máu, +25% sát thương, 1–2 kỹ năng tinh nhuệ, thanh máu vàng và vòng vàng trên; thường. Địch không còn nhận tinh nhuệ theo xác suất mà theo ngân sách: tinh nhuệ giá 1,6 lần, phần chi t; 20%, Thép 25%), trần 1–5 xe cùng lúc; tướng ưu tiên loại xe của mình. Hạ tinh nhuệ hoàn CP theo giá thật; Tốc; Tên Giá Giáp Máu Vũ khí; độ | R62: Giữ. | S62: Ổn. | T62: Thấp

Sheet Boss
A1: id | B1: Tên | C1: Miêu tả | D1: Hình dạng (cho AI vẽ) | E1: Cấp | F1: Chương | G1: Bay? | H1: Máu | I1: Máu đề xuất (gốc) | J1: Giáp | K1: Tốc độ (m/s) | L1: Tầm nhìn (m) | M1: DPS nhẹ | N1: DPS nặng | O1: DPS bay | P1: Tham khảo (ngoài đời / game) | Q1: Mạnh với | R1: Yếu trước | S1: Cách đánh | T1: Vũ khí | U1: Đề xuất | V1: Lý do thay đổi | W1: Ưu tiên
A2: rail_supergun | B2: Gungnir · Pháo đường ray | C2: cứ 25 giây một phát điện từ vào cụm xe mặt đất đông nhất của bạn, ở bất cứ đâu trên bản đồ: xuyên qua tối đa năm xe trên một đường thẳng rồi nổ ở xe cuối; vòng đỏ báo điểm ngắm trước 3 giây. trừng phạt đội quân dồn cục; không di chuyển được, và mất trạm chỉ thị thì phát bắn rơi lệch xa. | D2: Dựa trên: US Navy EMRG (pháo điện từ, phóng to), đoàn tàu BZhRK Barguzin, đầu máy diesel hiện đại — Pháo điện từ siêu nặng trên đường ray: toa pháo ray điện từ, các toa tụ điện, đầu máy diesel; mỗi 25 giây một phát xuyên nhiều mục tiêu. Kích thước hiện 45.0 × 6.2 × 11.6 m; boss chủ lực ×1,3–1,5 so với mẫu, mini boss nhỏ hơn boss chủ lực cùng dòng; bộ phận phá được (tháp, xích, động cơ) phải tách thành khối riêng dễ nhìn; có bản vỡ cho từng bộ phận; vạch màu tướng sở hữu. | E2: Mini | F2: 11 | H2: 6942 | I2: 10800–14400 | J2: 3/2/1/1 | K2: 0 | L2: 90 | M2: 181 | N2: 90 | O2: 67 | P2: US Navy EMRG (pháo điện từ, phóng to), đoàn tàu BZhRK Barguzin, đầu máy diesel hiện đại — Pháo điện từ siêu nặng trên đường ray: toa pháo ray điện từ, các toa tụ điện, đầu máy diesel; mỗi 25 giây một phát xuyên nhiều mục tiêu | Q2: giáp 0, giáp 1, giáp 2 | R2: nổ mạnh, đánh nóc, nổ lõm, pháo xe tăng | S2: cứ 25 giây một phát điện từ vào cụm xe mặt đất đông nhất của bạn, ở bất cứ đâu trên bản đồ: xuyên qua tối đa năm xe trên một đường thẳng rồi nổ ở xe cuối; vòng đỏ báo điểm ngắm trước 3 giây. trừng phạt đội quân dồn cục; không di chuyển được, và mất trạm chỉ thị thì phát bắn rơi lệch xa. | T2: Bofors 40 mm [Động năng, xuyên 2, đạn pháo động năng (pháo tự động) nổ lan] 30/phát · băng 10 viên, 5 viên/s, thay 1.52 s · tầm 28 m · Tất cả Bofors 40 mm [Động năng, xuyên 2, đạn pháo động năng (pháo tự động) nổ lan] 30/phát · băng 10 viên, 5 viên/s, thay 1.52 s · tầm 28 m · Tất cả AK-630 30 mm [Động năng, xuyên 2, đạn pháo động năng (pháo tự động)] 22/phát · băng 15 viên, 60 viên/s, thay 14.71 s · tầm 34 m · Trên không AK-630 30 mm [Động năng, xuyên 2, đạn pháo động năng (pháo tự động)] 22/phát · băng 15 viên, 60 viên/s, thay 14.71 s · tầm 34 m · Trên không | U2: • Dữ liệu vũ khí: thêm khẩu pháo chính thành một vũ khí | V2: • Dữ liệu vũ khí: Người chơi và tài liệu không thấy vũ khí chính. | W2: Trung
A3: behemoth_mk0 | B3: Behemoth Mk.0 · Behemoth nguyên mẫu | C3: bản lắp đầu tiên của Behemoth, chậm hơn bản hoàn chỉnh: pháo chính, hai pháo sườn và một giàn rốc-két trên cùng thân xe. mặt trước giáp cấp 3; không có pháo cao xạ và hệ thống bảo vệ chủ động, nên máy bay và tên lửa không gặp cản trở nào. | D3: Dựa trên: Object 279 (1959), giáp composite, APS và cảm biến hiện đại · Baneblade (Warhammer 40,000) — ước đoán: Behemoth đời đầu, nhỏ hơn. Kích thước hiện 17.0 × 10.1 × 7.3 m; boss chủ lực ×1,3–1,5 so với mẫu, mini boss nhỏ hơn boss chủ lực cùng dòng; bộ phận phá được (tháp, xích, động cơ) phải tách thành khối riêng dễ nhìn; có bản vỡ cho từng bộ phận; vạch màu tướng sở hữu. | E3: Mini | F3: Xen kẽ I | H3: 5610 | J3: 3/3/2/1 | K3: 2.2 | L3: 50 | M3: 286 | N3: 199 | O3: 0 | P3: Object 279 (1959), giáp composite, APS và cảm biến hiện đại · Baneblade (Warhammer 40,000) — ước đoán: Behemoth đời đầu, nhỏ hơn | Q3: giáp 0, giáp 1, giáp 2, giáp 3, giáp 4, công trình | R3: nổ mạnh, đánh nóc, nổ lõm, pháo xe tăng | S3: bản lắp đầu tiên của Behemoth, chậm hơn bản hoàn chỉnh: pháo chính, hai pháo sườn và một giàn rốc-két trên cùng thân xe. | T3: 2A65 152 mm (twin) [Nổ mạnh, xuyên 3, đạn pháo nổ mạnh nổ lan] 320/phát · loạt 2, hồi 8.93 s · tầm 40 m · Mặt đất Rh-120 L/44 120 mm [Động năng, xuyên 4, đạn pháo động năng (≥120 mm) nổ lan] 240/phát · hồi 5.098 s · tầm 32 m · Mặt đất Rh-120 L/44 120 mm [Động năng, xuyên 4, đạn pháo động năng (≥120 mm) nổ lan] 240/phát · hồi 5.098 s · tầm 32 m · Mặt đất BM-21 Grad 122 mm [Nổ mạnh, xuyên 2, rốc-két nổ lan] 57/phát · loạt 13, hồi 2.44 s · tầm 45 m · Mặt đất | U3: Giữ. | V3: Ổn. | W3: Thấp
A4: armored_train | B4: Juggernaut · Đoàn tàu bọc thép | C4: hai pháo nặng (42 m), hộp rốc-két, pháo cao xạ và súng máy; bị bắn thì núp trong khói, còn nửa máu thì tự vá 20% một lần. pháo của nó diệt xe tăng và xe nhẹ gần đường ray; nó không thể rời đường ray. | D4: Dựa trên: tàu bọc thép Liên Xô BP-35, B-38 152 mm, 2B11 120 mm — ước đoán: đầu máy diesel bọc thép kéo toa pháo. Kích thước hiện 24.5 × 3.3 × 4.8 m; boss chủ lực ×1,3–1,5 so với mẫu, mini boss nhỏ hơn boss chủ lực cùng dòng; bộ phận phá được (tháp, xích, động cơ) phải tách thành khối riêng dễ nhìn; có bản vỡ cho từng bộ phận; vạch màu tướng sở hữu. | E4: Mini | F4: 4 | H4: 5820 | I4: 7650–10200 | J4: 5/3/3/2 | K4: 0.32 | L4: 50 | M4: 346 | N4: 220 | O4: 252 | P4: tàu bọc thép Liên Xô BP-35, B-38 152 mm, 2B11 120 mm — ước đoán: đầu máy diesel bọc thép kéo toa pháo | Q4: giáp 0, giáp 1, giáp 2, giáp 3, giáp 4, trên không, công trình | R4: nổ mạnh, đánh nóc | S4: hai pháo nặng (42 m), hộp rốc-két, pháo cao xạ và súng máy; bị bắn thì núp trong khói, còn nửa máu thì tự vá 20% một lần. | T4: B-38 152 mm [Động năng, xuyên 4, đạn pháo động năng (≥120 mm) nổ lan] 320/phát · hồi 5.11 s · tầm 42 m · Mặt đất BM-21 Grad 122 mm [Nổ mạnh, xuyên 2, rốc-két nổ lan] 57/phát · loạt 13, hồi 2.44 s · tầm 45 m · Mặt đất NSV 12.7 mm [Động năng, xuyên 1, đạn súng (cỡ lớn)] 10/phát · băng 10 viên, 12 viên/s, thay 5.78 s · tầm 30 m · Tất cả Oerlikon 35 mm (twin) [Mảnh, xuyên 2, đạn nổ trên không nổ lan] 25/phát · băng 41 viên, 20 viên/s, thay 3.38 s · tầm 40 m · Tất cả B-38 152 mm [Động năng, xuyên 4, đạn pháo động năng (≥120 mm) nổ lan] 320/phát · hồi 5.11 s · tầm 42 m · Mặt đất | U4: • Giáp: trước 4 | V4: • Giáp: Mini boss giáp ngang boss chủ lực. | W4: Thấp
A5: behemoth_tempest | B5: Tempest · Behemoth pháo điện từ | C5: pháo điện từ nạp năng lượng một giây (cuộn dây sáng lên) rồi xuyên thủng cả hàng tới 80 m; hai pháo điện từ bắn đất lẫn trời (55 trừng phạt xe đi thành hàng dọc; ở gần, EMP (22 m) làm choáng xe mặt đất, và nó bật khiên khi bị thương. | D5: Dựa trên: US Navy EMRG (pháo điện từ), Object 279 (1959) · Baneblade (Warhammer 40,000) — ước đoán: Behemoth hai tháp pháo điện từ. Kích thước hiện 17.0 × 7.0 × 6.8 m; boss chủ lực ×1,3–1,5 so với mẫu, mini boss nhỏ hơn boss chủ lực cùng dòng; bộ phận phá được (tháp, xích, động cơ) phải tách thành khối riêng dễ nhìn; có bản vỡ cho từng bộ phận; vạch màu tướng sở hữu. | E5: Mini | F5: 4 | H5: 5820 | I5: 7650–10200 | J5: 5/3/2/2 | K5: 2.6 | L5: 70 | M5: 372 | N5: 310 | O5: 66 | P5: US Navy EMRG (pháo điện từ), Object 279 (1959) · Baneblade (Warhammer 40,000) — ước đoán: Behemoth hai tháp pháo điện từ | Q5: giáp 0, giáp 1, giáp 2, giáp 3, giáp 4, công trình | R5: nổ mạnh, đánh nóc | S5: pháo điện từ nạp năng lượng một giây (cuộn dây sáng lên) rồi xuyên thủng cả hàng tới 80 m; hai pháo điện từ bắn đất lẫn trời (55 | T5: railgun (64 MJ) 64 mm [Động năng, xuyên 4, đạn pháo động năng (điện từ)] 720/phát · hồi 8 s · tầm 80 m · Mặt đất coilgun (10 MJ) 10 mm [Động năng, xuyên 4, đạn pháo động năng (điện từ)] 250/phát · loạt 2, hồi 4.29 s · tầm 55 m · Tất cả coilgun (10 MJ) 10 mm [Động năng, xuyên 4, đạn pháo động năng (điện từ)] 250/phát · loạt 2, hồi 4.29 s · tầm 55 m · Tất cả | U5: Giữ. | V5: Ổn. | W5: Thấp
A6: locust | B6: Locust · Tàu con drone | C6: khoang drone thả drone liên tục; cao xạ trên lưng. thân rất mỏng (giáp cấp 1): phòng không hạ nó nhanh. | D6: Dựa trên: Airlander 10, drone FPV · Kirov Airship (Red Alert 2) — ước đoán: biến thể nhỏ của khí cầu mẹ. Kích thước hiện 25.4 × 12.6 × 10.6 m; boss chủ lực ×1,3–1,5 so với mẫu, mini boss nhỏ hơn boss chủ lực cùng dòng; bộ phận phá được (tháp, xích, động cơ) phải tách thành khối riêng dễ nhìn; có bản vỡ cho từng bộ phận; vạch màu tướng sở hữu. | E6: Mini | F6: 5, 11 | G6: Có | H6: 6311 | I6: 8100–10800 | J6: cấp 1 (Mỏng) | K6: 5.2 | L6: 70 | M6: 201 | N6: 153 | O6: 248 | P6: Airlander 10, drone FPV · Kirov Airship (Red Alert 2) — ước đoán: biến thể nhỏ của khí cầu mẹ | Q6: giáp 0, giáp 1, giáp 2, giáp 3, giáp 4, trên không, công trình | R6: mảnh, năng lượng | S6: khoang drone thả drone liên tục; cao xạ trên lưng. | T6: ZALA Lancet-3 (3 kg) [Nổ lõm, xuyên 4, drone (Lancet) đánh nóc] dẫn đường/phát · nổ lan · tầm 240 · loạt 4, hồi 8.17 s Oerlikon 35 mm (twin) [Mảnh, xuyên 2, đạn nổ trên không nổ lan] 25/phát · băng 41 viên, 20 viên/s, thay 3.38 s · tầm 40 m · Tất cả | U6: Giữ. | V6: Ổn. | W6: Thấp
A7: morrigan | B7: Morrigan · Tiêm kích của Raven | C7: nhanh hơn mọi tiêm kích của ta và tàng hình: chỉ bị phát hiện ở cự ly gần, hoặc trong chốc lát sau khi khai hỏa. Tên lửa không đối rất nhanh và khó thấy; giáp mỏng, các khoang và động cơ phá được. | D7: Dựa trên: . Kích thước hiện 12.9 × 8.4 × 2.2 m; boss chủ lực ×1,3–1,5 so với mẫu, mini boss nhỏ hơn boss chủ lực cùng dòng; bộ phận phá được (tháp, xích, động cơ) phải tách thành khối riêng dễ nhìn; có bản vỡ cho từng bộ phận; vạch màu tướng sở hữu. | E7: Mini | F7: Xen kẽ III, 10 | G7: Có | H7: 6919 | J7: cấp 1 (Mỏng) | K7: 44 | L7: 80 | M7: 98 | N7: 65 | O7: 365 | Q7: giáp 0, giáp 1, giáp 2, giáp 3, trên không, công trình | R7: mảnh, năng lượng | S7: nhanh hơn mọi tiêm kích của ta và tàng hình: chỉ bị phát hiện ở cự ly gần, hoặc trong chốc lát sau khi khai hỏa. Tên lửa không đối | T7: AIM-120 AMRAAM [Mảnh, xuyên 3, tên lửa phòng không dẫn đường] nổ lan/phát · 294 · tầm hồi 3.99 s · 60 m AIM-120 AMRAAM [Mảnh, xuyên 3, tên lửa phòng không dẫn đường] nổ lan/phát · 294 · tầm hồi 3.99 s · 60 m GBU-39 SDB (110 kg) [Nổ mạnh, xuyên 3, bom dẫn đường đánh nóc] nổ lan/phát · 210 · tầm hồi 6.651 s · 30 m GAU-22/A 25 mm [Mảnh, xuyên 2, đạn pháo động năng (pháo tự động)] 18/phát · băng 44 viên, 9 viên/s, thay 1 s · tầm 30 m · Tất cả | U7: • Tham khảo: tiêm kích tàng hình tùy biến (Su-57 / F-22), phong cách Ace Combat | V7: • Tham khảo: Thiếu dữ liệu. | W7: Thấp
A8: behemoth_mk2 | B8: Behemoth Mk.II · Behemoth nâng cấp | C8: bản nâng cấp của Varga sau khi Behemoth gục: pháo chính, hai cao xạ và hệ thống bảo vệ chủ động bắn hạ tên lửa. mặt trước giáp cấp 4 dưới lớp băng; hông và sau mỏng hơn nhiều. | D8: Dựa trên: Object 279 (1959), giáp composite, APS và cảm biến hiện đại · Baneblade (Warhammer 40,000) — ước đoán: Behemoth đời hai. Kích thước hiện 18.0 × 10.7 × 7.7 m; boss chủ lực ×1,3–1,5 so với mẫu, mini boss nhỏ hơn boss chủ lực cùng dòng; bộ phận phá được (tháp, xích, động cơ) phải tách thành khối riêng dễ nhìn; có bản vỡ cho từng bộ phận; vạch màu tướng sở hữu. | E8: Mini | F8: 6 | H8: 6942 | I8: 8550–11400 | J8: 5/3/2/2 | K8: 2.4 | L8: 50 | M8: 276 | N8: 156 | O8: 495 | P8: Object 279 (1959), giáp composite, APS và cảm biến hiện đại · Baneblade (Warhammer 40,000) — ước đoán: Behemoth đời hai | Q8: giáp 0, giáp 1, giáp 2, giáp 3, trên không, công trình | R8: nổ mạnh, đánh nóc | S8: bản nâng cấp của Varga sau khi Behemoth gục: pháo chính, hai cao xạ và hệ thống bảo vệ chủ động bắn hạ tên lửa. | T8: 2A65 152 mm (twin) [Nổ mạnh, xuyên 3, đạn pháo nổ mạnh nổ lan] 320/phát · loạt 2, hồi 8.93 s · tầm 40 m · Mặt đất Oerlikon 35 mm (twin) [Mảnh, xuyên 2, đạn nổ trên không nổ lan] 25/phát · băng 41 viên, 20 viên/s, thay 3.38 s · tầm 40 m · Tất cả Oerlikon 35 mm (twin) [Mảnh, xuyên 2, đạn nổ trên không nổ lan] 25/phát · băng 41 viên, 20 viên/s, thay 3.38 s · tầm 40 m · Tất cả | U8: Giữ. | V8: Ổn. | W8: Thấp
A9: landing_hovercraft | B9: Charybdis · Tàu đệm khí đổ bộ | C9: chạy theo lộ trình dọc bờ biển; cứ 35 giây dừng lại, hạ cửa đổ bộ và thả 3–4 xe lên bờ, tối đa năm lần. Bốn pháo CIWS sáu nòng che mỗi lần đổ bộ là địch thêm quân; nó to và xoay chậm, đánh trúng nó trên đường tới là cắt bớt số lần đổ bộ. | D9: Dựa trên: LCAC, Zubr (Project 1232.2), A-22 Ogon 140 mm, AK-630 — Tàu đổ bộ đệm khí. Kích thước hiện 24.9 × 13.5 × 7.7 m; boss chủ lực ×1,3–1,5 so với mẫu, mini boss nhỏ hơn boss chủ lực cùng dòng; bộ phận phá được (tháp, xích, động cơ) phải tách thành khối riêng dễ nhìn; có bản vỡ cho từng bộ phận; vạch màu tướng sở hữu. | E9: Mini | F9: 6 | H9: 7293 | I9: 8550–11400 | J9: 3/2/1/1 | K9: 5.5 | L9: 60 | M9: 106 | N9: 84 | O9: 20 | P9: LCAC, Zubr (Project 1232.2), A-22 Ogon 140 mm, AK-630 — Tàu đổ bộ đệm khí | Q9: giáp 0, giáp 1, giáp 2, công trình | R9: nổ mạnh, đánh nóc, nổ lõm, pháo xe tăng | S9: chạy theo lộ trình dọc bờ biển; cứ 35 giây dừng lại, hạ cửa đổ bộ và thả 3–4 xe lên bờ, tối đa năm lần. Bốn pháo CIWS sáu nòng che | T9: AK-630 30 mm [Động năng, xuyên 2, đạn pháo động năng (pháo tự động)] 22/phát · băng 15 viên, 60 viên/s, thay 14.71 s · tầm 34 m · Tất cả AK-630 30 mm [Động năng, xuyên 2, đạn pháo động năng (pháo tự động)] 22/phát · băng 15 viên, 60 viên/s, thay 14.71 s · tầm 34 m · Tất cả AK-630 30 mm [Động năng, xuyên 2, đạn pháo động năng (pháo tự động)] 22/phát · băng 15 viên, 60 viên/s, thay 14.71 s · tầm 34 m · Trên không A-22 Ogon 140 mm [Nổ mạnh, xuyên 2, rốc-két đánh nóc] nổ lan/phát · 65 · tầm loạt 11, hồi 22 s · 55 m (tối thiểu 12) A-22 Ogon 140 mm [Nổ mạnh, xuyên 2, rốc-két đánh nóc] nổ lan/phát · 65 · tầm loạt 11, hồi 22 s · 55 m (tối thiểu 12) | U9: AK-630 như hover_gunboat. | V9: Ổn. | W9: Thấp
A10: argus | B10: Argus · Khí cầu trinh sát | C10: khi nó còn, pháo binh địch tản mát chỉ khoảng một nửa; đòn lớn gọi một loạt pháo vào vùng có cảnh báo. Cao xạ và radar. chậm và to; chỉ phòng không và tiêm kích bắn tới. | D10: Dựa trên: JLENS (khí cầu radar neo) · Kirov Airship (Red Alert 2) — ước đoán: biến thể của khí cầu chỉ huy, khí cầu radar neo. Kích thước hiện 35.0 × 24.2 × 12.4 m; boss chủ lực ×1,3–1,5 so với mẫu, mini boss nhỏ hơn boss chủ lực cùng dòng; bộ phận phá được (tháp, xích, động cơ) phải tách thành khối riêng dễ nhìn; có bản vỡ cho từng bộ phận; vạch màu tướng sở hữu. | E10: Mini | F10: 10 | G10: Có | H10: 7410 | I10: 10350–13800 | J10: cấp 2 (Vừa) | K10: 4.5 | L10: 80 | M10: 128 | N10: 64 | O10: 332 | P10: JLENS (khí cầu radar neo) · Kirov Airship (Red Alert 2) — ước đoán: biến thể của khí cầu chỉ huy, khí cầu radar neo | Q10: giáp 0, trên không | R10: mảnh, năng lượng | S10: khi nó còn, pháo binh địch tản mát chỉ khoảng một nửa; đòn lớn gọi một loạt pháo vào vùng có cảnh báo. Cao xạ và radar. | T10: S-60 57 mm [Mảnh, xuyên 2, đạn nổ trên không nổ lan] 70/phát · băng 8 viên, 2 viên/s, thay 0.88 s · tầm 48 m · Tất cả S-60 57 mm [Mảnh, xuyên 2, đạn nổ trên không nổ lan] 70/phát · băng 8 viên, 2 viên/s, thay 0.88 s · tầm 48 m · Tất cả | U10: Giữ. | V10: Ổn. | W10: Thấp
A11: ixion | B11: Ixion · Xe bánh khổng lồ | C11: xe tải mỏ bọc thép BelAZ-75710 chạy thẳng khoảng 7 m/s, xoay rất chậm; tháp pháo 125 mm hàn trên thùng tự đổi đạn nổ mạnh (lõi 5 m, rìa 10 m) và đạn xuyên, khoảng 780 mỗi 2 giây; cứ khoảng 10 giây lao nghiền theo đường báo trước 2 giây, khoảng 900 và choáng 1 giây; hai súng máy 12,7 mm trên nóc; khi rẽ đổ ra sau dải sáu quả mìn tồn tại 20 giây. Giáp trước 4, hông 3, sau và nóc 2; bốn lốp sau giáp 1 là điểm yếu; phá một lốp trước thì cú lao lệch và dừng. | D11: Dựa trên: BelAZ-75710 (xe tải mỏ lớn nhất thế giới), tháp pháo T-72 125 mm hàn trên thùng — Xe tải mỏ bọc thép của Thorne ở Deepcut Mine: ca-bin lệch trái, sáu bánh lớn, lưỡi húc chữ V. Kích thước hiện 26.0 × 12.0 × 10.0 m; boss chủ lực ×1,3–1,5 so với mẫu, mini boss nhỏ hơn boss chủ lực cùng dòng; bộ phận phá được (tháp, xích, động cơ) phải tách thành khối riêng dễ nhìn; có bản vỡ cho từng bộ phận; vạch màu tướng sở hữu. | E11: Mini | F11: 8 | H11: 7574 | I11: 9450–12600 | J11: 3/2/1/1 | K11: 6.5 | L11: 50 | M11: 69 | N11: 49 | O11: 0 | P11: BelAZ-75710 (xe tải mỏ lớn nhất thế giới), tháp pháo T-72 125 mm hàn trên thùng — Xe tải mỏ bọc thép của Thorne ở Deepcut Mine: ca-bin lệch trái, sáu bánh lớn, lưỡi húc chữ V | Q11: giáp 0, giáp 1, giáp 2, giáp 3, công trình | R11: nổ mạnh, đánh nóc, nổ lõm, pháo xe tăng | S11: xe tải mỏ bọc thép BelAZ-75710 chạy thẳng khoảng 7 m/s, xoay rất chậm; tháp pháo 125 mm hàn trên thùng tự đổi đạn nổ mạnh (lõi 5 m, rìa 10 m) và đạn xuyên, khoảng 780 mỗi 2 giây; cứ khoảng 10 giây lao nghiền theo đường báo trước 2 giây, khoảng 900 và choáng 1 giây; hai súng máy 12,7 mm trên nóc; khi rẽ đổ ra sau dải sáu quả mìn tồn tại 20 giây. Giáp trước 4, hông 3, sau và nóc 2; bốn lốp sau giáp 1 là điểm yếu; phá một lốp trước thì cú lao lệch và dừng. | T11: 2A70 100/76 mm [Động năng, xuyên 3, đạn pháo động năng nổ lan] 120/phát · hồi 2.08 s · tầm 34 m · Mặt đất | U11: Giữ. | V11: Ổn (vũ khí chính là thân xe nghiền). | W11: Thấp
