Workbook

Sheet Mục lục
A1: Machine Brigade — Cân bằng đợt 2, bản v2 (2026-10-02)
A2: Bản này thay hoàn toàn Machine_Brigade_Can_bang_dot2.xlsx. Agent chỉ đọc sheet Manifest để sửa dữ liệu; mọi sheet khác là giải thích hoặc công thức. Đợt này thuần lý thuyết: không chạy mô phỏng, test trong game hay đo FPS.
A4: Sheet | B4: Nội dung
A5: Quy tắc | B5: Luật bắt buộc cho agent: trạng thái, kiểm tra trước khi áp, gói, làm tròn, baseCP, vũ khí dùng chung
A6: Quyết định | B6: D1–D9 đã chốt (thay cho danh sách DECIDE), lý do, gói bị ảnh hưởng
A7: Manifest | B7: NGUỒN DUY NHẤT để agent sửa dữ liệu. Chỉ dòng FIX/APPLY được áp
A8: Gói | B8: Danh sách gói, phụ thuộc, có cần viết code không
A9: Hệ số | B9: Tham số đầu vào (chữ xanh) của sheet Tính toán
A10: Tính toán | B10: Công thức sống: CP mới, máu, thưởng, hệ số sát thương, thả dù cho 100 xe. Manifest là bản đóng băng của sheet này
A11: Máy bay – số phát | B11: Số phát để hạ theo vũ khí phòng không tham chiếu và dải mục tiêu (thay sàn máu và cột Typhon/Icarus)
A12: Pháo sáng | B12: Chuyển đổi 23 máy bay/trực thăng từ hồi chiêu sang số lần
A13: APS | B13: SELF_APS và POINT_DEFENSE; khả năng gắn Trophy theo xe
A14: Vũ khí dùng chung | B14: Vì sao hệ số DPS phải đặt ở xe, không sửa vũ khí
A15: Gungnir | B15: Gói nâng Gungnir lên boss chủ lực
... A18: So với v1 | B18: Những gì đổi so với Machine_Brigade_Can_bang_dot2.xlsx
A20: Màu trạng thái
A21: FIX
A22: APPLY
A23: DECIDE
A24: HOLD
A25: CHECK
A26: REJECT

Sheet Quy tắc
A1: Mã | B1: Luật
A2: R1 Trạng thái | B2: FIX = phục hồi giá trị đã biết là đúng (known_good). APPLY = thay đổi đã duyệt. DECIDE = chờ chủ dự án. HOLD = chờ dữ liệu/đo. CHECK = đọc và báo cáo, không sửa. REJECT = bỏ. Agent CHỈ sửa dữ liệu theo FIX và APPLY. Ô trống hoặc mã lạ = bỏ qua (fail closed).
A3: R2 Kiểm tra trước khi áp | B3: Với mỗi dòng: hiện tại == new_value → ALREADY_APPLIED; hiện tại == expected_before (trong tolerance) → OK; khác → CONFLICT. Một dòng CONFLICT → bỏ cả gói và ghi log. Gói có cả OK và ALREADY_APPLIED vẫn áp nhưng ghi cảnh báo "gói từng bị áp dở".
A4: R3 Gói nguyên vẹn | B4: Mọi dòng cùng bundle_id áp cùng một commit hoặc không áp. Gói có depends_on chỉ áp khi các gói phụ thuộc đã áp xong (hoặc ALREADY_APPLIED). Không áp nửa gói của một xe.
A5: R4 Không đọc văn xuôi | B5: Agent không được đọc chuỗi kiểu "2352 → 6000" ở cột reason/derivation để sửa dữ liệu. Chỉ dùng entity_id, field_path, expected_before, new_value.
A6: R5 field_path là đường dẫn logic | B6: field_path (units.<id>.hp, units.<id>.cost…) là tên logic. Việc đầu tiên (CHECK C01) là lập bảng ánh xạ field_path → khóa thật trong balance.json/campaign.json. Trường nào không ánh xạ được thì gói đó CONFLICT, không đoán.
A7: R6 Làm tròn | B7: Một hàm chung ROUND_HALF_UP cho mọi CP suy ra (10 × 1,25 = 12,5 → 13). Máu làm tròn tới 10 bằng cùng kiểu. Không dùng round() của Python (làm tròn về số chẵn).
A8: R7 baseCP và chi phí gọi | B8: baseCP là giá gốc của thẻ sau định giá lại. runtimeCallCost là giá sau giảm giá hạng thẻ. Nhóm thưởng, thời gian thả dù, giá trị tiếp tế, phân loại cân bằng đều dùng baseCP. Không thẻ nào đổi nhóm vì giảm giá hạng thẻ.
A9: R8 Vũ khí dùng chung | B9: Cân bằng theo xe dùng units.<id>.outgoingDamageMult (nhân sát thương mọi vũ khí của xe đó). Không sửa vũ khí có scope=shared_weapon trừ khi manifest ghi rõ scope=shared_weapon. Test sau khi áp: mọi dòng scope=unit thì JSON vũ khí phải giữ nguyên byte-for-byte; nếu một vũ khí dùng chung đổi, liệt kê mọi xe mang nó.
A10: R9 Đơn vị | B10: So sánh sau khi chuẩn hóa đơn vị (cột unit). Tốc độ xoay: dữ liệu °/s, mã rad/s; test hồi quy bảo đảm tài liệu không in rad/s dưới nhãn °/s.
A11: R10 Số đo | B11: Bảng kết quả hiện tại chỉ dùng số đo có cùng hash balance.json, campaign.json, build, commit, phiên bản luật. Số đo lệch hash chuyển sang phụ lục "Lịch sử đo". Đợt này không chạy đo.
A12: R11 Nhổ lan | B12: Đơn vị nổ lan (cột AoE ở sheet Tính toán) nhận phần hệ số theo giá ngay, phần thưởng sức mạnh ở gói B5 (HOLD) cho tới khi có thước đo nổ lan.

Sheet Quyết định
A1: Mã | B1: Vấn đề | C1: Đã chốt | D1: Lý do | E1: Gói
A2: D1 | B2: Gungnir | C2: Nâng lên boss chủ lực: siêu vũ khí chu kỳ 45 s, targetingMode=GLOBAL, đòn pháo điện từ xuyên tuyến theo mô tả (xuyên tối đa 5 xe × 1.000, nổ cuối 2.000 lõi 12 m, rìa 20 m), máu theo công thức boss chủ lực chương 11. | D2: Là trận cuối của Orlov; giữ được cảm giác "khẩu pháo bắn khắp bản đồ"; luật "mini boss không có siêu vũ khí" được giữ nguyên. | E2: G1
A3: D2 | B3: Cách chỉnh DPS theo xe | C3: Thêm units.<id>.outgoingDamageMult. Bỏ luật "không đẩy sát thương mỗi phát ra ngoài thang cỡ nòng" của dot2 v1, chỉ cho hệ số này. | D3: Không tăng số đạn và hiệu ứng trên sân (hiệu năng điện thoại); không đụng 12 vũ khí dùng chung; giữ nhịp bắn, băng đạn, nạp đạn đặc trưng của từng vũ khí. | E3: S03, mọi B1, B5
A4: D3 | B4: Thưởng sức mạnh | C4: Đường C: thưởng = min(15%, max(0, 1,25% × (baseCP mới − 8))). 9 CP +1,25%, 12 CP +5%, 16 CP +10%, từ 20 CP +15%. | D4: Một dòng công thức, không có bậc 8 → 9 CP. | E4: B1, B5
A5: D4 | B5: Máu sau phục hồi | C5: Xe mặt đất theo công thức giá: Pháo phản lực nhiệt áp 1.980 × (11/9)^1,15 ≈ 2.490; Pháo cối công thành 3.300 × (15/12)^1,15 ≈ 4.270. Pháo hạm bay chốt 4.900 (12 phát Buk hiệu dụng, mép trên dải D8), không dùng 6.045. | D5: Một luật chung cho xe mặt đất; máy bay theo số phát vì cột Typhon 1.460 đã bị loại. | E5: B0, B1
A6: D5 | B6: Tốc độ 4 xe | C6: Về đúng giá trị đã biết: Tăng nhẹ lội nước 9, Xe bom bọc thép 13, Tăng phun lửa 6,5 (bằng Tăng chủ lực), Xe công binh 7. Chỉ FIX, không thêm giá trị mới. | D6: Không có dữ liệu chứng minh 8 / 11 / 5,5 / 5,5 tốt hơn giá trị cũ; đợt lý thuyết không tạo thay đổi mới khi không cần. | E6: B0
A7: D6 | B7: Pháo sáng | C7: Đổi từ hồi chiêu sang số lần dự trữ; tốc độ hồi giữ đúng hồi chiêu hiện tại (không làm yếu đi); 6 đơn vị thêm mới hồi 20 s; Oanh tạc cơ tàng hình bỏ pháo sáng theo luật "chỉ khi mẫu thật có"; Mồi bẫy nhiệt chỉ nâng cấp đơn vị đã có. | D7: Đổi hệ mà không đổi sức mạnh lâu dài; số lần dự trữ cho cảm giác đỡ đợt đầu. | E7: B2-FLR
A8: D7 | B8: APS | C8: SELF_APS của xe chỉ chặn tên lửa dẫn đường, drone, rốc-két bắn thẳng; hồi 10 s. Tăng thế hệ mới 2 lần (BUILT_IN), Siêu tăng 3 lần (BUILT_IN, mới). Tăng chủ lực RETROFIT_ELIGIBLE: Trophy cho 2 lần, hồi 20 s. BUILT_IN gắn Trophy: +1 lần, hồi nhanh hơn 25%. Tăng hạng nặng NONE. Phòng thủ điểm tách thành POINT_DEFENSE. | D8: Một xe diệt tăng không phá được T-14, hai xe thì phá được; xe diệt tăng dùng pháo không bị vô hiệu. | E8: B2-APS, S07
A9: D8 | B9: Số phát mục tiêu cho máy bay | C9: Thước đo chính: số phát Buk hiệu dụng (320 × hệ số với máy bay, giả định 1,3; CHECK C10). Dải: tiêm kích 3–5; máy bay ở lại lâu 8–12; cường kích/đi qua 4–8; drone và máy bay trinh sát 2–4. Bỏ sàn 85% đường cong máu. | D9: Đo sức sống bằng vũ khí phòng không thật thay vì vũ khí boss không truy được nguồn. | E9: B1 (máy bay)
A10: D9 | B10: Kho CP | C10: Phương án A: kho 30 → 45 (Công thành 40 → 55, Sinh tồn 30 → 40, Săn trùm 45 → 60, Vault 45 → 60). Ngưỡng tiếp tế giữ nguyên (HOLD) cho tới khi đọc code. | D10: Đơn vị 29 CP gọi được mà không chiếm cả kho; không thêm hệ điểm chỗ quân. | E10: E1

Sheet Manifest
A1: Nguồn duy nhất để agent sửa dữ liệu (R1–R5). Chỉ dòng FIX/APPLY được áp; HOLD/REJECT ở đây để giữ dấu vết. Giá trị đã đóng băng từ sheet Tính toán.
A3: bundle_id | B3: entity_id | C3: field_path | D3: unit | E3: value_type | F3: known_good | G3: expected_before | H3: new_value | I3: tolerance | J3: derivation | K3: status | L3: scope | M3: requires_code | N3: depends_on | O3: owner_decision_id | P3: validation | Q3: reason | R3: source
A4: S01 | B4: (hệ thống) | C4: — | D4: — | E4: code | J4: Manifest engine: đọc sheet Manifest, kiểm tra trước khi áp (R2), áp theo gói (R3), ghi log CONFLICT/ALREADY_APPLIED | K4: APPLY | L4: system | M4: =TRUE() -> TRUE | O4: — | P4: Test đi kèm phải pass | Q4: Manifest engine: đọc sheet Manifest, kiểm tra trước khi áp (R2), áp theo gói (R3), ghi log CONFLICT/ALREADY_APPLIED | R4: Review vòng 3–cuối
A5: S02 | B5: (hệ thống) | C5: — | D5: — | E5: code | J5: Hàm làm tròn chung ROUND_HALF_UP cho CP và máu (R6) | K5: APPLY | L5: system | M5: =TRUE() -> TRUE | N5: S01 | O5: — | P5: Test đi kèm phải pass | Q5: Hàm làm tròn chung ROUND_HALF_UP cho CP và máu (R6) | R5: Review vòng 3–cuối
A6: S03 | B6: (hệ thống) | C6: — | D6: — | E6: code | J6: Trường units.<id>.outgoingDamageMult (mặc định 1,0), nhân sát thương mọi vũ khí của xe; validator vũ khí dùng chung (R8) | K6: APPLY | L6: system | M6: =TRUE() -> TRUE | N6: S01 | O6: D2 | P6: Test đi kèm phải pass | Q6: Trường units.<id>.outgoingDamageMult (mặc định 1,0), nhân sát thương mọi vũ khí của xe; validator vũ khí dùng chung (R8) | R6: Review vòng 3–cuối
A7: S04 | B7: (hệ thống) | C7: — | D7: — | E7: code | J7: Tách baseCP và runtimeCallCost (R7); mọi phân nhóm dùng baseCP | K7: APPLY | L7: system | M7: =TRUE() -> TRUE | N7: S01 | O7: — | P7: Test đi kèm phải pass | Q7: Tách baseCP và runtimeCallCost (R7); mọi phân nhóm dùng baseCP | R7: Review vòng 3–cuối
A8: S05 | B8: (hệ thống) | C8: — | D8: — | E8: code | J8: Cờ năng lực đòn đánh: canHitGround, canHitAir, interceptable, flareEligible, apsEligible, ciwsEligible (dùng lại trường có sẵn nếu đã có; CHECK C13) | K8: APPLY | L8: system | M8: =TRUE() -> TRUE | N8: S01 | O8: D7 | P8: Test đi kèm phải pass | Q8: Cờ năng lực đòn đánh: canHitGround, canHitAir, interceptable, flareEligible, apsEligible, ciwsEligible (dùng lại trường có sẵn nếu đã có; CHECK C13) | R8: Review vòng 3–cuối
A9: S06 | B9: (hệ thống) | C9: — | D9: — | E9: code | J9: Pháo sáng theo số lần: maxCharges, rechargeSec, nạp đầy khi về sân bay; Mồi bẫy nhiệt chỉ nâng cấp đơn vị BUILT_IN | K9: APPLY | L9: system | M9: =TRUE() -> TRUE | N9: S01 | O9: D6 | P9: Test đi kèm phải pass | Q9: Pháo sáng theo số lần: maxCharges, rechargeSec, nạp đầy khi về sân bay; Mồi bẫy nhiệt chỉ nâng cấp đơn vị BUILT_IN | R9: Review vòng 3–cuối
A10: S07 | B10: (hệ thống) | C10: — | D10: — | E10: code | J10: interceptionSystem.mode = SELF_APS | POINT_DEFENSE; apsCapability = NONE | BUILT_IN | RETROFIT_ELIGIBLE; danh sách loại đạn chặn được tách: directMissile, drone, directRocket, artilleryRocket, mortarShell, artilleryShell, tankShell | K10: APPLY | L10: system | M10: =TRUE() -> TRUE | N10: S01 | O10: D7 | P10: Test đi kèm phải pass | Q10: interceptionSystem.mode = SELF_APS | POINT_DEFENSE; apsCapability = NONE | BUILT_IN | RETROFIT_ELIGIBLE; danh sách loại đạn chặn được tách: directMissile, drone, directRocket, artilleryRocket, mortarShell, artilleryShell, tankShell | R10: Review vòng 3–cuối
A11: S08 | B11: (hệ thống) | C11: — | D11: — | E11: code | J11: Lịch sử đo: gắn hash cho mọi số đo; số đo lệch hash chuyển sang phụ lục (R10) | K11: APPLY | L11: system | M11: =TRUE() -> TRUE | N11: S01 | O11: — | P11: Test đi kèm phải pass | Q11: Lịch sử đo: gắn hash cho mọi số đo; số đo lệch hash chuyển sang phụ lục (R10) | R11: Review vòng 3–cuối
A12: S09 | B12: (hệ thống) | C12: — | D12: — | E12: code | J12: Test hồi quy đơn vị tốc độ xoay (R9) | K12: APPLY | L12: system | M12: =TRUE() -> TRUE | N12: S01 | O12: — | P12: Test đi kèm phải pass | Q12: Test hồi quy đơn vị tốc độ xoay (R9) | R12: Review vòng 3–cuối
A13: E1 | B13: Chiếm cứ điểm / Tử chiến / Vua đồi | C13: modes.<mode>.cpStockCap | D13: CP | E13: int | G13: 30 | H13: 45 | I13: 0 | J13: Phương án A (sheet Kinh tế dot2 v1) | K13: APPLY | L13: system | M13: =FALSE() -> FALSE | N13: S01 | O13: D9 | P13: Kho mới ≥ giá đơn vị đắt nhất + 15 | Q13: Đơn vị 29 CP không chiếm cả kho | R13: dot2 v1 > Kinh tế
A14: E1 | B14: Công phá | C14: modes.<mode>.cpStockCap | D14: CP | E14: int | G14: 30 | H14: 45 | I14: 0 | J14: Phương án A (sheet Kinh tế dot2 v1) | K14: APPLY | L14: system | M14: =FALSE() -> FALSE | N14: S01 | O14: D9 | P14: Kho mới ≥ giá đơn vị đắt nhất + 15 | Q14: Đơn vị 29 CP không chiếm cả kho | R14: dot2 v1 > Kinh tế
A15: E1 | B15: Công thành | C15: modes.<mode>.cpStockCap | D15: CP | E15: int | G15: 40 | H15: 55 | I15: 0 | J15: Phương án A (sheet Kinh tế dot2 v1) | K15: APPLY | L15: system | M15: =FALSE() -> FALSE | N15: S01 | O15: D9 | P15: Kho mới ≥ giá đơn vị đắt nhất + 15 | Q15: Đơn vị 29 CP không chiếm cả kho | R15: dot2 v1 > Kinh tế
A16: E1 | B16: Phòng thủ / Vô tận | C16: modes.<mode>.cpStockCap | D16: CP | E16: int | G16: 30 | H16: 45 | I16: 0 | J16: Phương án A (sheet Kinh tế dot2 v1) | K16: APPLY | L16: system | M16: =FALSE() -> FALSE | N16: S01 | O16: D9 | P16: Kho mới ≥ giá đơn vị đắt nhất + 15 | Q16: Đơn vị 29 CP không chiếm cả kho | R16: dot2 v1 > Kinh tế
A17: E1 | B17: Sinh tồn | C17: modes.<mode>.cpStockCap | D17: CP | E17: int | G17: 30 | H17: 40 | I17: 0 | J17: Phương án A (sheet Kinh tế dot2 v1) | K17: APPLY | L17: system | M17: =FALSE() -> FALSE | N17: S01 | O17: D9 | P17: Kho mới ≥ giá đơn vị đắt nhất + 15 | Q17: Đơn vị 29 CP không chiếm cả kho | R17: dot2 v1 > Kinh tế
A18: E1 | B18: Săn trùm | C18: modes.<mode>.cpStockCap | D18: CP | E18: int | G18: 45 | H18: 60 | I18: 0 | J18: Phương án A (sheet Kinh tế dot2 v1) | K18: APPLY | L18: system | M18: =FALSE() -> FALSE | N18: S01 | O18: D9 | P18: Kho mới ≥ giá đơn vị đắt nhất + 15 | Q18: Đơn vị 29 CP không chiếm cả kho | R18: dot2 v1 > Kinh tế
A19: E1 | B19: Chỉ huy Vault | C19: modes.<mode>.cpStockCap | D19: CP | E19: int | G19: 45 | H19: 60 | I19: 0 | J19: Phương án A (sheet Kinh tế dot2 v1) | K19: APPLY | L19: system | M19: =FALSE() -> FALSE | N19: S01 | O19: D9 | P19: Kho mới ≥ giá đơn vị đắt nhất + 15 | Q19: Đơn vị 29 CP không chiếm cả kho | R19: dot2 v1 > Kinh tế
A20: E2 | B20: (tiếp tế) | C20: economy.supplyThreshold | D20: CP | E20: float | G20: 25.2 | J20: 24 × 1,05 hiện tại; 29,2 là đề xuất cũ | K20: HOLD | L20: system | M20: =FALSE() -> FALSE | N20: C02 | O20: — | P20: — | Q20: Chưa biết hình dạng đường phạt | R20: PDF tr. 266
A21: B0-sky_gunship | B21: sky_gunship | C21: units.sky_gunship.hp | D21: HP | E21: int | F21: 4400 | G21: 2352 | H21: 4400 | I21: 0 | J21: Phục hồi known_good ở giá hiện tại | K21: FIX | L21: unit | M21: =FALSE() -> FALSE | N21: S01 | O21: D4 | P21: hp == known_good | Q21: Dòng "Xem lại" đợt 1 bị áp nhầm | R21: dot2 v1 > Kiểm tra nhanh
A22: B0-thermobaric_launcher | B22: thermobaric_launcher | C22: units.thermobaric_launcher.hp | D22: HP | E22: int | F22: 1980 | G22: 990 | H22: 1980 | I22: 0 | J22: Phục hồi known_good ở giá hiện tại | K22: FIX | L22: unit | M22: =FALSE() -> FALSE | N22: S01 | O22: D4 | P22: hp == known_good | Q22: Dòng "Xem lại" đợt 1 bị áp nhầm | R22: dot2 v1 > Kiểm tra nhanh
A23: B0-siege_tank | B23: siege_tank | C23: units.siege_tank.hp | D23: HP | E23: int | F23: 3300 | G23: 1320 | H23: 3300 | I23: 0 | J23: Phục hồi known_good ở giá hiện tại | K23: FIX | L23: unit | M23: =FALSE() -> FALSE | N23: S01 | O23: D4 | P23: hp == known_good | Q23: Dòng "Xem lại" đợt 1 bị áp nhầm | R23: dot2 v1 > Kiểm tra nhanh
A24: B0-light_tank | B24: light_tank | C24: units.light_tank.speed | D24: m/s | E24: float | F24: 9 | G24: 4 | H24: 9 | I24: 0.001 | J24: Phục hồi known_good | K24: FIX | L24: unit | M24: =FALSE() -> FALSE | N24: S01 | O24: D5 | P24: speed == known_good | Q24: Dòng "Xem lại" đợt 1 bị áp nhầm | R24: dot2 v1 > Kiểm tra nhanh
A25: B0-vbied | B25: vbied | C25: units.vbied.speed | D25: m/s | E25: float | F25: 13 | G25: 6.7 | H25: 13 | I25: 0.001 | J25: Phục hồi known_good | K25: FIX | L25: unit | M25: =FALSE() -> FALSE | N25: S01 | O25: D5 | P25: speed == known_good | Q25: Dòng "Xem lại" đợt 1 bị áp nhầm | R25: dot2 v1 > Kiểm tra nhanh
A26: B0-flame_tank | B26: flame_tank | C26: units.flame_tank.speed | D26: m/s | E26: float | F26: 6.5 | G26: 4.6 | H26: 6.5 | I26: 0.001 | J26: Phục hồi known_good | K26: FIX | L26: unit | M26: =FALSE() -> FALSE | N26: S01 | O26: D5 | P26: speed == known_good | Q26: Dòng "Xem lại" đợt 1 bị áp nhầm | R26: dot2 v1 > Kiểm tra nhanh
A27: B0-engineer_vehicle | B27: engineer_vehicle | C27: units.engineer_vehicle.speed | D27: m/s | E27: float | F27: 7 | G27: 4.4 | H27: 7 | I27: 0.001 | J27: Phục hồi known_good | K27: FIX | L27: unit | M27: =FALSE() -> FALSE | N27: S01 | O27: D5 | P27: speed == known_good | Q27: Dòng "Xem lại" đợt 1 bị áp nhầm | R27: dot2 v1 > Kiểm tra nhanh
A28: B1-armored_car | B28: armored_car | C28: units.armored_car.dropDelaySec | D28: s | E28: float | G28: 3.5 | H28: 2.5 | I28: 0.001 | J28: baseCP mới ≤ 4: 2,5 s; ≥ 15: 5 s; còn lại 3,5 s | K28: APPLY | L28: unit | M28: =FALSE() -> FALSE | N28: S01, S02, S03, S04, E1 | O28: — | P28: Theo baseCP, không theo giá sau giảm | Q28: Xe rẻ phản ứng nhanh, xe đắt có khoảnh khắc ra quân | R28: Đã chốt
A29: B1-combat_wreck_car | B29: combat_wreck_car | C29: units.combat_wreck_car.dropDelaySec | D29: s | E29: float | G29: 3.5 | H29: 2.5 | I29: 0.001 | J29: baseCP mới ≤ 4: 2,5 s; ≥ 15: 5 s; còn lại 3,5 s | K29: APPLY | L29: unit | M29: =FALSE() -> FALSE | N29: S01, S02, S03, S04, E1 | O29: — | P29: Theo baseCP, không theo giá sau giảm | Q29: Xe rẻ phản ứng nhanh, xe đắt có khoảnh khắc ra quân | R29: Đã chốt
A30: B1-river_patrol_boat | B30: river_patrol_boat | C30: units.river_patrol_boat.cost | D30: CP | E30: int | G30: 5 | H30: 6 | I30: 0 | J30: ROUND_HALF_UP(5 × 1.15) | K30: APPLY | L30: unit | M30: =FALSE() -> FALSE | N30: S01, S02, S03, S04, E1 | O30: — | P30: baseCP dùng cho mọi phân nhóm | Q30: Định giá lại theo nhóm giá | R30: Đã chốt
A31: B1-river_patrol_boat | B31: river_patrol_boat | C31: units.river_patrol_boat.hp | D31: HP | E31: int | G31: 801 | H31: 990 | I31: 0 | J31: ROUND10(801 × (6/5)^1,15) | K31: APPLY | L31: unit | M31: =FALSE() -> FALSE | N31: S01, S02, S03, S04, E1 | O31: — | P31: hp == derivation | Q31: Máu tăng nhanh hơn giá | R31: Đã chốt; D4; D8
A32: B1-river_patrol_boat | B32: river_patrol_boat | C32: units.river_patrol_boat.outgoingDamageMult | D32: × | E32: float | G32: 1 | H32: 1.2 | I32: 0.0005 | J32: (6/5) × (1 + 0.0000) | K32: APPLY | L32: unit | M32: =FALSE() -> FALSE | N32: S01, S02, S03, S04, E1 | O32: D2, D3 | P32: Vũ khí dùng chung không đổi (R8) | Q32: Giữ giá trị mỗi CP sau tăng giá + thưởng | R32: Đã chốt; D3
A33: B1-airborne_vehicle | B33: airborne_vehicle | C33: units.airborne_vehicle.cost | D33: CP | E33: int | G33: 6 | H33: 7 | I33: 0 | J33: ROUND_HALF_UP(6 × 1.15) | K33: APPLY | L33: unit | M33: =FALSE() -> FALSE | N33: S01, S02, S03, S04, E1 | O33: — | P33: baseCP dùng cho mọi phân nhóm | Q33: Định giá lại theo nhóm giá | R33: Đã chốt
A34: B1-airborne_vehicle | B34: airborne_vehicle | C34: units.airborne_vehicle.hp | D34: HP | E34: int | G34: 1100 | H34: 1310 | I34: 0 | J34: ROUND10(1100 × (7/6)^1,15) | K34: APPLY | L34: unit | M34: =FALSE() -> FALSE | N34: S01, S02, S03, S04, E1 | O34: — | P34: hp == derivation | Q34: Máu tăng nhanh hơn giá | R34: Đã chốt; D4; D8
A35: B1-airborne_vehicle | B35: airborne_vehicle | C35: units.airborne_vehicle.outgoingDamageMult | D35: × | E35: float | G35: 1 | H35: 1.1667 | I35: 0.0005 | J35: (7/6) × (1 + 0.0000) | K35: APPLY | L35: unit | M35: =FALSE() -> FALSE | N35: S01, S02, S03, S04, E1 | O35: D2, D3 | P35: Vũ khí dùng chung không đổi (R8) | Q35: Giữ giá trị mỗi CP sau tăng giá + thưởng | R35: Đã chốt; D3
A36: B1-amphib_light_vehicle | B36: amphib_light_vehicle | C36: units.amphib_light_vehicle.cost | D36: CP | E36: int | G36: 6 | H36: 7 | I36: 0 | J36: ROUND_HALF_UP(6 × 1.15) | K36: APPLY | L36: unit | M36: =FALSE() -> FALSE | N36: S01, S02, S03, S04, E1 | O36: — | P36: baseCP dùng cho mọi phân nhóm | Q36: Định giá lại theo nhóm giá | R36: Đã chốt
A37: B1-amphib_light_vehicle | B37: amphib_light_vehicle | C37: units.amphib_light_vehicle.hp | D37: HP | E37: int | G37: 1199 | H37: 1430 | I37: 0 | J37: ROUND10(1199 × (7/6)^1,15) | K37: APPLY | L37: unit | M37: =FALSE() -> FALSE | N37: S01, S02, S03, S04, E1 | O37: — | P37: hp == derivation | Q37: Máu tăng nhanh hơn giá | R37: Đã chốt; D4; D8
A38: B1-amphib_light_vehicle | B38: amphib_light_vehicle | C38: units.amphib_light_vehicle.outgoingDamageMult | D38: × | E38: float | G38: 1 | H38: 1.1667 | I38: 0.0005 | J38: (7/6) × (1 + 0.0000) | K38: APPLY | L38: unit | M38: =FALSE() -> FALSE | N38: S01, S02, S03, S04, E1 | O38: D2, D3 | P38: Vũ khí dùng chung không đổi (R8) | Q38: Giữ giá trị mỗi CP sau tăng giá + thưởng | R38: Đã chốt; D3
A39: B1-ifv | B39: ifv | C39: units.ifv.cost | D39: CP | E39: int | G39: 6 | H39: 7 | I39: 0 | J39: ROUND_HALF_UP(6 × 1.15) | K39: APPLY | L39: unit | M39: =FALSE() -> FALSE | N39: S01, S02, S03, S04, E1 | O39: — | P39: baseCP dùng cho mọi phân nhóm | Q39: Định giá lại theo nhóm giá | R39: Đã chốt
... A169: B1-sky_gunship | B169: sky_gunship | C169: units.sky_gunship.cost | D169: CP | E169: int | G169: 22 | H169: 29 | I169: 0 | J169: ROUND_HALF_UP(22 × 1.3) | K169: APPLY | L169: unit | M169: =FALSE() -> FALSE | N169: S01, S02, S03, S04, E1, B0-sky_gunship, B2-FLR-sky_gunship, B3-AI | O169: — | P169: baseCP dùng cho mọi phân nhóm | Q169: Định giá lại theo nhóm giá | R169: Đã chốt
A170: B1-sky_gunship | B170: sky_gunship | C170: units.sky_gunship.hp | D170: HP | E170: int | F170: 4400 | G170: 4400 | H170: 4900 | I170: 0 | J170: D4/D8: 12 phát Buk hiệu dụng, mép trên dải 8–12 (máy bay ở lại lâu, không còn rút về sửa); thay cho 6.045 theo công thức giá | K170: APPLY | L170: unit | M170: =FALSE() -> FALSE | N170: S01, S02, S03, S04, E1, B0-sky_gunship, B2-FLR-sky_gunship, B3-AI | O170: D4/D8 | P170: Máy bay: số phát Buk hiệu dụng trong dải (sheet Máy bay – số phát) | Q170: Máu tăng nhanh hơn giá | R170: Đã chốt; D4; D8
A171: B1-sky_gunship | B171: sky_gunship | C171: units.sky_gunship.outgoingDamageMult | D171: × | E171: float | G171: 1 | H171: 1.5159 | I171: 0.0005 | J171: (29/22) × (1 + 0.1500) | K171: APPLY | L171: unit | M171: =FALSE() -> FALSE | N171: S01, S02, S03, S04, E1, B0-sky_gunship, B2-FLR-sky_gunship, B3-AI | O171: D2, D3 | P171: Vũ khí dùng chung không đổi (R8) | Q171: Giữ giá trị mỗi CP sau tăng giá + thưởng | R171: Đã chốt; D3
A172: B1-sky_gunship | B172: sky_gunship | C172: units.sky_gunship.dropDelaySec | D172: s | E172: float | G172: 3.5 | H172: 5 | I172: 0.001 | J172: baseCP mới ≤ 4: 2,5 s; ≥ 15: 5 s; còn lại 3,5 s | K172: APPLY | L172: unit | M172: =FALSE() -> FALSE | N172: S01, S02, S03, S04, E1, B0-sky_gunship, B2-FLR-sky_gunship, B3-AI | O172: — | P172: Theo baseCP, không theo giá sau giảm | Q172: Xe rẻ phản ứng nhanh, xe đắt có khoảnh khắc ra quân | R172: Đã chốt
A173: B1-scout_jeep | B173: scout_jeep | C173: units.scout_jeep.dropDelaySec | D173: s | E173: float | G173: 3.5 | H173: 2.5 | I173: 0.001 | J173: baseCP mới ≤ 4: 2,5 s; ≥ 15: 5 s; còn lại 3,5 s | K173: APPLY | L173: unit | M173: =FALSE() -> FALSE | N173: S01, S02, S03, S04, E1 | O173: — | P173: Theo baseCP, không theo giá sau giảm | Q173: Xe rẻ phản ứng nhanh, xe đắt có khoảnh khắc ra quân | R173: Đã chốt
A174: B1-vbied | B174: vbied | C174: units.vbied.dropDelaySec | D174: s | E174: float | G174: 3.5 | H174: 2.5 | I174: 0.001 | J174: baseCP mới ≤ 4: 2,5 s; ≥ 15: 5 s; còn lại 3,5 s | K174: APPLY | L174: unit | M174: =FALSE() -> FALSE | N174: S01, S02, S03, S04, E1, B0-vbied | O174: — | P174: Theo baseCP, không theo giá sau giảm | Q174: Xe rẻ phản ứng nhanh, xe đắt có khoảnh khắc ra quân | R174: Đã chốt
A175: B1-radar_scout | B175: radar_scout | C175: units.radar_scout.dropDelaySec | D175: s | E175: float | G175: 3.5 | H175: 2.5 | I175: 0.001 | J175: baseCP mới ≤ 4: 2,5 s; ≥ 15: 5 s; còn lại 3,5 s | K175: APPLY | L175: unit | M175: =FALSE() -> FALSE | N175: S01, S02, S03, S04, E1 | O175: — | P175: Theo baseCP, không theo giá sau giảm | Q175: Xe rẻ phản ứng nhanh, xe đắt có khoảnh khắc ra quân | R175: Đã chốt
A176: B1-radar_support_vehicle | B176: radar_support_vehicle | C176: units.radar_support_vehicle.cost | D176: CP | E176: int | G176: 5 | H176: 6 | I176: 0 | J176: ROUND_HALF_UP(5 × 1.15) | K176: APPLY | L176: unit | M176: =FALSE() -> FALSE | N176: S01, S02, S03, S04, E1 | O176: — | P176: baseCP dùng cho mọi phân nhóm | Q176: Định giá lại theo nhóm giá | R176: Đã chốt
A177: B1-radar_support_vehicle | B177: radar_support_vehicle | C177: units.radar_support_vehicle.hp | D177: HP | E177: int | G177: 900 | H177: 1110 | I177: 0 | J177: ROUND10(900 × (6/5)^1,15) | K177: APPLY | L177: unit | M177: =FALSE() -> FALSE | N177: S01, S02, S03, S04, E1 | O177: — | P177: hp == derivation | Q177: Máu tăng nhanh hơn giá | R177: Đã chốt; D4; D8
A178: B1-radar_support_vehicle | B178: radar_support_vehicle | C178: units.radar_support_vehicle.outgoingDamageMult | D178: × | E178: float | G178: 1 | H178: 1.2 | I178: 0.0005 | J178: (6/5) × (1 + 0.0000) | K178: APPLY | L178: unit | M178: =FALSE() -> FALSE | N178: S01, S02, S03, S04, E1 | O178: D2, D3 | P178: Vũ khí dùng chung không đổi (R8) | Q178: Giữ giá trị mỗi CP sau tăng giá + thưởng | R178: Đã chốt; D3
A179: B1-light_tank | B179: light_tank | C179: units.light_tank.dropDelaySec | D179: s | E179: float | G179: 3.5 | H179: 2.5 | I179: 0.001 | J179: baseCP mới ≤ 4: 2,5 s; ≥ 15: 5 s; còn lại 3,5 s | K179: APPLY | L179: unit | M179: =FALSE() -> FALSE | N179: S01, S02, S03, S04, E1, B0-light_tank | O179: — | P179: Theo baseCP, không theo giá sau giảm | Q179: Xe rẻ phản ứng nhanh, xe đắt có khoảnh khắc ra quân | R179: Đã chốt
A180: B1-airborne_light_tank | B180: airborne_light_tank | C180: units.airborne_light_tank.cost | D180: CP | E180: int | G180: 5 | H180: 6 | I180: 0 | J180: ROUND_HALF_UP(5 × 1.15) | K180: APPLY | L180: unit | M180: =FALSE() -> FALSE | N180: S01, S02, S03, S04, E1 | O180: — | P180: baseCP dùng cho mọi phân nhóm | Q180: Định giá lại theo nhóm giá | R180: Đã chốt
A181: B1-airborne_light_tank | B181: airborne_light_tank | C181: units.airborne_light_tank.hp | D181: HP | E181: int | G181: 1300 | H181: 1600 | I181: 0 | J181: ROUND10(1300 × (6/5)^1,15) | K181: APPLY | L181: unit | M181: =FALSE() -> FALSE | N181: S01, S02, S03, S04, E1 | O181: — | P181: hp == derivation | Q181: Máu tăng nhanh hơn giá | R181: Đã chốt; D4; D8
A182: B1-airborne_light_tank | B182: airborne_light_tank | C182: units.airborne_light_tank.outgoingDamageMult | D182: × | E182: float | G182: 1 | H182: 1.2 | I182: 0.0005 | J182: (6/5) × (1 + 0.0000) | K182: APPLY | L182: unit | M182: =FALSE() -> FALSE | N182: S01, S02, S03, S04, E1 | O182: D2, D3 | P182: Vũ khí dùng chung không đổi (R8) | Q182: Giữ giá trị mỗi CP sau tăng giá + thưởng | R182: Đã chốt; D3
... A242: B1-thermobaric_launcher | B242: thermobaric_launcher | C242: units.thermobaric_launcher.cost | D242: CP | E242: int | G242: 9 | H242: 11 | I242: 0 | J242: ROUND_HALF_UP(9 × 1.25) | K242: APPLY | L242: unit | M242: =FALSE() -> FALSE | N242: S01, S02, S03, S04, E1, B0-thermobaric_launcher | O242: — | P242: baseCP dùng cho mọi phân nhóm | Q242: Định giá lại theo nhóm giá | R242: Đã chốt
A243: B1-thermobaric_launcher | B243: thermobaric_launcher | C243: units.thermobaric_launcher.hp | D243: HP | E243: int | F243: 1980 | G243: 1980 | H243: 2490 | I243: 0 | J243: ROUND10(1980 × (11/9)^1,15) | K243: APPLY | L243: unit | M243: =FALSE() -> FALSE | N243: S01, S02, S03, S04, E1, B0-thermobaric_launcher | O243: D4 | P243: hp == derivation | Q243: Máu tăng nhanh hơn giá | R243: Đã chốt; D4; D8
A244: B1-thermobaric_launcher | B244: thermobaric_launcher | C244: units.thermobaric_launcher.outgoingDamageMult | D244: × | E244: float | G244: 1 | H244: 1.2222 | I244: 0.0005 | J244: (11/9) — phần thưởng ở B5 | K244: APPLY | L244: unit | M244: =FALSE() -> FALSE | N244: S01, S02, S03, S04, E1, B0-thermobaric_launcher | O244: D2, D3 | P244: Vũ khí dùng chung không đổi (R8) | Q244: Giữ giá trị mỗi CP sau tăng giá | R244: Đã chốt; D3
A245: B5-thermobaric_launcher | B245: thermobaric_launcher | C245: units.thermobaric_launcher.outgoingDamageMult | D245: × | E245: float | G245: 1.2222 | H245: 1.2681 | I245: 0.0005 | J245: (11/9) × (1 + 0.0375) | K245: HOLD | L245: unit | M245: =FALSE() -> FALSE | N245: B1-thermobaric_launcher | O245: D3 | P245: — | Q245: Chờ thước đo nổ lan (R11) | R245: Review vòng cuối mục 18
A246: B1-ballistic_launcher | B246: ballistic_launcher | C246: units.ballistic_launcher.cost | D246: CP | E246: int | G246: 11 | H246: 14 | I246: 0 | J246: ROUND_HALF_UP(11 × 1.25) | K246: APPLY | L246: unit | M246: =FALSE() -> FALSE | N246: S01, S02, S03, S04, E1 | O246: — | P246: baseCP dùng cho mọi phân nhóm | Q246: Định giá lại theo nhóm giá | R246: Đã chốt
A247: B1-ballistic_launcher | B247: ballistic_launcher | C247: units.ballistic_launcher.hp | D247: HP | E247: int | G247: 990 | H247: 1310 | I247: 0 | J247: ROUND10(990 × (14/11)^1,15) | K247: APPLY | L247: unit | M247: =FALSE() -> FALSE | N247: S01, S02, S03, S04, E1 | O247: — | P247: hp == derivation | Q247: Máu tăng nhanh hơn giá | R247: Đã chốt; D4; D8
A248: B1-ballistic_launcher | B248: ballistic_launcher | C248: units.ballistic_launcher.outgoingDamageMult | D248: × | E248: float | G248: 1 | H248: 1.2727 | I248: 0.0005 | J248: (14/11) — phần thưởng ở B5 | K248: APPLY | L248: unit | M248: =FALSE() -> FALSE | N248: S01, S02, S03, S04, E1 | O248: D2, D3 | P248: Vũ khí dùng chung không đổi (R8) | Q248: Giữ giá trị mỗi CP sau tăng giá | R248: Đã chốt; D3
A249: B5-ballistic_launcher | B249: ballistic_launcher | C249: units.ballistic_launcher.outgoingDamageMult | D249: × | E249: float | G249: 1.2727 | H249: 1.3682 | I249: 0.0005 | J249: (14/11) × (1 + 0.0750) | K249: HOLD | L249: unit | M249: =FALSE() -> FALSE | N249: B1-ballistic_launcher | O249: D3 | P249: — | Q249: Chờ thước đo nổ lan (R11) | R249: Review vòng cuối mục 18
A250: B1-heavy_rocket_artillery | B250: heavy_rocket_artillery | C250: units.heavy_rocket_artillery.cost | D250: CP | E250: int | G250: 12 | H250: 15 | I250: 0 | J250: ROUND_HALF_UP(12 × 1.25) | K250: APPLY | L250: unit | M250: =FALSE() -> FALSE | N250: S01, S02, S03, S04, E1 | O250: — | P250: baseCP dùng cho mọi phân nhóm | Q250: Định giá lại theo nhóm giá | R250: Đã chốt
A251: B1-heavy_rocket_artillery | B251: heavy_rocket_artillery | C251: units.heavy_rocket_artillery.hp | D251: HP | E251: int | G251: 924 | H251: 1190 | I251: 0 | J251: ROUND10(924 × (15/12)^1,15) | K251: APPLY | L251: unit | M251: =FALSE() -> FALSE | N251: S01, S02, S03, S04, E1 | O251: — | P251: hp == derivation | Q251: Máu tăng nhanh hơn giá | R251: Đã chốt; D4; D8
A252: B1-heavy_rocket_artillery | B252: heavy_rocket_artillery | C252: units.heavy_rocket_artillery.outgoingDamageMult | D252: × | E252: float | G252: 1 | H252: 1.25 | I252: 0.0005 | J252: (15/12) — phần thưởng ở B5 | K252: APPLY | L252: unit | M252: =FALSE() -> FALSE | N252: S01, S02, S03, S04, E1 | O252: D2, D3 | P252: Vũ khí dùng chung không đổi (R8) | Q252: Giữ giá trị mỗi CP sau tăng giá | R252: Đã chốt; D3
A253: B5-heavy_rocket_artillery | B253: heavy_rocket_artillery | C253: units.heavy_rocket_artillery.outgoingDamageMult | D253: × | E253: float | G253: 1.25 | H253: 1.3594 | I253: 0.0005 | J253: (15/12) × (1 + 0.0875) | K253: HOLD | L253: unit | M253: =FALSE() -> FALSE | N253: B1-heavy_rocket_artillery | O253: D3 | P253: — | Q253: Chờ thước đo nổ lan (R11) | R253: Review vòng cuối mục 18
A254: B1-heavy_rocket_artillery | B254: heavy_rocket_artillery | C254: units.heavy_rocket_artillery.dropDelaySec | D254: s | E254: float | G254: 3.5 | H254: 5 | I254: 0.001 | J254: baseCP mới ≤ 4: 2,5 s; ≥ 15: 5 s; còn lại 3,5 s | K254: APPLY | L254: unit | M254: =FALSE() -> FALSE | N254: S01, S02, S03, S04, E1 | O254: — | P254: Theo baseCP, không theo giá sau giảm | Q254: Xe rẻ phản ứng nhanh, xe đắt có khoảnh khắc ra quân | R254: Đã chốt
A255: B1-siege_tank | B255: siege_tank | C255: units.siege_tank.cost | D255: CP | E255: int | G255: 12 | H255: 15 | I255: 0 | J255: ROUND_HALF_UP(12 × 1.25) | K255: APPLY | L255: unit | M255: =FALSE() -> FALSE | N255: S01, S02, S03, S04, E1, B0-siege_tank | O255: — | P255: baseCP dùng cho mọi phân nhóm | Q255: Định giá lại theo nhóm giá | R255: Đã chốt
A256: B1-siege_tank | B256: siege_tank | C256: units.siege_tank.hp | D256: HP | E256: int | F256: 3300 | G256: 3300 | H256: 4270 | I256: 0 | J256: ROUND10(3300 × (15/12)^1,15) | K256: APPLY | L256: unit | M256: =FALSE() -> FALSE | N256: S01, S02, S03, S04, E1, B0-siege_tank | O256: D4 | P256: hp == derivation | Q256: Máu tăng nhanh hơn giá | R256: Đã chốt; D4; D8
A257: B1-siege_tank | B257: siege_tank | C257: units.siege_tank.outgoingDamageMult | D257: × | E257: float | G257: 1 | H257: 1.25 | I257: 0.0005 | J257: (15/12) — phần thưởng ở B5 | K257: APPLY | L257: unit | M257: =FALSE() -> FALSE | N257: S01, S02, S03, S04, E1, B0-siege_tank | O257: D2, D3 | P257: Vũ khí dùng chung không đổi (R8) | Q257: Giữ giá trị mỗi CP sau tăng giá | R257: Đã chốt; D3
A258: B5-siege_tank | B258: siege_tank | C258: units.siege_tank.outgoingDamageMult | D258: × | E258: float | G258: 1.25 | H258: 1.3594 | I258: 0.0005 | J258: (15/12) × (1 + 0.0875) | K258: HOLD | L258: unit | M258: =FALSE() -> FALSE | N258: B1-siege_tank | O258: D3 | P258: — | Q258: Chờ thước đo nổ lan (R11) | R258: Review vòng cuối mục 18
A259: B1-siege_tank | B259: siege_tank | C259: units.siege_tank.dropDelaySec | D259: s | E259: float | G259: 3.5 | H259: 5 | I259: 0.001 | J259: baseCP mới ≤ 4: 2,5 s; ≥ 15: 5 s; còn lại 3,5 s | K259: APPLY | L259: unit | M259: =FALSE() -> FALSE | N259: S01, S02, S03, S04, E1, B0-siege_tank | O259: — | P259: Theo baseCP, không theo giá sau giảm | Q259: Xe rẻ phản ứng nhanh, xe đắt có khoảnh khắc ra quân | R259: Đã chốt
A260: B1-zu23_technical | B260: zu23_technical | C260: units.zu23_technical.dropDelaySec | D260: s | E260: float | G260: 3.5 | H260: 2.5 | I260: 0.001 | J260: baseCP mới ≤ 4: 2,5 s; ≥ 15: 5 s; còn lại 3,5 s | K260: APPLY | L260: unit | M260: =FALSE() -> FALSE | N260: S01, S02, S03, S04, E1 | O260: — | P260: Theo baseCP, không theo giá sau giảm | Q260: Xe rẻ phản ứng nhanh, xe đắt có khoảnh khắc ra quân | R260: Đã chốt
A261: B1-aa_vehicle | B261: aa_vehicle | C261: units.aa_vehicle.dropDelaySec | D261: s | E261: float | G261: 3.5 | H261: 2.5 | I261: 0.001 | J261: baseCP mới ≤ 4: 2,5 s; ≥ 15: 5 s; còn lại 3,5 s | K261: APPLY | L261: unit | M261: =FALSE() -> FALSE | N261: S01, S02, S03, S04, E1 | O261: — | P261: Theo baseCP, không theo giá sau giảm | Q261: Xe rẻ phản ứng nhanh, xe đắt có khoảnh khắc ra quân | R261: Đã chốt
A262: B1-shorad_vehicle | B262: shorad_vehicle | C262: units.shorad_vehicle.dropDelaySec | D262: s | E262: float | G262: 3.5 | H262: 2.5 | I262: 0.001 | J262: baseCP mới ≤ 4: 2,5 s; ≥ 15: 5 s; còn lại 3,5 s | K262: APPLY | L262: unit | M262: =FALSE() -> FALSE | N262: S01, S02, S03, S04, E1 | O262: — | P262: Theo baseCP, không theo giá sau giảm | Q262: Xe rẻ phản ứng nhanh, xe đắt có khoảnh khắc ra quân | R262: Đã chốt
A263: B1-aa_gun_vehicle | B263: aa_gun_vehicle | C263: units.aa_gun_vehicle.cost | D263: CP | E263: int | G263: 5 | H263: 6 | I263: 0 | J263: ROUND_HALF_UP(5 × 1.15) | K263: APPLY | L263: unit | M263: =FALSE() -> FALSE | N263: S01, S02, S03, S04, E1 | O263: — | P263: baseCP dùng cho mọi phân nhóm | Q263: Định giá lại theo nhóm giá | R263: Đã chốt
A264: B1-aa_gun_vehicle | B264: aa_gun_vehicle | C264: units.aa_gun_vehicle.hp | D264: HP | E264: int | G264: 1001 | H264: 1230 | I264: 0 | J264: ROUND10(1001 × (6/5)^1,15) | K264: APPLY | L264: unit | M264: =FALSE() -> FALSE | N264: S01, S02, S03, S04, E1 | O264: — | P264: hp == derivation | Q264: Máu tăng nhanh hơn giá | R264: Đã chốt; D4; D8
A265: B1-aa_gun_vehicle | B265: aa_gun_vehicle | C265: units.aa_gun_vehicle.outgoingDamageMult | D265: × | E265: float | G265: 1 | H265: 1.2 | I265: 0.0005 | J265: (6/5) × (1 + 0.0000) | K265: APPLY | L265: unit | M265: =FALSE() -> FALSE | N265: S01, S02, S03, S04, E1 | O265: D2, D3 | P265: Vũ khí dùng chung không đổi (R8) | Q265: Giữ giá trị mỗi CP sau tăng giá + thưởng | R265: Đã chốt; D3
A266: B1-interceptor_drone_vehicle | B266: interceptor_drone_vehicle | C266: units.interceptor_drone_vehicle.cost | D266: CP | E266: int | G266: 5 | H266: 6 | I266: 0 | J266: ROUND_HALF_UP(5 × 1.15) | K266: APPLY | L266: unit | M266: =FALSE() -> FALSE | N266: S01, S02, S03, S04, E1 | O266: — | P266: baseCP dùng cho mọi phân nhóm | Q266: Định giá lại theo nhóm giá | R266: Đã chốt
A267: B1-interceptor_drone_vehicle | B267: interceptor_drone_vehicle | C267: units.interceptor_drone_vehicle.hp | D267: HP | E267: int | G267: 900 | H267: 1110 | I267: 0 | J267: ROUND10(900 × (6/5)^1,15) | K267: APPLY | L267: unit | M267: =FALSE() -> FALSE | N267: S01, S02, S03, S04, E1 | O267: — | P267: hp == derivation | Q267: Máu tăng nhanh hơn giá | R267: Đã chốt; D4; D8
A268: B1-interceptor_drone_vehicle | B268: interceptor_drone_vehicle | C268: units.interceptor_drone_vehicle.outgoingDamageMult | D268: × | E268: float | G268: 1 | H268: 1.2 | I268: 0.0005 | J268: (6/5) × (1 + 0.0000) | K268: APPLY | L268: unit | M268: =FALSE() -> FALSE | N268: S01, S02, S03, S04, E1 | O268: D2, D3 | P268: Vũ khí dùng chung không đổi (R8) | Q268: Giữ giá trị mỗi CP sau tăng giá + thưởng | R268: Đã chốt; D3
... A310: B1-titan_tank | B310: titan_tank | C310: units.titan_tank.dropDelaySec | D310: s | E310: float | G310: 3.5 | H310: 5 | I310: 0.001 | J310: baseCP mới ≤ 4: 2,5 s; ≥ 15: 5 s; còn lại 3,5 s | K310: APPLY | L310: unit | M310: =FALSE() -> FALSE | N310: S01, S02, S03, S04, E1 | O310: — | P310: Theo baseCP, không theo giá sau giảm | Q310: Xe rẻ phản ứng nhanh, xe đắt có khoảnh khắc ra quân | R310: Đã chốt
A311: B2-FLR-scout_heli | B311: scout_heli | C311: units.scout_heli.flare.maxCharges | D311: lần | E311: int | G311: 0 | H311: 2 | I311: 0 | J311: Chưa có pháo sáng | K311: APPLY | L311: unit | M311: =TRUE() -> TRUE | N311: S01, S06 | O311: D6 | P311: Số lần đúng bảng Pháo sáng | Q311: Thêm mới | R311: PDF thẻ xe tr. 45–61; dot2 v1 > Pháo sáng & APS
A312: B2-FLR-scout_heli | B312: scout_heli | C312: units.scout_heli.flare.rechargeSec | D312: s | E312: float | H312: 20 | I312: 0.001 | J312: Mặc định 20 s cho đơn vị mới | K312: APPLY | L312: unit | M312: =TRUE() -> TRUE | N312: S01, S06 | O312: D6 | P312: — | Q312: Thêm mới | R312: PDF thẻ xe tr. 45–61
A313: B2-FLR-heavy_lift_helicopter | B313: heavy_lift_helicopter | C313: units.heavy_lift_helicopter.flare.maxCharges | D313: lần | E313: int | G313: 0 | H313: 3 | I313: 0 | J313: Chưa có pháo sáng | K313: APPLY | L313: unit | M313: =TRUE() -> TRUE | N313: S01, S06 | O313: D6 | P313: Số lần đúng bảng Pháo sáng | Q313: Thêm mới | R313: PDF thẻ xe tr. 45–61; dot2 v1 > Pháo sáng & APS
A314: B2-FLR-heavy_lift_helicopter | B314: heavy_lift_helicopter | C314: units.heavy_lift_helicopter.flare.rechargeSec | D314: s | E314: float | H314: 20 | I314: 0.001 | J314: Mặc định 20 s cho đơn vị mới | K314: APPLY | L314: unit | M314: =TRUE() -> TRUE | N314: S01, S06 | O314: D6 | P314: — | Q314: Thêm mới | R314: PDF thẻ xe tr. 45–61
A315: B2-FLR-light_attack_heli | B315: light_attack_heli | C315: units.light_attack_heli.flare.maxCharges | D315: lần | E315: int | G315: 0 | H315: 2 | I315: 0 | J315: Chưa có pháo sáng | K315: APPLY | L315: unit | M315: =TRUE() -> TRUE | N315: S01, S06 | O315: D6 | P315: Số lần đúng bảng Pháo sáng | Q315: Thêm mới | R315: PDF thẻ xe tr. 45–61; dot2 v1 > Pháo sáng & APS
A316: B2-FLR-light_attack_heli | B316: light_attack_heli | C316: units.light_attack_heli.flare.rechargeSec | D316: s | E316: float | H316: 20 | I316: 0.001 | J316: Mặc định 20 s cho đơn vị mới | K316: APPLY | L316: unit | M316: =TRUE() -> TRUE | N316: S01, S06 | O316: D6 | P316: — | Q316: Thêm mới | R316: PDF thẻ xe tr. 45–61
A317: B2-FLR-prop_attack_plane | B317: prop_attack_plane | C317: units.prop_attack_plane.flare.maxCharges | D317: lần | E317: int | G317: 0 | H317: 2 | I317: 0 | J317: Chưa có pháo sáng | K317: APPLY | L317: unit | M317: =TRUE() -> TRUE | N317: S01, S06 | O317: D6 | P317: Số lần đúng bảng Pháo sáng | Q317: Thêm mới | R317: PDF thẻ xe tr. 45–61; dot2 v1 > Pháo sáng & APS
A318: B2-FLR-prop_attack_plane | B318: prop_attack_plane | C318: units.prop_attack_plane.flare.rechargeSec | D318: s | E318: float | H318: 20 | I318: 0.001 | J318: Mặc định 20 s cho đơn vị mới | K318: APPLY | L318: unit | M318: =TRUE() -> TRUE | N318: S01, S06 | O318: D6 | P318: — | Q318: Thêm mới | R318: PDF thẻ xe tr. 45–61
A319: B2-FLR-aerial_tanker | B319: aerial_tanker | C319: units.aerial_tanker.flare.maxCharges | D319: lần | E319: int | G319: 0 | H319: 3 | I319: 0 | J319: Chưa có pháo sáng | K319: APPLY | L319: unit | M319: =TRUE() -> TRUE | N319: S01, S06 | O319: D6 | P319: Số lần đúng bảng Pháo sáng | Q319: Thêm mới | R319: PDF thẻ xe tr. 45–61; dot2 v1 > Pháo sáng & APS
A320: B2-FLR-aerial_tanker | B320: aerial_tanker | C320: units.aerial_tanker.flare.rechargeSec | D320: s | E320: float | H320: 20 | I320: 0.001 | J320: Mặc định 20 s cho đơn vị mới | K320: APPLY | L320: unit | M320: =TRUE() -> TRUE | N320: S01, S06 | O320: D6 | P320: — | Q320: Thêm mới | R320: PDF thẻ xe tr. 45–61
A321: B2-FLR-attack_helicopter | B321: attack_helicopter | C321: units.attack_helicopter.flare.maxCharges | D321: lần | E321: int | G321: 0 | H321: 2 | I321: 0 | J321: Hồi chiêu hiện tại không có số lần → 0 | K321: APPLY | L321: unit | M321: =TRUE() -> TRUE | N321: S01, S06 | O321: D6 | P321: Số lần đúng bảng Pháo sáng | Q321: Đổi hệ | R321: PDF thẻ xe tr. 45–61; dot2 v1 > Pháo sáng & APS
A322: B2-FLR-attack_helicopter | B322: attack_helicopter | C322: units.attack_helicopter.flare.rechargeSec | D322: s | E322: float | G322: 20 | H322: 20 | I322: 0.001 | J322: Giữ đúng nhịp hồi chiêu hiện tại | K322: APPLY | L322: unit | M322: =TRUE() -> TRUE | N322: S01, S06 | O322: D6 | P322: — | Q322: Đổi hệ | R322: PDF thẻ xe tr. 45–61
A323: B2-FLR-fighter_jet | B323: fighter_jet | C323: units.fighter_jet.flare.maxCharges | D323: lần | E323: int | G323: 0 | H323: 2 | I323: 0 | J323: Hồi chiêu hiện tại không có số lần → 0 | K323: APPLY | L323: unit | M323: =TRUE() -> TRUE | N323: S01, S06 | O323: D6 | P323: Số lần đúng bảng Pháo sáng | Q323: Đổi hệ | R323: PDF thẻ xe tr. 45–61; dot2 v1 > Pháo sáng & APS
A324: B2-FLR-fighter_jet | B324: fighter_jet | C324: units.fighter_jet.flare.rechargeSec | D324: s | E324: float | G324: 16 | H324: 16 | I324: 0.001 | J324: Giữ đúng nhịp hồi chiêu hiện tại | K324: APPLY | L324: unit | M324: =TRUE() -> TRUE | N324: S01, S06 | O324: D6 | P324: — | Q324: Đổi hệ | R324: PDF thẻ xe tr. 45–61
A325: B2-FLR-interceptor_jet | B325: interceptor_jet | C325: units.interceptor_jet.flare.maxCharges | D325: lần | E325: int | G325: 0 | H325: 2 | I325: 0 | J325: Hồi chiêu hiện tại không có số lần → 0 | K325: APPLY | L325: unit | M325: =TRUE() -> TRUE | N325: S01, S06 | O325: D6 | P325: Số lần đúng bảng Pháo sáng | Q325: Đổi hệ | R325: PDF thẻ xe tr. 45–61; dot2 v1 > Pháo sáng & APS
A326: B2-FLR-interceptor_jet | B326: interceptor_jet | C326: units.interceptor_jet.flare.rechargeSec | D326: s | E326: float | G326: 16 | H326: 16 | I326: 0.001 | J326: Giữ đúng nhịp hồi chiêu hiện tại | K326: APPLY | L326: unit | M326: =TRUE() -> TRUE | N326: S01, S06 | O326: D6 | P326: — | Q326: Đổi hệ | R326: PDF thẻ xe tr. 45–61
A327: B2-FLR-stealth_fighter | B327: stealth_fighter | C327: units.stealth_fighter.flare.maxCharges | D327: lần | E327: int | G327: 0 | H327: 2 | I327: 0 | J327: Hồi chiêu hiện tại không có số lần → 0 | K327: APPLY | L327: unit | M327: =TRUE() -> TRUE | N327: S01, S06 | O327: D6 | P327: Số lần đúng bảng Pháo sáng | Q327: Đổi hệ | R327: PDF thẻ xe tr. 45–61; dot2 v1 > Pháo sáng & APS
A328: B2-FLR-stealth_fighter | B328: stealth_fighter | C328: units.stealth_fighter.flare.rechargeSec | D328: s | E328: float | G328: 16 | H328: 16 | I328: 0.001 | J328: Giữ đúng nhịp hồi chiêu hiện tại | K328: APPLY | L328: unit | M328: =TRUE() -> TRUE | N328: S01, S06 | O328: D6 | P328: — | Q328: Đổi hệ | R328: PDF thẻ xe tr. 45–61
A329: B2-FLR-swarm_carrier | B329: swarm_carrier | C329: units.swarm_carrier.flare.maxCharges | D329: lần | E329: int | G329: 0 | H329: 3 | I329: 0 | J329: Hồi chiêu hiện tại không có số lần → 0 | K329: APPLY | L329: unit | M329: =TRUE() -> TRUE | N329: S01, S06 | O329: D6 | P329: Số lần đúng bảng Pháo sáng | Q329: Đổi hệ | R329: PDF thẻ xe tr. 45–61; dot2 v1 > Pháo sáng & APS
A330: B2-FLR-swarm_carrier | B330: swarm_carrier | C330: units.swarm_carrier.flare.rechargeSec | D330: s | E330: float | G330: 11 | H330: 11 | I330: 0.001 | J330: Giữ đúng nhịp hồi chiêu hiện tại | K330: APPLY | L330: unit | M330: =TRUE() -> TRUE | N330: S01, S06 | O330: D6 | P330: — | Q330: Đổi hệ | R330: PDF thẻ xe tr. 45–61
...

Sheet Gói
A1: bundle_id | B1: Đối tượng | C1: Số dòng | D1: Trạng thái | E1: Cần viết code | F1: depends_on
A2: S01 | B2: (hệ thống) | C2: 1 | D2: APPLY | E2: Có
A3: S02 | B3: (hệ thống) | C3: 1 | D3: APPLY | E3: Có | F3: S01
A4: S03 | B4: (hệ thống) | C4: 1 | D4: APPLY | E4: Có | F4: S01
A5: S04 | B5: (hệ thống) | C5: 1 | D5: APPLY | E5: Có | F5: S01
A6: S05 | B6: (hệ thống) | C6: 1 | D6: APPLY | E6: Có | F6: S01
A7: S06 | B7: (hệ thống) | C7: 1 | D7: APPLY | E7: Có | F7: S01
A8: S07 | B8: (hệ thống) | C8: 1 | D8: APPLY | E8: Có | F8: S01
A9: S08 | B9: (hệ thống) | C9: 1 | D9: APPLY | E9: Có | F9: S01
A10: S09 | B10: (hệ thống) | C10: 1 | D10: APPLY | E10: Có | F10: S01
A11: E1 | B11: Chiếm cứ điểm / Tử chiến / Vua đồi | C11: 7 | D11: APPLY | E11: Không | F11: S01
A12: E2 | B12: (tiếp tế) | C12: 1 | D12: HOLD | E12: Không | F12: C02
A13: B0-sky_gunship | B13: sky_gunship | C13: 1 | D13: FIX | E13: Không | F13: S01
A14: B0-thermobaric_launcher | B14: thermobaric_launcher | C14: 1 | D14: FIX | E14: Không | F14: S01
... A151: G1 | B151: gungnir | C151: 5 | D151: APPLY | E151: Có | F151: C11, S01, S05
A152: R-supergun | B152: supergun_800 | C152: 1 | D152: REJECT | E152: Không
A153: R-radar | B153: radar_scout | C153: 1 | D153: REJECT | E153: Không
A154: R-floor | B154: (máy bay, xe nặng) | C154: 1 | D154: REJECT | E154: Không
A155: R-typhon | B155: (chỉ số) | C155: 1 | D155: REJECT | E155: Không
A156: R-icarus | B156: (chỉ số) | C156: 1 | D156: REJECT | E156: Không
A157: R-round-hover | B157: hover_gunboat | C157: 1 | D157: REJECT | E157: Không
A158: R-speed-new | B158: (4 xe) | C158: 1 | D158: REJECT | E158: Không

Sheet Hệ số
A1: Tham số (chữ xanh = đầu vào, sửa ở đây thì sheet Tính toán và Máy bay – số phát tính lại)
A3: Tham số | B3: Giá trị | C3: Nguồn
A4: Số mũ máu theo giá | B4: 1.15 | C4: Đã chốt
A5: Thưởng: hệ số mỗi CP | B5: 0.0125 | C5: D3
A6: Thưởng: trần | B6: 0.15 | C6: D3
A7: Thưởng: CP bắt đầu | B7: 8 | C7: D3
A8: Hệ số giá ≤ 4 CP | B8: 1 | C8: Đã chốt
A9: Hệ số giá 5–8 CP | B9: 1.15 | C9: Đã chốt
A10: Hệ số giá 9–13 CP | B10: 1.25 | C10: Đã chốt
A11: Hệ số giá ≥ 14 CP | B11: 1.3 | C11: Đã chốt
A12: Thả dù: CP ≤ (s = 2,5) | B12: 4 | C12: Đã chốt
A13: Thả dù: CP ≥ (s = 5) | B13: 15 | C13: Đã chốt
A14: Sát thương Buk | B14: 320 | C14: PDF bảng vũ khí: buk_launcher
A15: Hệ số Buk với máy bay | B15: 1.3 | C15: Giả định; CHECK C10
... A17: Sát thương tên lửa tiêm kích (air_to_air) | B17: 294 | C17: PDF bảng vũ khí

Sheet Tính toán
A1: id | B1: Tên | C1: Lớp | D1: AoE (1 = thưởng ở B5) | E1: CP hiện tại | F1: Hệ số giá | G1: CP mới | H1: Máu hiện tại | I1: Máu gốc (known_good) | J1: Máu theo công thức | K1: Máu chốt (ghi đè) | L1: Máu chốt | M1: Tỷ lệ giá | N1: Thưởng (D3) | O1: Hệ số sát thương áp ngay | P1: Hệ số sát thương đầy đủ | Q1: Thả dù (s)
A2: hover_gunboat | B2: Xuồng đệm khí hộ tống | C2: Xe nhẹ | D2: 0 | E2: 0 | F2: =IF(E2<=4,'Hệ số'!$B$8,IF(E2<=8,'Hệ số'!$B$9,IF(E2<=13,'Hệ số'!$B$10,'Hệ số'!$B$11))) -> 1 | G2: =ROUND(E2*F2,0) -> 0 | H2: 1144 | I2: 1144 | J2: =IF(OR(E2=0,G2=E2),I2,ROUND(I2*(G2/E2)^'Hệ số'!$B$4,-1)) -> 1144 | L2: =IF(K2="",J2,K2) -> 1144 | M2: =IF(E2=0,1,G2/E2) -> 1 | N2: =IF(E2=0,0,MIN('Hệ số'!$B$6,MAX(0,'Hệ số'!$B$5*(G2-'Hệ số'!$B$7)))) -> 0 | O2: =ROUND(IF(D2=1,M2,M2*(1+N2)),4) -> 1 | P2: =ROUND(M2*(1+N2),4) -> 1 | Q2: =IF(E2=0,"",IF(G2<='Hệ số'!$B$12,2.5,IF(G2>='Hệ số'!$B$13,5,3.5)))
A3: armored_car | B3: Xe bọc thép bánh lốp | C3: Xe nhẹ | D3: 0 | E3: 3 | F3: =IF(E3<=4,'Hệ số'!$B$8,IF(E3<=8,'Hệ số'!$B$9,IF(E3<=13,'Hệ số'!$B$10,'Hệ số'!$B$11))) -> 1 | G3: =ROUND(E3*F3,0) -> 3 | H3: 660 | I3: 660 | J3: =IF(OR(E3=0,G3=E3),I3,ROUND(I3*(G3/E3)^'Hệ số'!$B$4,-1)) -> 660 | L3: =IF(K3="",J3,K3) -> 660 | M3: =IF(E3=0,1,G3/E3) -> 1 | N3: =IF(E3=0,0,MIN('Hệ số'!$B$6,MAX(0,'Hệ số'!$B$5*(G3-'Hệ số'!$B$7)))) -> 0 | O3: =ROUND(IF(D3=1,M3,M3*(1+N3)),4) -> 1 | P3: =ROUND(M3*(1+N3),4) -> 1 | Q3: =IF(E3=0,"",IF(G3<='Hệ số'!$B$12,2.5,IF(G3>='Hệ số'!$B$13,5,3.5))) -> 2.5
A4: combat_wreck_car | B4: Xe khi hỏng thành công sự | C4: Xe nhẹ | D4: 0 | E4: 4 | F4: =IF(E4<=4,'Hệ số'!$B$8,IF(E4<=8,'Hệ số'!$B$9,IF(E4<=13,'Hệ số'!$B$10,'Hệ số'!$B$11))) -> 1 | G4: =ROUND(E4*F4,0) -> 4 | H4: 900 | I4: 900 | J4: =IF(OR(E4=0,G4=E4),I4,ROUND(I4*(G4/E4)^'Hệ số'!$B$4,-1)) -> 900 | L4: =IF(K4="",J4,K4) -> 900 | M4: =IF(E4=0,1,G4/E4) -> 1 | N4: =IF(E4=0,0,MIN('Hệ số'!$B$6,MAX(0,'Hệ số'!$B$5*(G4-'Hệ số'!$B$7)))) -> 0 | O4: =ROUND(IF(D4=1,M4,M4*(1+N4)),4) -> 1 | P4: =ROUND(M4*(1+N4),4) -> 1 | Q4: =IF(E4=0,"",IF(G4<='Hệ số'!$B$12,2.5,IF(G4>='Hệ số'!$B$13,5,3.5))) -> 2.5
A5: river_patrol_boat | B5: Tàu tuần tra sông | C5: Xe nhẹ | D5: 0 | E5: 5 | F5: =IF(E5<=4,'Hệ số'!$B$8,IF(E5<=8,'Hệ số'!$B$9,IF(E5<=13,'Hệ số'!$B$10,'Hệ số'!$B$11))) -> 1.15 | G5: =ROUND(E5*F5,0) -> 6 | H5: 801 | I5: 801 | J5: =IF(OR(E5=0,G5=E5),I5,ROUND(I5*(G5/E5)^'Hệ số'!$B$4,-1)) -> 990 | L5: =IF(K5="",J5,K5) -> 990 | M5: =IF(E5=0,1,G5/E5) -> 1.2 | N5: =IF(E5=0,0,MIN('Hệ số'!$B$6,MAX(0,'Hệ số'!$B$5*(G5-'Hệ số'!$B$7)))) -> 0 | O5: =ROUND(IF(D5=1,M5,M5*(1+N5)),4) -> 1.2 | P5: =ROUND(M5*(1+N5),4) -> 1.2 | Q5: =IF(E5=0,"",IF(G5<='Hệ số'!$B$12,2.5,IF(G5>='Hệ số'!$B$13,5,3.5))) -> 3.5
A6: airborne_vehicle | B6: Xe đổ bộ đường không | C6: Xe nhẹ | D6: 0 | E6: 6 | F6: =IF(E6<=4,'Hệ số'!$B$8,IF(E6<=8,'Hệ số'!$B$9,IF(E6<=13,'Hệ số'!$B$10,'Hệ số'!$B$11))) -> 1.15 | G6: =ROUND(E6*F6,0) -> 7 | H6: 1100 | I6: 1100 | J6: =IF(OR(E6=0,G6=E6),I6,ROUND(I6*(G6/E6)^'Hệ số'!$B$4,-1)) -> 1310 | L6: =IF(K6="",J6,K6) -> 1310 | M6: =IF(E6=0,1,G6/E6) -> 1.1666667 | N6: =IF(E6=0,0,MIN('Hệ số'!$B$6,MAX(0,'Hệ số'!$B$5*(G6-'Hệ số'!$B$7)))) -> 0 | O6: =ROUND(IF(D6=1,M6,M6*(1+N6)),4) -> 1.1667 | P6: =ROUND(M6*(1+N6),4) -> 1.1667 | Q6: =IF(E6=0,"",IF(G6<='Hệ số'!$B$12,2.5,IF(G6>='Hệ số'!$B$13,5,3.5))) -> 3.5
A7: amphib_light_vehicle | B7: Xe lội nước tốc độ cao | C7: Xe nhẹ | D7: 0 | E7: 6 | F7: =IF(E7<=4,'Hệ số'!$B$8,IF(E7<=8,'Hệ số'!$B$9,IF(E7<=13,'Hệ số'!$B$10,'Hệ số'!$B$11))) -> 1.15 | G7: =ROUND(E7*F7,0) -> 7 | H7: 1199 | I7: 1199 | J7: =IF(OR(E7=0,G7=E7),I7,ROUND(I7*(G7/E7)^'Hệ số'!$B$4,-1)) -> 1430 | L7: =IF(K7="",J7,K7) -> 1430 | M7: =IF(E7=0,1,G7/E7) -> 1.1666667 | N7: =IF(E7=0,0,MIN('Hệ số'!$B$6,MAX(0,'Hệ số'!$B$5*(G7-'Hệ số'!$B$7)))) -> 0 | O7: =ROUND(IF(D7=1,M7,M7*(1+N7)),4) -> 1.1667 | P7: =ROUND(M7*(1+N7),4) -> 1.1667 | Q7: =IF(E7=0,"",IF(G7<='Hệ số'!$B$12,2.5,IF(G7>='Hệ số'!$B$13,5,3.5))) -> 3.5
A8: ifv | B8: Xe chiến đấu bộ binh | C8: Xe nhẹ | D8: 0 | E8: 6 | F8: =IF(E8<=4,'Hệ số'!$B$8,IF(E8<=8,'Hệ số'!$B$9,IF(E8<=13,'Hệ số'!$B$10,'Hệ số'!$B$11))) -> 1.15 | G8: =ROUND(E8*F8,0) -> 7 | H8: 1144 | I8: 1144 | J8: =IF(OR(E8=0,G8=E8),I8,ROUND(I8*(G8/E8)^'Hệ số'!$B$4,-1)) -> 1370 | L8: =IF(K8="",J8,K8) -> 1370 | M8: =IF(E8=0,1,G8/E8) -> 1.1666667 | N8: =IF(E8=0,0,MIN('Hệ số'!$B$6,MAX(0,'Hệ số'!$B$5*(G8-'Hệ số'!$B$7)))) -> 0 | O8: =ROUND(IF(D8=1,M8,M8*(1+N8)),4) -> 1.1667 | P8: =ROUND(M8*(1+N8),4) -> 1.1667 | Q8: =IF(E8=0,"",IF(G8<='Hệ số'!$B$12,2.5,IF(G8>='Hệ số'!$B$13,5,3.5))) -> 3.5
A9: auto_loader_howitzer | B9: Lựu pháo nạp tự động | C9: Xe nhẹ | D9: 1 | E9: 8 | F9: =IF(E9<=4,'Hệ số'!$B$8,IF(E9<=8,'Hệ số'!$B$9,IF(E9<=13,'Hệ số'!$B$10,'Hệ số'!$B$11))) -> 1.15 | G9: =ROUND(E9*F9,0) -> 9 | H9: 1599 | I9: 1599 | J9: =IF(OR(E9=0,G9=E9),I9,ROUND(I9*(G9/E9)^'Hệ số'!$B$4,-1)) -> 1830 | L9: =IF(K9="",J9,K9) -> 1830 | M9: =IF(E9=0,1,G9/E9) -> 1.125 | N9: =IF(E9=0,0,MIN('Hệ số'!$B$6,MAX(0,'Hệ số'!$B$5*(G9-'Hệ số'!$B$7)))) -> 0.0125 | O9: =ROUND(IF(D9=1,M9,M9*(1+N9)),4) -> 1.125 | P9: =ROUND(M9*(1+N9),4) -> 1.1391 | Q9: =IF(E9=0,"",IF(G9<='Hệ số'!$B$12,2.5,IF(G9>='Hệ số'!$B$13,5,3.5))) -> 3.5
A10: river_gunboat | B10: Pháo hạm sông | C10: Xe nhẹ | D10: 0 | E10: 9 | F10: =IF(E10<=4,'Hệ số'!$B$8,IF(E10<=8,'Hệ số'!$B$9,IF(E10<=13,'Hệ số'!$B$10,'Hệ số'!$B$11))) -> 1.25 | G10: =ROUND(E10*F10,0) -> 11 | H10: 2499 | I10: 2499 | J10: =IF(OR(E10=0,G10=E10),I10,ROUND(I10*(G10/E10)^'Hệ số'!$B$4,-1)) -> 3150 | L10: =IF(K10="",J10,K10) -> 3150 | M10: =IF(E10=0,1,G10/E10) -> 1.2222222 | N10: =IF(E10=0,0,MIN('Hệ số'!$B$6,MAX(0,'Hệ số'!$B$5*(G10-'Hệ số'!$B$7)))) -> 0.0375 | O10: =ROUND(IF(D10=1,M10,M10*(1+N10)),4) -> 1.2681 | P10: =ROUND(M10*(1+N10),4) -> 1.2681 | Q10: =IF(E10=0,"",IF(G10<='Hệ số'!$B$12,2.5,IF(G10>='Hệ số'!$B$13,5,3.5))) -> 3.5
A11: coastal_ashm_vehicle | B11: Xe tên lửa chống hạm bờ biển | C11: Xe nhẹ | D11: 1 | E11: 10 | F11: =IF(E11<=4,'Hệ số'!$B$8,IF(E11<=8,'Hệ số'!$B$9,IF(E11<=13,'Hệ số'!$B$10,'Hệ số'!$B$11))) -> 1.25 | G11: =ROUND(E11*F11,0) -> 13 | H11: 900 | I11: 900 | J11: =IF(OR(E11=0,G11=E11),I11,ROUND(I11*(G11/E11)^'Hệ số'!$B$4,-1)) -> 1220 | L11: =IF(K11="",J11,K11) -> 1220 | M11: =IF(E11=0,1,G11/E11) -> 1.3 | N11: =IF(E11=0,0,MIN('Hệ số'!$B$6,MAX(0,'Hệ số'!$B$5*(G11-'Hệ số'!$B$7)))) -> 0.0625 | O11: =ROUND(IF(D11=1,M11,M11*(1+N11)),4) -> 1.3 | P11: =ROUND(M11*(1+N11),4) -> 1.3813 | Q11: =IF(E11=0,"",IF(G11<='Hệ số'!$B$12,2.5,IF(G11>='Hệ số'!$B$13,5,3.5))) -> 3.5
A12: ground_cruise_missile_vehicle | B12: Xe phóng tên lửa hành trình | C12: Xe nhẹ | D12: 1 | E12: 12 | F12: =IF(E12<=4,'Hệ số'!$B$8,IF(E12<=8,'Hệ số'!$B$9,IF(E12<=13,'Hệ số'!$B$10,'Hệ số'!$B$11))) -> 1.25 | G12: =ROUND(E12*F12,0) -> 15 | H12: 1001 | I12: 1001 | J12: =IF(OR(E12=0,G12=E12),I12,ROUND(I12*(G12/E12)^'Hệ số'!$B$4,-1)) -> 1290 | L12: =IF(K12="",J12,K12) -> 1290 | M12: =IF(E12=0,1,G12/E12) -> 1.25 | N12: =IF(E12=0,0,MIN('Hệ số'!$B$6,MAX(0,'Hệ số'!$B$5*(G12-'Hệ số'!$B$7)))) -> 0.0875 | O12: =ROUND(IF(D12=1,M12,M12*(1+N12)),4) -> 1.25 | P12: =ROUND(M12*(1+N12),4) -> 1.3594 | Q12: =IF(E12=0,"",IF(G12<='Hệ số'!$B$12,2.5,IF(G12>='Hệ số'!$B$13,5,3.5))) -> 5
A13: supply_truck | B13: Xe tải tiếp tế | C13: Hỗ trợ | D13: 0 | E13: 0 | F13: =IF(E13<=4,'Hệ số'!$B$8,IF(E13<=8,'Hệ số'!$B$9,IF(E13<=13,'Hệ số'!$B$10,'Hệ số'!$B$11))) -> 1 | G13: =ROUND(E13*F13,0) -> 0 | H13: 1540 | I13: 1540 | J13: =IF(OR(E13=0,G13=E13),I13,ROUND(I13*(G13/E13)^'Hệ số'!$B$4,-1)) -> 1540 | L13: =IF(K13="",J13,K13) -> 1540 | M13: =IF(E13=0,1,G13/E13) -> 1 | N13: =IF(E13=0,0,MIN('Hệ số'!$B$6,MAX(0,'Hệ số'!$B$5*(G13-'Hệ số'!$B$7)))) -> 0 | O13: =ROUND(IF(D13=1,M13,M13*(1+N13)),4) -> 1 | P13: =ROUND(M13*(1+N13),4) -> 1 | Q13: =IF(E13=0,"",IF(G13<='Hệ số'!$B$12,2.5,IF(G13>='Hệ số'!$B$13,5,3.5)))
... A42: stealth_fighter | B42: Tiêm kích tàng hình | C42: Máy bay | D42: 0 | E42: 13 | F42: =IF(E42<=4,'Hệ số'!$B$8,IF(E42<=8,'Hệ số'!$B$9,IF(E42<=13,'Hệ số'!$B$10,'Hệ số'!$B$11))) -> 1.25 | G42: =ROUND(E42*F42,0) -> 16 | H42: 1056 | I42: 1056 | J42: =IF(OR(E42=0,G42=E42),I42,ROUND(I42*(G42/E42)^'Hệ số'!$B$4,-1)) -> 1340 | L42: =IF(K42="",J42,K42) -> 1340 | M42: =IF(E42=0,1,G42/E42) -> 1.2307692 | N42: =IF(E42=0,0,MIN('Hệ số'!$B$6,MAX(0,'Hệ số'!$B$5*(G42-'Hệ số'!$B$7)))) -> 0.1 | O42: =ROUND(IF(D42=1,M42,M42*(1+N42)),4) -> 1.3538 | P42: =ROUND(M42*(1+N42),4) -> 1.3538 | Q42: =IF(E42=0,"",IF(G42<='Hệ số'!$B$12,2.5,IF(G42>='Hệ số'!$B$13,5,3.5))) -> 5
A43: swarm_carrier | B43: Máy bay mẹ thả drone | C43: Máy bay | D43: 1 | E43: 13 | F43: =IF(E43<=4,'Hệ số'!$B$8,IF(E43<=8,'Hệ số'!$B$9,IF(E43<=13,'Hệ số'!$B$10,'Hệ số'!$B$11))) -> 1.25 | G43: =ROUND(E43*F43,0) -> 16 | H43: 1390 | I43: 1390 | J43: =IF(OR(E43=0,G43=E43),I43,ROUND(I43*(G43/E43)^'Hệ số'!$B$4,-1)) -> 1760 | K43: 2400 | L43: =IF(K43="",J43,K43) -> 2400 | M43: =IF(E43=0,1,G43/E43) -> 1.2307692 | N43: =IF(E43=0,0,MIN('Hệ số'!$B$6,MAX(0,'Hệ số'!$B$5*(G43-'Hệ số'!$B$7)))) -> 0.1 | O43: =ROUND(IF(D43=1,M43,M43*(1+N43)),4) -> 1.2308 | P43: =ROUND(M43*(1+N43),4) -> 1.3538 | Q43: =IF(E43=0,"",IF(G43<='Hệ số'!$B$12,2.5,IF(G43>='Hệ số'!$B$13,5,3.5))) -> 5
A44: twin_rotor_gunship | B44: Pháo hạm trực thăng hai rô-to | C44: Trực thăng | D44: 0 | E44: 14 | F44: =IF(E44<=4,'Hệ số'!$B$8,IF(E44<=8,'Hệ số'!$B$9,IF(E44<=13,'Hệ số'!$B$10,'Hệ số'!$B$11))) -> 1.3 | G44: =ROUND(E44*F44,0) -> 18 | H44: 3500 | I44: 3500 | J44: =IF(OR(E44=0,G44=E44),I44,ROUND(I44*(G44/E44)^'Hệ số'!$B$4,-1)) -> 4670 | L44: =IF(K44="",J44,K44) -> 4670 | M44: =IF(E44=0,1,G44/E44) -> 1.2857143 | N44: =IF(E44=0,0,MIN('Hệ số'!$B$6,MAX(0,'Hệ số'!$B$5*(G44-'Hệ số'!$B$7)))) -> 0.125 | O44: =ROUND(IF(D44=1,M44,M44*(1+N44)),4) -> 1.4464 | P44: =ROUND(M44*(1+N44),4) -> 1.4464 | Q44: =IF(E44=0,"",IF(G44<='Hệ số'!$B$12,2.5,IF(G44>='Hệ số'!$B$13,5,3.5))) -> 5
A45: gunship_heli | B45: Trực thăng vũ trang bọc giáp | C45: Trực thăng | D45: 0 | E45: 15 | F45: =IF(E45<=4,'Hệ số'!$B$8,IF(E45<=8,'Hệ số'!$B$9,IF(E45<=13,'Hệ số'!$B$10,'Hệ số'!$B$11))) -> 1.3 | G45: =ROUND(E45*F45,0) -> 20 | H45: 2600 | I45: 2600 | J45: =IF(OR(E45=0,G45=E45),I45,ROUND(I45*(G45/E45)^'Hệ số'!$B$4,-1)) -> 3620 | L45: =IF(K45="",J45,K45) -> 3620 | M45: =IF(E45=0,1,G45/E45) -> 1.3333333 | N45: =IF(E45=0,0,MIN('Hệ số'!$B$6,MAX(0,'Hệ số'!$B$5*(G45-'Hệ số'!$B$7)))) -> 0.15 | O45: =ROUND(IF(D45=1,M45,M45*(1+N45)),4) -> 1.5333 | P45: =ROUND(M45*(1+N45),4) -> 1.5333 | Q45: =IF(E45=0,"",IF(G45<='Hệ số'!$B$12,2.5,IF(G45>='Hệ số'!$B$13,5,3.5))) -> 5
A46: glide_bomber | B46: Máy bay ném bom lượn tầm xa | C46: Máy bay | D46: 1 | E46: 16 | F46: =IF(E46<=4,'Hệ số'!$B$8,IF(E46<=8,'Hệ số'!$B$9,IF(E46<=13,'Hệ số'!$B$10,'Hệ số'!$B$11))) -> 1.3 | G46: =ROUND(E46*F46,0) -> 21 | H46: 2200 | I46: 2200 | J46: =IF(OR(E46=0,G46=E46),I46,ROUND(I46*(G46/E46)^'Hệ số'!$B$4,-1)) -> 3010 | L46: =IF(K46="",J46,K46) -> 3010 | M46: =IF(E46=0,1,G46/E46) -> 1.3125 | N46: =IF(E46=0,0,MIN('Hệ số'!$B$6,MAX(0,'Hệ số'!$B$5*(G46-'Hệ số'!$B$7)))) -> 0.15 | O46: =ROUND(IF(D46=1,M46,M46*(1+N46)),4) -> 1.3125 | P46: =ROUND(M46*(1+N46),4) -> 1.5094 | Q46: =IF(E46=0,"",IF(G46<='Hệ số'!$B$12,2.5,IF(G46>='Hệ số'!$B$13,5,3.5))) -> 5
A47: stealth_naval_strike | B47: Cường kích tàng hình trên hạm | C47: Máy bay | D47: 0 | E47: 17 | F47: =IF(E47<=4,'Hệ số'!$B$8,IF(E47<=8,'Hệ số'!$B$9,IF(E47<=13,'Hệ số'!$B$10,'Hệ số'!$B$11))) -> 1.3 | G47: =ROUND(E47*F47,0) -> 22 | H47: 1500 | I47: 1500 | J47: =IF(OR(E47=0,G47=E47),I47,ROUND(I47*(G47/E47)^'Hệ số'!$B$4,-1)) -> 2020 | L47: =IF(K47="",J47,K47) -> 2020 | M47: =IF(E47=0,1,G47/E47) -> 1.2941176 | N47: =IF(E47=0,0,MIN('Hệ số'!$B$6,MAX(0,'Hệ số'!$B$5*(G47-'Hệ số'!$B$7)))) -> 0.15 | O47: =ROUND(IF(D47=1,M47,M47*(1+N47)),4) -> 1.4882 | P47: =ROUND(M47*(1+N47),4) -> 1.4882 | Q47: =IF(E47=0,"",IF(G47<='Hệ số'!$B$12,2.5,IF(G47>='Hệ số'!$B$13,5,3.5))) -> 5
A48: attack_jet | B48: Máy bay cường kích | C48: Máy bay | D48: 0 | E48: 18 | F48: =IF(E48<=4,'Hệ số'!$B$8,IF(E48<=8,'Hệ số'!$B$9,IF(E48<=13,'Hệ số'!$B$10,'Hệ số'!$B$11))) -> 1.3 | G48: =ROUND(E48*F48,0) -> 23 | H48: 1870 | I48: 1870 | J48: =IF(OR(E48=0,G48=E48),I48,ROUND(I48*(G48/E48)^'Hệ số'!$B$4,-1)) -> 2480 | L48: =IF(K48="",J48,K48) -> 2480 | M48: =IF(E48=0,1,G48/E48) -> 1.2777778 | N48: =IF(E48=0,0,MIN('Hệ số'!$B$6,MAX(0,'Hệ số'!$B$5*(G48-'Hệ số'!$B$7)))) -> 0.15 | O48: =ROUND(IF(D48=1,M48,M48*(1+N48)),4) -> 1.4694 | P48: =ROUND(M48*(1+N48),4) -> 1.4694 | Q48: =IF(E48=0,"",IF(G48<='Hệ số'!$B$12,2.5,IF(G48>='Hệ số'!$B$13,5,3.5))) -> 5
A49: stealth_bomber | B49: Oanh tạc cơ tàng hình | C49: Máy bay | D49: 1 | E49: 21 | F49: =IF(E49<=4,'Hệ số'!$B$8,IF(E49<=8,'Hệ số'!$B$9,IF(E49<=13,'Hệ số'!$B$10,'Hệ số'!$B$11))) -> 1.3 | G49: =ROUND(E49*F49,0) -> 27 | H49: 1980 | I49: 1980 | J49: =IF(OR(E49=0,G49=E49),I49,ROUND(I49*(G49/E49)^'Hệ số'!$B$4,-1)) -> 2640 | L49: =IF(K49="",J49,K49) -> 2640 | M49: =IF(E49=0,1,G49/E49) -> 1.2857143 | N49: =IF(E49=0,0,MIN('Hệ số'!$B$6,MAX(0,'Hệ số'!$B$5*(G49-'Hệ số'!$B$7)))) -> 0.15 | O49: =ROUND(IF(D49=1,M49,M49*(1+N49)),4) -> 1.2857 | P49: =ROUND(M49*(1+N49),4) -> 1.4786 | Q49: =IF(E49=0,"",IF(G49<='Hệ số'!$B$12,2.5,IF(G49>='Hệ số'!$B$13,5,3.5))) -> 5
A50: heavy_bomber | B50: Oanh tạc cơ chiến lược | C50: Máy bay | D50: 1 | E50: 22 | F50: =IF(E50<=4,'Hệ số'!$B$8,IF(E50<=8,'Hệ số'!$B$9,IF(E50<=13,'Hệ số'!$B$10,'Hệ số'!$B$11))) -> 1.3 | G50: =ROUND(E50*F50,0) -> 29 | H50: 3300 | I50: 3300 | J50: =IF(OR(E50=0,G50=E50),I50,ROUND(I50*(G50/E50)^'Hệ số'!$B$4,-1)) -> 4530 | L50: =IF(K50="",J50,K50) -> 4530 | M50: =IF(E50=0,1,G50/E50) -> 1.3181818 | N50: =IF(E50=0,0,MIN('Hệ số'!$B$6,MAX(0,'Hệ số'!$B$5*(G50-'Hệ số'!$B$7)))) -> 0.15 | O50: =ROUND(IF(D50=1,M50,M50*(1+N50)),4) -> 1.3182 | P50: =ROUND(M50*(1+N50),4) -> 1.5159 | Q50: =IF(E50=0,"",IF(G50<='Hệ số'!$B$12,2.5,IF(G50>='Hệ số'!$B$13,5,3.5))) -> 5
A51: sky_gunship | B51: Pháo hạm bay | C51: Máy bay | D51: 0 | E51: 22 | F51: =IF(E51<=4,'Hệ số'!$B$8,IF(E51<=8,'Hệ số'!$B$9,IF(E51<=13,'Hệ số'!$B$10,'Hệ số'!$B$11))) -> 1.3 | G51: =ROUND(E51*F51,0) -> 29 | H51: 2352 | I51: 4400 | J51: =IF(OR(E51=0,G51=E51),I51,ROUND(I51*(G51/E51)^'Hệ số'!$B$4,-1)) -> 6050 | K51: 4900 | L51: =IF(K51="",J51,K51) -> 4900 | M51: =IF(E51=0,1,G51/E51) -> 1.3181818 | N51: =IF(E51=0,0,MIN('Hệ số'!$B$6,MAX(0,'Hệ số'!$B$5*(G51-'Hệ số'!$B$7)))) -> 0.15 | O51: =ROUND(IF(D51=1,M51,M51*(1+N51)),4) -> 1.5159 | P51: =ROUND(M51*(1+N51),4) -> 1.5159 | Q51: =IF(E51=0,"",IF(G51<='Hệ số'!$B$12,2.5,IF(G51>='Hệ số'!$B$13,5,3.5))) -> 5
A52: scout_jeep | B52: Xe trinh sát hạng nhẹ | C52: Trinh sát | D52: 0 | E52: 2 | F52: =IF(E52<=4,'Hệ số'!$B$8,IF(E52<=8,'Hệ số'!$B$9,IF(E52<=13,'Hệ số'!$B$10,'Hệ số'!$B$11))) -> 1 | G52: =ROUND(E52*F52,0) -> 2 | H52: 264 | I52: 264 | J52: =IF(OR(E52=0,G52=E52),I52,ROUND(I52*(G52/E52)^'Hệ số'!$B$4,-1)) -> 264 | L52: =IF(K52="",J52,K52) -> 264 | M52: =IF(E52=0,1,G52/E52) -> 1 | N52: =IF(E52=0,0,MIN('Hệ số'!$B$6,MAX(0,'Hệ số'!$B$5*(G52-'Hệ số'!$B$7)))) -> 0 | O52: =ROUND(IF(D52=1,M52,M52*(1+N52)),4) -> 1 | P52: =ROUND(M52*(1+N52),4) -> 1 | Q52: =IF(E52=0,"",IF(G52<='Hệ số'!$B$12,2.5,IF(G52>='Hệ số'!$B$13,5,3.5))) -> 2.5
A53: vbied | B53: Xe bom bọc thép | C53: Trinh sát | D53: 0 | E53: 3 | F53: =IF(E53<=4,'Hệ số'!$B$8,IF(E53<=8,'Hệ số'!$B$9,IF(E53<=13,'Hệ số'!$B$10,'Hệ số'!$B$11))) -> 1 | G53: =ROUND(E53*F53,0) -> 3 | H53: 801 | I53: 801 | J53: =IF(OR(E53=0,G53=E53),I53,ROUND(I53*(G53/E53)^'Hệ số'!$B$4,-1)) -> 801 | L53: =IF(K53="",J53,K53) -> 801 | M53: =IF(E53=0,1,G53/E53) -> 1 | N53: =IF(E53=0,0,MIN('Hệ số'!$B$6,MAX(0,'Hệ số'!$B$5*(G53-'Hệ số'!$B$7)))) -> 0 | O53: =ROUND(IF(D53=1,M53,M53*(1+N53)),4) -> 1 | P53: =ROUND(M53*(1+N53),4) -> 1 | Q53: =IF(E53=0,"",IF(G53<='Hệ số'!$B$12,2.5,IF(G53>='Hệ số'!$B$13,5,3.5))) -> 2.5
A54: radar_scout | B54: Xe trinh sát bọc thép radar mặt đất | C54: Trinh sát | D54: 0 | E54: 4 | F54: =IF(E54<=4,'Hệ số'!$B$8,IF(E54<=8,'Hệ số'!$B$9,IF(E54<=13,'Hệ số'!$B$10,'Hệ số'!$B$11))) -> 1 | G54: =ROUND(E54*F54,0) -> 4 | H54: 700 | I54: 700 | J54: =IF(OR(E54=0,G54=E54),I54,ROUND(I54*(G54/E54)^'Hệ số'!$B$4,-1)) -> 700 | L54: =IF(K54="",J54,K54) -> 700 | M54: =IF(E54=0,1,G54/E54) -> 1 | N54: =IF(E54=0,0,MIN('Hệ số'!$B$6,MAX(0,'Hệ số'!$B$5*(G54-'Hệ số'!$B$7)))) -> 0 | O54: =ROUND(IF(D54=1,M54,M54*(1+N54)),4) -> 1 | P54: =ROUND(M54*(1+N54),4) -> 1 | Q54: =IF(E54=0,"",IF(G54<='Hệ số'!$B$12,2.5,IF(G54>='Hệ số'!$B$13,5,3.5))) -> 2.5
A55: radar_support_vehicle | B55: Xe radar phòng không di động | C55: Trinh sát | D55: 0 | E55: 5 | F55: =IF(E55<=4,'Hệ số'!$B$8,IF(E55<=8,'Hệ số'!$B$9,IF(E55<=13,'Hệ số'!$B$10,'Hệ số'!$B$11))) -> 1.15 | G55: =ROUND(E55*F55,0) -> 6 | H55: 900 | I55: 900 | J55: =IF(OR(E55=0,G55=E55),I55,ROUND(I55*(G55/E55)^'Hệ số'!$B$4,-1)) -> 1110 | L55: =IF(K55="",J55,K55) -> 1110 | M55: =IF(E55=0,1,G55/E55) -> 1.2 | N55: =IF(E55=0,0,MIN('Hệ số'!$B$6,MAX(0,'Hệ số'!$B$5*(G55-'Hệ số'!$B$7)))) -> 0 | O55: =ROUND(IF(D55=1,M55,M55*(1+N55)),4) -> 1.2 | P55: =ROUND(M55*(1+N55),4) -> 1.2 | Q55: =IF(E55=0,"",IF(G55<='Hệ số'!$B$12,2.5,IF(G55>='Hệ số'!$B$13,5,3.5))) -> 3.5
A56: light_tank | B56: Tăng nhẹ lội nước | C56: Xe tăng | D56: 0 | E56: 3 | F56: =IF(E56<=4,'Hệ số'!$B$8,IF(E56<=8,'Hệ số'!$B$9,IF(E56<=13,'Hệ số'!$B$10,'Hệ số'!$B$11))) -> 1 | G56: =ROUND(E56*F56,0) -> 3 | H56: 1012 | I56: 1012 | J56: =IF(OR(E56=0,G56=E56),I56,ROUND(I56*(G56/E56)^'Hệ số'!$B$4,-1)) -> 1012 | L56: =IF(K56="",J56,K56) -> 1012 | M56: =IF(E56=0,1,G56/E56) -> 1 | N56: =IF(E56=0,0,MIN('Hệ số'!$B$6,MAX(0,'Hệ số'!$B$5*(G56-'Hệ số'!$B$7)))) -> 0 | O56: =ROUND(IF(D56=1,M56,M56*(1+N56)),4) -> 1 | P56: =ROUND(M56*(1+N56),4) -> 1 | Q56: =IF(E56=0,"",IF(G56<='Hệ số'!$B$12,2.5,IF(G56>='Hệ số'!$B$13,5,3.5))) -> 2.5
A57: airborne_light_tank | B57: Tăng nhẹ thả dù | C57: Xe tăng | D57: 0 | E57: 5 | F57: =IF(E57<=4,'Hệ số'!$B$8,IF(E57<=8,'Hệ số'!$B$9,IF(E57<=13,'Hệ số'!$B$10,'Hệ số'!$B$11))) -> 1.15 | G57: =ROUND(E57*F57,0) -> 6 | H57: 1300 | I57: 1300 | J57: =IF(OR(E57=0,G57=E57),I57,ROUND(I57*(G57/E57)^'Hệ số'!$B$4,-1)) -> 1600 | L57: =IF(K57="",J57,K57) -> 1600 | M57: =IF(E57=0,1,G57/E57) -> 1.2 | N57: =IF(E57=0,0,MIN('Hệ số'!$B$6,MAX(0,'Hệ số'!$B$5*(G57-'Hệ số'!$B$7)))) -> 0 | O57: =ROUND(IF(D57=1,M57,M57*(1+N57)),4) -> 1.2 | P57: =ROUND(M57*(1+N57),4) -> 1.2 | Q57: =IF(E57=0,"",IF(G57<='Hệ số'!$B$12,2.5,IF(G57>='Hệ số'!$B$13,5,3.5))) -> 3.5
A58: flame_tank | B58: Tăng phun lửa | C58: Xe tăng | D58: 0 | E58: 5 | F58: =IF(E58<=4,'Hệ số'!$B$8,IF(E58<=8,'Hệ số'!$B$9,IF(E58<=13,'Hệ số'!$B$10,'Hệ số'!$B$11))) -> 1.15 | G58: =ROUND(E58*F58,0) -> 6 | H58: 1320 | I58: 1320 | J58: =IF(OR(E58=0,G58=E58),I58,ROUND(I58*(G58/E58)^'Hệ số'!$B$4,-1)) -> 1630 | L58: =IF(K58="",J58,K58) -> 1630 | M58: =IF(E58=0,1,G58/E58) -> 1.2 | N58: =IF(E58=0,0,MIN('Hệ số'!$B$6,MAX(0,'Hệ số'!$B$5*(G58-'Hệ số'!$B$7)))) -> 0 | O58: =ROUND(IF(D58=1,M58,M58*(1+N58)),4) -> 1.2 | P58: =ROUND(M58*(1+N58),4) -> 1.2 | Q58: =IF(E58=0,"",IF(G58<='Hệ số'!$B$12,2.5,IF(G58>='Hệ số'!$B$13,5,3.5))) -> 3.5
A59: turtle_tank | B59: Tăng mái che | C59: Xe tăng | D59: 0 | E59: 7 | F59: =IF(E59<=4,'Hệ số'!$B$8,IF(E59<=8,'Hệ số'!$B$9,IF(E59<=13,'Hệ số'!$B$10,'Hệ số'!$B$11))) -> 1.15 | G59: =ROUND(E59*F59,0) -> 8 | H59: 2860 | I59: 2860 | J59: =IF(OR(E59=0,G59=E59),I59,ROUND(I59*(G59/E59)^'Hệ số'!$B$4,-1)) -> 3330 | L59: =IF(K59="",J59,K59) -> 3330 | M59: =IF(E59=0,1,G59/E59) -> 1.1428571 | N59: =IF(E59=0,0,MIN('Hệ số'!$B$6,MAX(0,'Hệ số'!$B$5*(G59-'Hệ số'!$B$7)))) -> 0 | O59: =ROUND(IF(D59=1,M59,M59*(1+N59)),4) -> 1.1429 | P59: =ROUND(M59*(1+N59),4) -> 1.1429 | Q59: =IF(E59=0,"",IF(G59<='Hệ số'!$B$12,2.5,IF(G59>='Hệ số'!$B$13,5,3.5))) -> 3.5
A60: bmpt | B60: Xe hỗ trợ tăng | C60: Xe tăng | D60: 0 | E60: 9 | F60: =IF(E60<=4,'Hệ số'!$B$8,IF(E60<=8,'Hệ số'!$B$9,IF(E60<=13,'Hệ số'!$B$10,'Hệ số'!$B$11))) -> 1.25 | G60: =ROUND(E60*F60,0) -> 11 | H60: 2530 | I60: 2530 | J60: =IF(OR(E60=0,G60=E60),I60,ROUND(I60*(G60/E60)^'Hệ số'!$B$4,-1)) -> 3190 | L60: =IF(K60="",J60,K60) -> 3190 | M60: =IF(E60=0,1,G60/E60) -> 1.2222222 | N60: =IF(E60=0,0,MIN('Hệ số'!$B$6,MAX(0,'Hệ số'!$B$5*(G60-'Hệ số'!$B$7)))) -> 0.0375 | O60: =ROUND(IF(D60=1,M60,M60*(1+N60)),4) -> 1.2681 | P60: =ROUND(M60*(1+N60),4) -> 1.2681 | Q60: =IF(E60=0,"",IF(G60<='Hệ số'!$B$12,2.5,IF(G60>='Hệ số'!$B$13,5,3.5))) -> 3.5
A61: recoilless_jeep | B61: Xe jeep súng không giật | C61: Diệt tăng | D61: 0 | E61: 3 | F61: =IF(E61<=4,'Hệ số'!$B$8,IF(E61<=8,'Hệ số'!$B$9,IF(E61<=13,'Hệ số'!$B$10,'Hệ số'!$B$11))) -> 1 | G61: =ROUND(E61*F61,0) -> 3 | H61: 350 | I61: 350 | J61: =IF(OR(E61=0,G61=E61),I61,ROUND(I61*(G61/E61)^'Hệ số'!$B$4,-1)) -> 350 | L61: =IF(K61="",J61,K61) -> 350 | M61: =IF(E61=0,1,G61/E61) -> 1 | N61: =IF(E61=0,0,MIN('Hệ số'!$B$6,MAX(0,'Hệ số'!$B$5*(G61-'Hệ số'!$B$7)))) -> 0 | O61: =ROUND(IF(D61=1,M61,M61*(1+N61)),4) -> 1 | P61: =ROUND(M61*(1+N61),4) -> 1 | Q61: =IF(E61=0,"",IF(G61<='Hệ số'!$B$12,2.5,IF(G61>='Hệ số'!$B$13,5,3.5))) -> 2.5
A62: towed_at_gun | B62: Pháo chống tăng kéo cỡ lớn | C62: Diệt tăng | D62: 0 | E62: 4 | F62: =IF(E62<=4,'Hệ số'!$B$8,IF(E62<=8,'Hệ số'!$B$9,IF(E62<=13,'Hệ số'!$B$10,'Hệ số'!$B$11))) -> 1 | G62: =ROUND(E62*F62,0) -> 4 | H62: 801 | I62: 801 | J62: =IF(OR(E62=0,G62=E62),I62,ROUND(I62*(G62/E62)^'Hệ số'!$B$4,-1)) -> 801 | L62: =IF(K62="",J62,K62) -> 801 | M62: =IF(E62=0,1,G62/E62) -> 1 | N62: =IF(E62=0,0,MIN('Hệ số'!$B$6,MAX(0,'Hệ số'!$B$5*(G62-'Hệ số'!$B$7)))) -> 0 | O62: =ROUND(IF(D62=1,M62,M62*(1+N62)),4) -> 1 | P62: =ROUND(M62*(1+N62),4) -> 1 | Q62: =IF(E62=0,"",IF(G62<='Hệ số'!$B$12,2.5,IF(G62>='Hệ số'!$B$13,5,3.5))) -> 2.5
A63: fpv_carrier | B63: Xe phóng drone FPV | C63: Diệt tăng | D63: 0 | E63: 6 | F63: =IF(E63<=4,'Hệ số'!$B$8,IF(E63<=8,'Hệ số'!$B$9,IF(E63<=13,'Hệ số'!$B$10,'Hệ số'!$B$11))) -> 1.15 | G63: =ROUND(E63*F63,0) -> 7 | H63: 924 | I63: 924 | J63: =IF(OR(E63=0,G63=E63),I63,ROUND(I63*(G63/E63)^'Hệ số'!$B$4,-1)) -> 1100 | L63: =IF(K63="",J63,K63) -> 1100 | M63: =IF(E63=0,1,G63/E63) -> 1.1666667 | N63: =IF(E63=0,0,MIN('Hệ số'!$B$6,MAX(0,'Hệ số'!$B$5*(G63-'Hệ số'!$B$7)))) -> 0 | O63: =ROUND(IF(D63=1,M63,M63*(1+N63)),4) -> 1.1667 | P63: =ROUND(M63*(1+N63),4) -> 1.1667 | Q63: =IF(E63=0,"",IF(G63<='Hệ số'!$B$12,2.5,IF(G63>='Hệ số'!$B$13,5,3.5))) -> 3.5
... A101: titan_tank | B101: Siêu tăng | C101: Hạng nặng | D101: 0 | E101: 18 | F101: =IF(E101<=4,'Hệ số'!$B$8,IF(E101<=8,'Hệ số'!$B$9,IF(E101<=13,'Hệ số'!$B$10,'Hệ số'!$B$11))) -> 1.3 | G101: =ROUND(E101*F101,0) -> 23 | H101: 5720 | I101: 5720 | J101: =IF(OR(E101=0,G101=E101),I101,ROUND(I101*(G101/E101)^'Hệ số'!$B$4,-1)) -> 7580 | L101: =IF(K101="",J101,K101) -> 7580 | M101: =IF(E101=0,1,G101/E101) -> 1.2777778 | N101: =IF(E101=0,0,MIN('Hệ số'!$B$6,MAX(0,'Hệ số'!$B$5*(G101-'Hệ số'!$B$7)))) -> 0.15 | O101: =ROUND(IF(D101=1,M101,M101*(1+N101)),4) -> 1.4694 | P101: =ROUND(M101*(1+N101),4) -> 1.4694 | Q101: =IF(E101=0,"",IF(G101<='Hệ số'!$B$12,2.5,IF(G101>='Hệ số'!$B$13,5,3.5))) -> 5

Sheet Máy bay – số phát
A1: Số phát để hạ (làm tròn lên) với máu chốt ở sheet Tính toán. Thước đo chính: Buk hiệu dụng = sát thương × hệ số với máy bay (Hệ số). PK nhẹ và tên lửa tiêm kích chưa tính hệ số loại sát thương, chỉ để tham khảo. Đây là số "đòn sạch": chưa tính pháo sáng.
A3: id | B3: Tên | C3: Nhóm (D8) | D3: CP mới | E3: Máu chốt | F3: Buk hiệu dụng (phát) | G3: PK nhẹ (phát, thô) | H3: Tên lửa tiêm kích (phát, thô) | I3: Dải thấp | J3: Dải cao | K3: Trong dải?
A4: fighter_jet | B4: Tiêm kích | C4: Tiêm kích | D4: ='Tính toán'!G40 -> 15 | E4: ='Tính toán'!L40 -> 1480 | F4: =ROUNDUP(E4/('Hệ số'!$B$14*'Hệ số'!$B$15),0) -> 4 | G4: =ROUNDUP(E4/'Hệ số'!$B$16,0) -> 9 | H4: =ROUNDUP(E4/'Hệ số'!$B$17,0) -> 6 | I4: 3 | J4: 5 | K4: =IF(AND(F4>=I4,F4<=J4),"Có",IF(D4<=8,"Ngoài dải (thẻ rẻ, chấp nhận)","Ngoài dải — báo cáo")) -> Có
A5: interceptor_jet | B5: Tiêm kích đánh chặn | C5: Tiêm kích | D5: ='Tính toán'!G41 -> 16 | E5: ='Tính toán'!L41 -> 1650 | F5: =ROUNDUP(E5/('Hệ số'!$B$14*'Hệ số'!$B$15),0) -> 4 | G5: =ROUNDUP(E5/'Hệ số'!$B$16,0) -> 10 | H5: =ROUNDUP(E5/'Hệ số'!$B$17,0) -> 6 | I5: 3 | J5: 5 | K5: =IF(AND(F5>=I5,F5<=J5),"Có",IF(D5<=8,"Ngoài dải (thẻ rẻ, chấp nhận)","Ngoài dải — báo cáo")) -> Có
A6: stealth_fighter | B6: Tiêm kích tàng hình | C6: Tiêm kích | D6: ='Tính toán'!G42 -> 16 | E6: ='Tính toán'!L42 -> 1340 | F6: =ROUNDUP(E6/('Hệ số'!$B$14*'Hệ số'!$B$15),0) -> 4 | G6: =ROUNDUP(E6/'Hệ số'!$B$16,0) -> 8 | H6: =ROUNDUP(E6/'Hệ số'!$B$17,0) -> 5 | I6: 3 | J6: 5 | K6: =IF(AND(F6>=I6,F6<=J6),"Có",IF(D6<=8,"Ngoài dải (thẻ rẻ, chấp nhận)","Ngoài dải — báo cáo")) -> Có
A7: heavy_lift_helicopter | B7: Trực thăng cẩu tháp | C7: Ở lại lâu | D7: ='Tính toán'!G33 -> 8 | E7: ='Tính toán'!L33 -> 2100 | F7: =ROUNDUP(E7/('Hệ số'!$B$14*'Hệ số'!$B$15),0) -> 6 | G7: =ROUNDUP(E7/'Hệ số'!$B$16,0) -> 12 | H7: =ROUNDUP(E7/'Hệ số'!$B$17,0) -> 8 | I7: 8 | J7: 12 | K7: =IF(AND(F7>=I7,F7<=J7),"Có",IF(D7<=8,"Ngoài dải (thẻ rẻ, chấp nhận)","Ngoài dải — báo cáo")) -> Ngoài dải (thẻ rẻ, chấp nhận)
A8: aerial_tanker | B8: Máy bay tiếp dầu | C8: Ở lại lâu | D8: ='Tính toán'!G36 -> 9 | E8: ='Tính toán'!L36 -> 2860 | F8: =ROUNDUP(E8/('Hệ số'!$B$14*'Hệ số'!$B$15),0) -> 7 | G8: =ROUNDUP(E8/'Hệ số'!$B$16,0) -> 17 | H8: =ROUNDUP(E8/'Hệ số'!$B$17,0) -> 10 | I8: 8 | J8: 12 | K8: =IF(AND(F8>=I8,F8<=J8),"Có",IF(D8<=8,"Ngoài dải (thẻ rẻ, chấp nhận)","Ngoài dải — báo cáo")) -> Ngoài dải — báo cáo
A9: twin_rotor_gunship | B9: Pháo hạm trực thăng hai rô-to | C9: Ở lại lâu | D9: ='Tính toán'!G44 -> 18 | E9: ='Tính toán'!L44 -> 4670 | F9: =ROUNDUP(E9/('Hệ số'!$B$14*'Hệ số'!$B$15),0) -> 12 | G9: =ROUNDUP(E9/'Hệ số'!$B$16,0) -> 27 | H9: =ROUNDUP(E9/'Hệ số'!$B$17,0) -> 16 | I9: 8 | J9: 12 | K9: =IF(AND(F9>=I9,F9<=J9),"Có",IF(D9<=8,"Ngoài dải (thẻ rẻ, chấp nhận)","Ngoài dải — báo cáo")) -> Có
A10: gunship_heli | B10: Trực thăng vũ trang bọc giáp | C10: Ở lại lâu | D10: ='Tính toán'!G45 -> 20 | E10: ='Tính toán'!L45 -> 3620 | F10: =ROUNDUP(E10/('Hệ số'!$B$14*'Hệ số'!$B$15),0) -> 9 | G10: =ROUNDUP(E10/'Hệ số'!$B$16,0) -> 21 | H10: =ROUNDUP(E10/'Hệ số'!$B$17,0) -> 13 | I10: 8 | J10: 12 | K10: =IF(AND(F10>=I10,F10<=J10),"Có",IF(D10<=8,"Ngoài dải (thẻ rẻ, chấp nhận)","Ngoài dải — báo cáo")) -> Có
A11: sky_gunship | B11: Pháo hạm bay | C11: Ở lại lâu | D11: ='Tính toán'!G51 -> 29 | E11: ='Tính toán'!L51 -> 4900 | F11: =ROUNDUP(E11/('Hệ số'!$B$14*'Hệ số'!$B$15),0) -> 12 | G11: =ROUNDUP(E11/'Hệ số'!$B$16,0) -> 28 | H11: =ROUNDUP(E11/'Hệ số'!$B$17,0) -> 17 | I11: 8 | J11: 12 | K11: =IF(AND(F11>=I11,F11<=J11),"Có",IF(D11<=8,"Ngoài dải (thẻ rẻ, chấp nhận)","Ngoài dải — báo cáo")) -> Có
A12: heavy_bomber | B12: Oanh tạc cơ chiến lược | C12: Ở lại lâu | D12: ='Tính toán'!G50 -> 29 | E12: ='Tính toán'!L50 -> 4530 | F12: =ROUNDUP(E12/('Hệ số'!$B$14*'Hệ số'!$B$15),0) -> 11 | G12: =ROUNDUP(E12/'Hệ số'!$B$16,0) -> 26 | H12: =ROUNDUP(E12/'Hệ số'!$B$17,0) -> 16 | I12: 8 | J12: 12 | K12: =IF(AND(F12>=I12,F12<=J12),"Có",IF(D12<=8,"Ngoài dải (thẻ rẻ, chấp nhận)","Ngoài dải — báo cáo")) -> Có
A13: scout_heli | B13: Trực thăng trinh sát vũ trang | C13: Cường kích / đi qua | D13: ='Tính toán'!G30 -> 6 | E13: ='Tính toán'!L30 -> 1140 | F13: =ROUNDUP(E13/('Hệ số'!$B$14*'Hệ số'!$B$15),0) -> 3 | G13: =ROUNDUP(E13/'Hệ số'!$B$16,0) -> 7 | H13: =ROUNDUP(E13/'Hệ số'!$B$17,0) -> 4 | I13: 4 | J13: 8 | K13: =IF(AND(F13>=I13,F13<=J13),"Có",IF(D13<=8,"Ngoài dải (thẻ rẻ, chấp nhận)","Ngoài dải — báo cáo")) -> Ngoài dải (thẻ rẻ, chấp nhận)
A14: prop_attack_plane | B14: Máy bay cường kích cánh quạt | C14: Cường kích / đi qua | D14: ='Tính toán'!G35 -> 8 | E14: ='Tính toán'!L35 -> 1050 | F14: =ROUNDUP(E14/('Hệ số'!$B$14*'Hệ số'!$B$15),0) -> 3 | G14: =ROUNDUP(E14/'Hệ số'!$B$16,0) -> 6 | H14: =ROUNDUP(E14/'Hệ số'!$B$17,0) -> 4 | I14: 4 | J14: 8 | K14: =IF(AND(F14>=I14,F14<=J14),"Có",IF(D14<=8,"Ngoài dải (thẻ rẻ, chấp nhận)","Ngoài dải — báo cáo")) -> Ngoài dải (thẻ rẻ, chấp nhận)
A15: light_attack_heli | B15: Trực thăng tấn công hạng nhẹ | C15: Cường kích / đi qua | D15: ='Tính toán'!G34 -> 8 | E15: ='Tính toán'!L34 -> 1280 | F15: =ROUNDUP(E15/('Hệ số'!$B$14*'Hệ số'!$B$15),0) -> 4 | G15: =ROUNDUP(E15/'Hệ số'!$B$16,0) -> 8 | H15: =ROUNDUP(E15/'Hệ số'!$B$17,0) -> 5 | I15: 4 | J15: 8 | K15: =IF(AND(F15>=I15,F15<=J15),"Có",IF(D15<=8,"Ngoài dải (thẻ rẻ, chấp nhận)","Ngoài dải — báo cáo")) -> Có
A16: attack_helicopter | B16: Trực thăng tấn công | C16: Cường kích / đi qua | D16: ='Tính toán'!G38 -> 11 | E16: ='Tính toán'!L38 -> 2220 | F16: =ROUNDUP(E16/('Hệ số'!$B$14*'Hệ số'!$B$15),0) -> 6 | G16: =ROUNDUP(E16/'Hệ số'!$B$16,0) -> 13 | H16: =ROUNDUP(E16/'Hệ số'!$B$17,0) -> 8 | I16: 4 | J16: 8 | K16: =IF(AND(F16>=I16,F16<=J16),"Có",IF(D16<=8,"Ngoài dải (thẻ rẻ, chấp nhận)","Ngoài dải — báo cáo")) -> Có
A17: swarm_carrier | B17: Máy bay mẹ thả drone | C17: Cường kích / đi qua | D17: ='Tính toán'!G43 -> 16 | E17: ='Tính toán'!L43 -> 2400 | F17: =ROUNDUP(E17/('Hệ số'!$B$14*'Hệ số'!$B$15),0) -> 6 | G17: =ROUNDUP(E17/'Hệ số'!$B$16,0) -> 14 | H17: =ROUNDUP(E17/'Hệ số'!$B$17,0) -> 9 | I17: 4 | J17: 8 | K17: =IF(AND(F17>=I17,F17<=J17),"Có",IF(D17<=8,"Ngoài dải (thẻ rẻ, chấp nhận)","Ngoài dải — báo cáo")) -> Có
A18: glide_bomber | B18: Máy bay ném bom lượn tầm xa | C18: Cường kích / đi qua | D18: ='Tính toán'!G46 -> 21 | E18: ='Tính toán'!L46 -> 3010 | F18: =ROUNDUP(E18/('Hệ số'!$B$14*'Hệ số'!$B$15),0) -> 8 | G18: =ROUNDUP(E18/'Hệ số'!$B$16,0) -> 18 | H18: =ROUNDUP(E18/'Hệ số'!$B$17,0) -> 11 | I18: 4 | J18: 8 | K18: =IF(AND(F18>=I18,F18<=J18),"Có",IF(D18<=8,"Ngoài dải (thẻ rẻ, chấp nhận)","Ngoài dải — báo cáo")) -> Có
A19: stealth_naval_strike | B19: Cường kích tàng hình trên hạm | C19: Cường kích / đi qua | D19: ='Tính toán'!G47 -> 22 | E19: ='Tính toán'!L47 -> 2020 | F19: =ROUNDUP(E19/('Hệ số'!$B$14*'Hệ số'!$B$15),0) -> 5 | G19: =ROUNDUP(E19/'Hệ số'!$B$16,0) -> 12 | H19: =ROUNDUP(E19/'Hệ số'!$B$17,0) -> 7 | I19: 4 | J19: 8 | K19: =IF(AND(F19>=I19,F19<=J19),"Có",IF(D19<=8,"Ngoài dải (thẻ rẻ, chấp nhận)","Ngoài dải — báo cáo")) -> Có
A20: attack_jet | B20: Máy bay cường kích | C20: Cường kích / đi qua | D20: ='Tính toán'!G48 -> 23 | E20: ='Tính toán'!L48 -> 2480 | F20: =ROUNDUP(E20/('Hệ số'!$B$14*'Hệ số'!$B$15),0) -> 6 | G20: =ROUNDUP(E20/'Hệ số'!$B$16,0) -> 15 | H20: =ROUNDUP(E20/'Hệ số'!$B$17,0) -> 9 | I20: 4 | J20: 8 | K20: =IF(AND(F20>=I20,F20<=J20),"Có",IF(D20<=8,"Ngoài dải (thẻ rẻ, chấp nhận)","Ngoài dải — báo cáo")) -> Có
A21: stealth_bomber | B21: Oanh tạc cơ tàng hình | C21: Cường kích / đi qua | D21: ='Tính toán'!G49 -> 27 | E21: ='Tính toán'!L49 -> 2640 | F21: =ROUNDUP(E21/('Hệ số'!$B$14*'Hệ số'!$B$15),0) -> 7 | G21: =ROUNDUP(E21/'Hệ số'!$B$16,0) -> 16 | H21: =ROUNDUP(E21/'Hệ số'!$B$17,0) -> 9 | I21: 4 | J21: 8 | K21: =IF(AND(F21>=I21,F21<=J21),"Có",IF(D21<=8,"Ngoài dải (thẻ rẻ, chấp nhận)","Ngoài dải — báo cáo")) -> Có
A22: uav_loiter_strike | B22: UAV lượn tấn công | C22: Drone / trinh sát | D22: ='Tính toán'!G29 -> 0 | E22: ='Tính toán'!L29 -> 550 | F22: =ROUNDUP(E22/('Hệ số'!$B$14*'Hệ số'!$B$15),0) -> 2 | G22: =ROUNDUP(E22/'Hệ số'!$B$16,0) -> 4 | H22: =ROUNDUP(E22/'Hệ số'!$B$17,0) -> 2 | I22: 2 | J22: 4 | K22: =IF(AND(F22>=I22,F22<=J22),"Có",IF(D22<=8,"Ngoài dải (thẻ rẻ, chấp nhận)","Ngoài dải — báo cáo")) -> Có
A23: recon_drone | B23: UAV trinh sát | C23: Drone / trinh sát | D23: ='Tính toán'!G31 -> 7 | E23: ='Tính toán'!L31 -> 840 | F23: =ROUNDUP(E23/('Hệ số'!$B$14*'Hệ số'!$B$15),0) -> 3 | G23: =ROUNDUP(E23/'Hệ số'!$B$16,0) -> 5 | H23: =ROUNDUP(E23/'Hệ số'!$B$17,0) -> 3 | I23: 2 | J23: 4 | K23: =IF(AND(F23>=I23,F23<=J23),"Có",IF(D23<=8,"Ngoài dải (thẻ rẻ, chấp nhận)","Ngoài dải — báo cáo")) -> Có
A24: wingman_drone | B24: Drone hộ vệ | C24: Drone / trinh sát | D24: ='Tính toán'!G32 -> 7 | E24: ='Tính toán'!L32 -> 790 | F24: =ROUNDUP(E24/('Hệ số'!$B$14*'Hệ số'!$B$15),0) -> 2 | G24: =ROUNDUP(E24/'Hệ số'!$B$16,0) -> 5 | H24: =ROUNDUP(E24/'Hệ số'!$B$17,0) -> 3 | I24: 2 | J24: 4 | K24: =IF(AND(F24>=I24,F24<=J24),"Có",IF(D24<=8,"Ngoài dải (thẻ rẻ, chấp nhận)","Ngoài dải — báo cáo")) -> Có
A25: recon_jet | B25: Máy bay trinh sát tốc độ cao | C25: Drone / trinh sát | D25: ='Tính toán'!G37 -> 9 | E25: ='Tính toán'!L37 -> 920 | F25: =ROUNDUP(E25/('Hệ số'!$B$14*'Hệ số'!$B$15),0) -> 3 | G25: =ROUNDUP(E25/'Hệ số'!$B$16,0) -> 6 | H25: =ROUNDUP(E25/'Hệ số'!$B$17,0) -> 4 | I25: 2 | J25: 4 | K25: =IF(AND(F25>=I25,F25<=J25),"Có",IF(D25<=8,"Ngoài dải (thẻ rẻ, chấp nhận)","Ngoài dải — báo cáo")) -> Có
A26: strike_drone | B26: UAV tấn công | C26: Drone / trinh sát | D26: ='Tính toán'!G39 -> 11 | E26: ='Tính toán'!L39 -> 1330 | F26: =ROUNDUP(E26/('Hệ số'!$B$14*'Hệ số'!$B$15),0) -> 4 | G26: =ROUNDUP(E26/'Hệ số'!$B$16,0) -> 8 | H26: =ROUNDUP(E26/'Hệ số'!$B$17,0) -> 5 | I26: 2 | J26: 4 | K26: =IF(AND(F26>=I26,F26<=J26),"Có",IF(D26<=8,"Ngoài dải (thẻ rẻ, chấp nhận)","Ngoài dải — báo cáo")) -> Có

Sheet Pháo sáng
A1: Hồi chiêu hiện tại đọc từ thẻ xe trong PDF (tr. 45–61), agent xác nhận lại trong balance.json (CHECK C05). Đổi hệ giữ nguyên nhịp hồi để không làm yếu đi; số lần dự trữ là phần thêm. Nạp đầy khi về Bãi đáp hoặc sở chỉ huy.
A3: id | B3: Đơn vị | C3: Có pháo sáng (hiện tại) | D3: Hồi chiêu hiện tại (s) | E3: Có pháo sáng (mới) | F3: Số lần dự trữ | G3: Hồi 1 lần (s) | H3: Loại thay đổi | I3: Trạng thái | J3: Đồ trang bị
A4: uav_loiter_strike | B4: UAV lượn tấn công | C4: Không | D4: — | E4: Không | F4: 0 | G4: — | H4: Không đổi | I4: — | J4: Không gắn được Mồi bẫy nhiệt
A5: scout_heli | B5: Trực thăng trinh sát vũ trang | C5: Không | D5: — | E5: Có | F5: 2 | G5: 20 | H5: Thêm mới | I5: APPLY | J5: Đơn vị BUILT_IN gắn Mồi bẫy nhiệt: +1 lần, hồi nhanh hơn 25%
A6: recon_drone | B6: UAV trinh sát | C6: Không | D6: — | E6: Không | F6: 0 | G6: — | H6: Không đổi | I6: — | J6: Không gắn được Mồi bẫy nhiệt
A7: wingman_drone | B7: Drone hộ vệ | C7: Không | D7: — | E7: Không | F7: 0 | G7: — | H7: Không đổi | I7: — | J7: Không gắn được Mồi bẫy nhiệt
A8: heavy_lift_helicopter | B8: Trực thăng cẩu tháp | C8: Không | D8: — | E8: Có | F8: 3 | G8: 20 | H8: Thêm mới | I8: APPLY | J8: Đơn vị BUILT_IN gắn Mồi bẫy nhiệt: +1 lần, hồi nhanh hơn 25%
A9: light_attack_heli | B9: Trực thăng tấn công hạng nhẹ | C9: Không | D9: — | E9: Có | F9: 2 | G9: 20 | H9: Thêm mới | I9: APPLY | J9: Đơn vị BUILT_IN gắn Mồi bẫy nhiệt: +1 lần, hồi nhanh hơn 25%
A10: prop_attack_plane | B10: Máy bay cường kích cánh quạt | C10: Không | D10: — | E10: Có | F10: 2 | G10: 20 | H10: Thêm mới | I10: APPLY | J10: Đơn vị BUILT_IN gắn Mồi bẫy nhiệt: +1 lần, hồi nhanh hơn 25%
A11: aerial_tanker | B11: Máy bay tiếp dầu | C11: Không | D11: — | E11: Có | F11: 3 | G11: 20 | H11: Thêm mới | I11: APPLY | J11: Đơn vị BUILT_IN gắn Mồi bẫy nhiệt: +1 lần, hồi nhanh hơn 25%
A12: recon_jet | B12: Máy bay trinh sát tốc độ cao | C12: Không | D12: — | E12: Không | F12: 0 | G12: — | H12: Không đổi | I12: — | J12: Không gắn được Mồi bẫy nhiệt
A13: attack_helicopter | B13: Trực thăng tấn công | C13: Có | D13: 20 | E13: Có | F13: 2 | G13: 20 | H13: Đổi hệ | I13: APPLY | J13: Đơn vị BUILT_IN gắn Mồi bẫy nhiệt: +1 lần, hồi nhanh hơn 25%
A14: strike_drone | B14: UAV tấn công | C14: Không | D14: — | E14: Không | F14: 0 | G14: — | H14: Không đổi | I14: — | J14: Không gắn được Mồi bẫy nhiệt
A15: fighter_jet | B15: Tiêm kích | C15: Có | D15: 16 | E15: Có | F15: 2 | G15: 16 | H15: Đổi hệ | I15: APPLY | J15: Đơn vị BUILT_IN gắn Mồi bẫy nhiệt: +1 lần, hồi nhanh hơn 25%
A16: interceptor_jet | B16: Tiêm kích đánh chặn | C16: Có | D16: 16 | E16: Có | F16: 2 | G16: 16 | H16: Đổi hệ | I16: APPLY | J16: Đơn vị BUILT_IN gắn Mồi bẫy nhiệt: +1 lần, hồi nhanh hơn 25%
A17: stealth_fighter | B17: Tiêm kích tàng hình | C17: Có | D17: 16 | E17: Có | F17: 2 | G17: 16 | H17: Đổi hệ | I17: APPLY | J17: Đơn vị BUILT_IN gắn Mồi bẫy nhiệt: +1 lần, hồi nhanh hơn 25%
A18: swarm_carrier | B18: Máy bay mẹ thả drone | C18: Có | D18: 11 | E18: Có | F18: 3 | G18: 11 | H18: Đổi hệ | I18: APPLY | J18: Đơn vị BUILT_IN gắn Mồi bẫy nhiệt: +1 lần, hồi nhanh hơn 25%
A19: twin_rotor_gunship | B19: Pháo hạm trực thăng hai rô-to | C19: Không | D19: — | E19: Có | F19: 3 | G19: 20 | H19: Thêm mới | I19: APPLY | J19: Đơn vị BUILT_IN gắn Mồi bẫy nhiệt: +1 lần, hồi nhanh hơn 25%
A20: gunship_heli | B20: Trực thăng vũ trang bọc giáp | C20: Có | D20: 20 | E20: Có | F20: 2 | G20: 20 | H20: Đổi hệ | I20: APPLY | J20: Đơn vị BUILT_IN gắn Mồi bẫy nhiệt: +1 lần, hồi nhanh hơn 25%
A21: glide_bomber | B21: Máy bay ném bom lượn tầm xa | C21: Có | D21: 11 | E21: Có | F21: 2 | G21: 11 | H21: Đổi hệ | I21: APPLY | J21: Đơn vị BUILT_IN gắn Mồi bẫy nhiệt: +1 lần, hồi nhanh hơn 25%
A22: stealth_naval_strike | B22: Cường kích tàng hình trên hạm | C22: Không | D22: — | E22: Không | F22: 0 | G22: — | H22: Không đổi | I22: — | J22: Không gắn được Mồi bẫy nhiệt
A23: attack_jet | B23: Máy bay cường kích | C23: Có | D23: 16 | E23: Có | F23: 2 | G23: 16 | H23: Đổi hệ | I23: APPLY | J23: Đơn vị BUILT_IN gắn Mồi bẫy nhiệt: +1 lần, hồi nhanh hơn 25%
A24: stealth_bomber | B24: Oanh tạc cơ tàng hình | C24: Có | D24: 11 | E24: Không | F24: 0 | G24: — | H24: Bỏ (theo luật mẫu thật) | I24: APPLY | J24: Không gắn được Mồi bẫy nhiệt
A25: heavy_bomber | B25: Oanh tạc cơ chiến lược | C25: Có | D25: 11 | E25: Có | F25: 3 | G25: 11 | H25: Đổi hệ | I25: APPLY | J25: Đơn vị BUILT_IN gắn Mồi bẫy nhiệt: +1 lần, hồi nhanh hơn 25%
A26: sky_gunship | B26: Pháo hạm bay | C26: Có | D26: 11 | E26: Có | F26: 3 | G26: 11 | H26: Đổi hệ | I26: APPLY | J26: Đơn vị BUILT_IN gắn Mồi bẫy nhiệt: +1 lần, hồi nhanh hơn 25%

Sheet APS
A1: SELF_APS chỉ bảo vệ chính xe; POINT_DEFENSE bảo vệ cả vùng. Dùng chung engine chặn đạn, khác profile cân bằng và khác luật đồ trang bị. Số hiện tại lấy từ PDF tr. 81, 85, 183–187, 206–228.
A3: id | B3: Thực thể | C3: Nhãn hiện tại | D3: Loại đúng | E3: Hiện tại: lần / hồi / bán kính | F3: Chặn rốc-két pháo binh (hiện tại) | G3: Chặn đạn pháo (hiện tại) | H3: Mới: loại · khả năng | I3: Mới: lần / hồi / bán kính | J3: Chặn rốc-két pháo binh (mới) | K3: Chặn đạn pháo (mới) | L3: Trạng thái | M3: Ghi chú
A4: next_gen_tank | B4: Tăng thế hệ mới (T-14) | C4: APS | D4: SELF_APS | E4: 2 / 1,2 s / 20 m | F4: Có | G4: 50% | H4: SELF_APS · BUILT_IN | I4: 2 / 10 s / 20 m | J4: Không | K4: 0% | L4: APPLY | M4: Baseline dot2 v1 ghi "—" là sai: xe đã có APS
A5: titan_tank | B5: Siêu tăng | C5: — (chỉ có trong dòng Tham khảo) | D5: — | E5: — | F5: — | G5: — | H5: SELF_APS · BUILT_IN | I5: 3 / 10 s / 20 m | J5: Không | K5: 0% | L5: APPLY | M5: Hệ mới (quyết định thiết kế)
A6: main_battle_tank | B6: Tăng chủ lực | C6: — | D6: — | E6: — | F6: — | G6: — | H6: RETROFIT_ELIGIBLE | I6: Trophy: 2 / 20 s | J6: Không | K6: 0% | L6: APPLY | M6: M1A2 SEPv2, Leopard 2A8 có Trophy
A7: heavy_tank | B7: Tăng hạng nặng | C7: — | D7: — | E7: — | F7: — | G7: — | H7: NONE | I7: — | J7: — | K7: — | L7: APPLY | M7: Object 195 nguyên mẫu; giữ điểm yếu trước tên lửa
A8: (các xe còn lại) | B8: Tăng mái che, Tăng hai nòng, Xe công sự, Xe ủi bọc thép… | C8: — | D8: — | E8: — | F8: — | G8: — | H8: NONE | I8: — | J8: — | K8: — | L8: APPLY
A9: iron_beam | B9: Xe la-de phòng không | C9: APS | D9: POINT_DEFENSE | E9: 1 / 0,8 s / 30 m | F9: Có | G9: 30% | H9: POINT_DEFENSE | I9: 1 / (0,8 hoặc 1,2 s: CHECK C07) / 30 m | J9: Có | K9: 0% | L9: APPLY | M9: Mô tả: "đạn pháo và đạn súng bay qua được"; bảng khắc chế: la-de chỉ thêm rốc-két pháo binh
A10: laser_ad_station | B10: Tháp la-de phòng không cố định | C10: APS | D10: POINT_DEFENSE | E10: 1 / 0,8 s / 40 m | F10: Có | G10: 50% | H10: POINT_DEFENSE | I10: 1 / 0,8 s / 40 m | J10: Có | K10: 0% | L10: APPLY | M10: Theo bảng khắc chế (la-de không chặn đạn pháo)
A11: c_ram | B11: Trạm C-RAM | C11: APS | D11: POINT_DEFENSE | E11: 4 / 0,6 s / 35 m | F11: Có | G11: 30% | H11: POINT_DEFENSE | I11: Giữ nguyên | J11: Có | K11: Giữ 30% | L11: — | M11: Bảng khắc chế: C-RAM chặn một phần đạn pháo
A12: c_ram.centurion | B12: C-RAM · Centurion | C12: APS | D12: POINT_DEFENSE | E12: 5 / 0,4 s / 35 m | F12: Có | G12: 40% | H12: POINT_DEFENSE | I12: Giữ nguyên | J12: Có | K12: Giữ 40% | L12: —
A13: (boss) | B13: Behemoth, Behemoth Mk.II, Tempest, Scylla, Nyx, Charybdis, Icarus Mk.0, Leviathan, Kraken, Daedalus, Bọ Bạc, Hyperion | C13: APS | D13: Chưa phân loại | E13: Khác nhau (2–3 lần, hồi 1,4–4 s) | F13: — | G13: — | H13: BOSS_SELF_APS hoặc POINT_DEFENSE | I13: Giữ nguyên số | J13: — | K13: — | L13: CHECK | M13: C06: ánh xạ id và phân loại; không chuẩn hóa về profile xe người chơi

Sheet Vũ khí dùng chung
A1: Ghép xe–vũ khí lấy từ sheet "Đơn vị – vũ khí" của đợt 1 (ghép bằng script, có thể lệch; CHECK C09). Kết luận không phụ thuộc chi tiết: sửa vũ khí dùng chung để đạt DPS một xe là sai.
A3: Vũ khí | B3: Số xe mang | C3: Các xe | D3: Hệ số cần (theo v2) | E3: Xung đột nếu sửa vũ khí | F3: Cách xử lý
A4: mg_coax | B4: 11 | C4: armored_car, bmpt, bunker_vehicle, flame_tank, ifv, light_tank, main_battle_tank, titan_tank, turtle_tank, twin_tank, wheeled_gun | D4: 1.000, 1.143, 1.167, 1.200, 1.268, 1.469 | E4: Có | F4: outgoingDamageMult ở từng xe; vũ khí giữ nguyên
A5: hmg_selfdef_15 | B5: 11 | C5: ammo_carrier, artillery, command_vehicle, counter_battery_radar, engineer_vehicle, ew_jammer, lancet_truck, mine_layer, shahed_truck, shield_carrier, smoke_carrier | D5: 1.000, 1.125, 1.143, 1.167, 1.200 | E5: Có | F5: outgoingDamageMult ở từng xe; vũ khí giữ nguyên
A6: hmg_roof | B6: 7 | C6: armored_bulldozer, heavy_tank, main_battle_tank, tank_destroyer, titan_tank, twin_tank, wheeled_gun | D6: 1.143, 1.167, 1.268, 1.354, 1.469 | E6: Có | F6: outgoingDamageMult ở từng xe; vũ khí giữ nguyên
A7: hmg_selfdef_18 | B7: 3 | C7: fpv_carrier, mortar_carrier, thermobaric_launcher | D7: 1.000, 1.167, 1.222 | E7: Có | F7: outgoingDamageMult ở từng xe; vũ khí giữ nguyên
A8: atgm | B8: 2 | C8: ifv, titan_tank | D8: 1.167, 1.469 | E8: Có | F8: outgoingDamageMult ở từng xe; vũ khí giữ nguyên
A9: mg_jeep | B9: 2 | C9: scout_jeep, supply_truck | D9: 1.000 | E9: Không | F9: outgoingDamageMult ở từng xe; vũ khí giữ nguyên
A10: gun_120mm | B10: 2 | C10: main_battle_tank, turtle_tank | D10: 1.143 | E10: Không | F10: outgoingDamageMult ở từng xe; vũ khí giữ nguyên
A11: sam | B11: 2 | C11: aa_vehicle, heavy_aa | D11: 1.000, 1.143 | E11: Có | F11: outgoingDamageMult ở từng xe; vũ khí giữ nguyên
A12: guided_bomb | B12: 2 | C12: stealth_fighter, strike_drone | D12: 1.268, 1.354 | E12: Có | F12: outgoingDamageMult ở từng xe; vũ khí giữ nguyên
A13: air_to_air | B13: 2 | C13: fighter_jet, stealth_fighter | D13: 1.354, 1.359 | E13: Có | F13: outgoingDamageMult ở từng xe; vũ khí giữ nguyên
A14: fighter_cannon | B14: 2 | C14: fighter_jet, stealth_fighter | D14: 1.354, 1.359 | E14: Có | F14: outgoingDamageMult ở từng xe; vũ khí giữ nguyên
A15: jassm | B15: 2 | C15: stealth_bomber, swarm_carrier | D15: 1.231, 1.286 | E15: Có | F15: outgoingDamageMult ở từng xe; vũ khí giữ nguyên

Sheet Gungnir
A1: Mục | B1: Hiện tại | C1: v2 (D1)
A2: Phân loại | B2: mini (tr. 168) | C2: Boss chủ lực
A3: Máu | B3: 50.654 | C3: Theo công thức boss chủ lực chương 11 (P × t × 0,6; t nội suy 2,5 → 4 phút ≈ 3,86 phút)
A4: Siêu vũ khí | B4: Có (vi phạm luật mini boss) | C4: Có, đúng luật
A5: Chu kỳ | B5: 25 s | C5: 45 s
A6: Nhắm | B6: Tầm 400 m (không phủ hết map 300×480, đường chéo ≈ 566 m) | C6: targetingMode = GLOBAL
A7: Cảnh báo | B7: 3 s vòng đỏ | C7: 3 s, vẽ cả đường ngắm xuyên tuyến
A8: Đòn (dữ liệu) | B8: supergun_800: nổ mạnh 900, lõi 12 m, rìa 20 m | C8: Xuyên tuyến tối đa 5 xe × 1.000, nổ ở xe cuối 2.000 lõi 12 m, rìa 20 m (40%)
A9: Đòn (mô tả) | B9: Pháo điện từ xuyên 5 xe × 1.000; nổ cuối 2.000 | C9: Giữ mô tả làm chuẩn
A10: Cờ | B10: — | C10: canHitAir=false, interceptable=false, flareEligible=false, apsEligible=false
A11: Ảnh hưởng khác | B11: — | C11: Săn trùm: 16 → 17 boss chủ lực, 25 → 24 mini (CHECK C11 cách chọn 7 mini + 3 chủ lực)
A12: Cần viết code | B12: — | C12: Có (đòn xuyên tuyến, nhắm toàn map)

Sheet CHECK
A1: CHECK chỉ đọc và báo cáo. Không sửa dữ liệu trong cùng lượt.
A3: check_id | B3: Đọc gì | C3: Câu hỏi | D3: Ghi kết quả vào | E3: Gói bị chặn
A4: C01 | B4: balance.json, campaign.json, lớp đọc dữ liệu | C4: Ánh xạ mọi field_path logic trong Manifest sang khóa thật | D4: docs/balance_field_map.md | E4: Mọi gói
A5: C02 | B5: Hàm tính giá trị quân, ngưỡng tiếp tế, phạt thu nhập, hoàn CP, bắt kịp, ghi đè theo chế độ | C5: 20 câu hỏi ở review vòng cuối mục 14 (baseCP hay chi phí gọi; ground/air/0 CP/triệu hồi/viện quân/đồng minh có tính không; xe đang thả dù, máy bay ở vòng chờ hoặc đang về; thứ tự áp hệ số; −75% đạt ở đâu; đường phạt tuyến tính/bậc/cong; hoàn CP theo giá nào, có trần không; bắt kịp áp trước hay sau tiếp tế; thứ tự trong cùng tick); thêm: ngưỡng có cộng theo kho CP của chế độ không | D5: docs/checks/supply_report.md | E5: E2
A6: C03 | B6: Định nghĩa thẻ của supply_truck, hover_gunboat, uav_loiter_strike; thẻ hỗ trợ uav_loiter_strike_support | C6: Có vào được bộ bài không; dòng "mua sớm 300 xu" có phải văn bản sinh tự động không; UAV do thẻ hỗ trợ sinh ra có tính trần quân, trần máy bay, tiếp tế không | D6: docs/checks/zero_cp.md | E6: —
A7: C04 | B7: Mọi nơi sinh thực thể | C7: Liệt kê nguồn ở sheet Ngân sách thực thể: đã có giới hạn hay chưa, giới hạn ở đâu | D7: docs/checks/entity_budget.md | E7: —
A8: C05 | B8: Dữ liệu pháo sáng của 23 máy bay/trực thăng | C8: Xác nhận cột "Hồi chiêu hiện tại" ở sheet Pháo sáng; nếu lệch thì gói B2-FLR tương ứng CONFLICT | D8: docs/checks/flare_baseline.md | E8: B2-FLR-*
A9: C06 | B9: Mã APS và mọi thực thể có "APS:" trong tài liệu | C9: Một hay nhiều đường code; ánh xạ id boss; phân loại SELF_APS / POINT_DEFENSE / BOSS_SELF_APS | D9: docs/checks/aps_audit.md | E9: B2-APS-*
A10: C07 | B10: iron_beam | C10: Hồi 0,8 s (dữ liệu) hay 1,2 s (mô tả): báo giá trị trong dữ liệu; không tự đổi | D10: docs/checks/aps_audit.md | E10: B2-APS (iron_beam)
A11: C08 | B11: Lịch sử commit đợt 1 | C11: Truy từng thay đổi "ngoài dự kiến" (swarm_carrier 3.080 → 1.390, gunship_heli 3.080 → 2.600, wheeled_gun 1.914 → 1.500, sam_launcher 1.760 → 1.300, các tốc độ…) về dòng đợt 1 đã gây ra và trạng thái của dòng đó | D11: docs/checks/round1_trace.md | E11: —
A12: C09 | B12: Ghép xe–vũ khí | C12: Bỏ ghép mờ; build báo lỗi nếu còn vũ khí chưa khớp hoặc khớp mơ hồ (Khrizantema, súng phun lửa lô cốt) | D12: Test + docs/checks/weapon_map.md | E12: S03
A13: C10 | B13: Bảng hệ số loại sát thương với máy bay | C13: Hệ số thực của Buk, PK nhẹ, tên lửa tiêm kích với máy bay giáp 0; cập nhật sheet Hệ số nếu khác 1,3 | D13: docs/checks/aa_multipliers.md | E13: B1 (máy bay)
A14: C11 | B14: Săn trùm | C14: Cách chọn boss tuần (7 mini + 3 chủ lực) sau khi Gungnir thành chủ lực; công thức máu boss chương 11 | D14: docs/checks/boss_hunt.md | E14: G1
... A19: C15 | B19: Giảm giá theo hạng thẻ | C19: Mọi chỗ đang dùng giá sau giảm để phân nhóm, tính tiếp tế hoặc hoàn CP | D19: docs/checks/runtime_cost.md | E19: S04

Sheet Ngân sách thực thể
A1: Kiến trúc: thực thể sống lâu trừ vào ngân sách chung mỗi phe; thực thể ngắn dùng pool riêng. Không đặt con số mới khi chưa đo hiệu năng.
A3: Nguồn | B3: Loại | C3: Đã có giới hạn | D3: Giới hạn | E3: Nguồn tin
A4: Quân mặt đất thường | B4: Sống lâu | C4: Có | D4: 32 mỗi phe (48 ở chiến dịch lớn) | E4: PDF tr. 18, 266
A5: Máy bay | B5: Sống lâu | C5: Có | D5: 6 mỗi phe | E5: PDF tr. 266
A6: Drone hộ vệ | B6: Sống lâu | C6: Có | D6: Tối đa 4, ngoài trần máy bay | E6: PDF tr. 46
A7: Viện quân | B7: Sống lâu | C7: Có | D7: 16 địch, 10 Accord | E7: PDF tr. 29
A8: Hỗ trợ "Thêm kíp lái" | B8: Sống lâu | C8: Có | D8: +6 quân (Săn trùm) | E8: PDF tr. 169
A9: Sinh tồn / Vô tận | B9: Sống lâu | C9: Có | D9: 48 cùng lúc | E9: PDF tr. 25
A10: Quân chỉ huy đồng minh | B10: Sống lâu | C10: Chưa rõ | D10: Không thấy trần trong PDF | E10: CHECK C04
A11: Boss, mini boss từ mutator, hộ tống boss | B11: Sống lâu | C11: Chưa rõ | D11: — | E11: CHECK C04
A12: UAV từ thẻ hỗ trợ | B12: Sống lâu | C12: Chưa rõ | D12: — | E12: CHECK C03
A13: Robot con của Xe chỉ huy robot | B13: Sống lâu | C13: Chưa làm | D13: Phải dành chỗ trước khi làm | E13: PDF tr. 43
A14: Drone FPV (Máy bay mẹ, xe phóng FPV, nhà chứa) | B14: Ngắn | C14: Chưa rõ | D14: — | E14: CHECK C04
... A16: Số đo hiệu năng cũ | B16: — | C16: — | D16: 48 xe địch: 4,4 ms trung bình, p99 15,3 ms (máy bàn quy đổi ×6, không có hash) = Lịch sử đo | E16: PDF tr. 18

Sheet So với v1
A1: Mục | B1: dot2 v1 | C1: dot2 v2
A2: Cột trạng thái | B2: Không có (chỉ Ưu tiên) | C2: Manifest có status FIX/APPLY/DECIDE/HOLD/CHECK/REJECT
A3: Làm tròn | B3: Lẫn round() Python và Excel ROUND (12 vs 13) | C3: ROUND_HALF_UP: Xe tên lửa chống hạm bờ biển và Xe pháo điện từ 10 → 13 CP; máu tính lại
A4: Thưởng sức mạnh | B4: 9–15 CP +10%, ≥ 16 CP +15% (bậc cứng) | C4: Đường C 1,25%/CP trên 8, trần 15%
A5: Cách đạt DPS | B5: Sửa nhịp, băng, nạp của vũ khí | C5: outgoingDamageMult theo xe; vũ khí dùng chung không đổi
A6: Đơn vị nổ lan | B6: Nhận cả thưởng | C6: Phần thưởng tách sang B5 (HOLD)
A7: Pháo hạm bay | B7: 6.000 máu, gộp với sửa lỗi | C7: B0: 4.400 @22 (FIX); B1: 29 CP, 4.900 máu, phụ thuộc B2 pháo sáng và B3 bỏ rút
A8: Pháo phản lực nhiệt áp | B8: 1.700 | C8: FIX 1.980 @9, rồi 2.490 @11
A9: Pháo cối công thành | B9: 2.200 | C9: FIX 3.300 @12, rồi 4.270 @15
A10: Trực thăng vũ trang bọc giáp | B10: 3.810 (sàn 85%) | C10: 3.620 theo công thức giá; bỏ sàn
A11: Tốc độ 4 xe | B11: 8 / 11 / 5,5 / 5,5 | C11: FIX về 9 / 13 / 6,5 / 7
A12: Tầm Gungnir | B12: 400 → 180 | C12: REJECT; G1 nâng Gungnir lên chủ lực, nhắm GLOBAL
... A18: Ngưỡng tiếp tế | B18: 25 → 29,2 | C18: HOLD tới khi có C02
